Built from '6000.3/staging' branch; Version is '6000.3.8f1 (1c7db571dde0) revision 1867189'; Using compiler version '194234433'; Build Type 'Release'
OS: 'Windows 11  (10.0.26200) CoreSingleLanguage' Language: 'es' Physical Memory: 7975 MB
BatchMode: 1, IsHumanControllingUs: 0, StartBugReporterOnCrash: 0, Is64bit: 1
System  architecture: x64
Process architecture: x64
Date: 2026-02-25T16:21:22Z
[Licensing::Module] Trying to connect to existing licensing client channel...
[Licensing::IpcConnector] Successfully connected to: "LicenseClient-jeron" at "2026-02-25T16:21:22.293432Z"

COMMAND LINE ARGUMENTS:
C:\Program Files\Unity\Hub\Editor\6000.3.8f1\Editor\Unity.exe
-adb2
-batchMode
-noUpm
-name
AssetImportWorker1
-projectPath
C:/Users/jeron/Desktop/Unity/Proyectos/Juego
-logFile
Logs/AssetImportWorker1.log
-srvPort
58056
-job-worker-count
3
-background-job-worker-count
8
-gc-helper-count
1
-name
AssetImport
Successfully changed project path to: C:/Users/jeron/Desktop/Unity/Proyectos/Juego
C:/Users/jeron/Desktop/Unity/Proyectos/Juego
[UnityMemory] Configuration Parameters - Can be set up in boot.config
    "memorysetup-temp-allocator-size-nav-mesh-worker=65536"
    "memorysetup-temp-allocator-size-audio-worker=65536"
    "memorysetup-temp-allocator-size-gfx=262144"
    "memorysetup-allocator-temp-initial-block-size-main=262144"
    "memorysetup-allocator-temp-initial-block-size-worker=262144"
    "memorysetup-temp-allocator-size-background-worker=32768"
    "memorysetup-temp-allocator-size-job-worker=262144"
    "memorysetup-temp-allocator-size-preload-manager=33554432"
    "memorysetup-temp-allocator-size-gi-baking-worker=262144"
    "memorysetup-temp-allocator-size-gi-baking-worker=262144"
    "memorysetup-temp-allocator-size-gi-baking-worker=262144"
    "memorysetup-temp-allocator-size-gi-baking-worker=262144"
    "memorysetup-temp-allocator-size-gi-baking-worker=262144"
    "memorysetup-bucket-allocator-granularity=16"
    "memorysetup-bucket-allocator-bucket-count=8"
    "memorysetup-bucket-allocator-block-size=33554432"
    "memorysetup-bucket-allocator-block-count=8"
    "memorysetup-main-allocator-block-size=16777216"
    "memorysetup-thread-allocator-block-size=16777216"
    "memorysetup-gfx-main-allocator-block-size=16777216"
    "memorysetup-gfx-thread-allocator-block-size=16777216"
    "memorysetup-cache-allocator-block-size=4194304"
    "memorysetup-typetree-allocator-block-size=2097152"
    "memorysetup-profiler-bucket-allocator-granularity=16"
    "memorysetup-profiler-bucket-allocator-bucket-count=8"
    "memorysetup-profiler-bucket-allocator-block-size=33554432"
    "memorysetup-profiler-bucket-allocator-block-count=8"
    "memorysetup-profiler-allocator-block-size=16777216"
    "memorysetup-profiler-editor-allocator-block-size=1048576"
    "memorysetup-temp-allocator-size-main=16777216"
    "memorysetup-job-temp-allocator-block-size=2097152"
    "memorysetup-job-temp-allocator-block-size-background=1048576"
    "memorysetup-job-temp-allocator-reduction-small-platforms=262144"
    "memorysetup-temp-allocator-size-cloud-worker=32768"
Player connection [12916]  Target information:

Player connection [12916]  * "[IP] 192.168.1.63 [Port] 0 [Flags] 2 [Guid] 1119644694 [EditorId] 1119644694 [Version] 1048832 [Id] WindowsEditor(7,JeroPC) [Debug] 1 [PackageName] WindowsEditor [ProjectName] Editor" 

Player connection [12916] Host joined multi-casting on [225.0.0.222:54997]...
Player connection [12916] Host joined alternative multi-casting on [225.0.0.222:34997]...
JobSystem: Creating JobQueue using job-worker-count value 3
Input System module state changed to: Initialized.
[Physics::Module] Initialized fallback backend.
[Physics::Module] Id: 0xdecafbad
Library Redirect Path: Library/
[Physics::Module] Selected backend.
[Physics::Module] Name: PhysX
[Physics::Module] Id: 0xf2b8ea05
[Physics::Module] SDK Version: 4.1.2
[Physics::Module] Integration Version: 1.0.0
[Physics::Module] Threading Mode: Multi-Threaded
Refreshing native plugins compatible for Editor in 19.56 ms, found 3 plugins.
Preloading 0 native plugins for Editor in 0.00 ms.
Initialize engine version: 6000.3.8f1 (1c7db571dde0)
[Subsystems] Discovering subsystems at path C:/Program Files/Unity/Hub/Editor/6000.3.8f1/Editor/Data/Resources/UnitySubsystems
[Subsystems] Discovering subsystems at path C:/Users/jeron/Desktop/Unity/Proyectos/Juego/Assets
GfxDevice: creating device client; kGfxThreadingModeNonThreaded
Direct3D:
    Version:  Direct3D 11.0 [level 11.1]
    Renderer: NVIDIA GeForce GTX 1650 (ID=0x1f9d)
    Vendor:   NVIDIA
    VRAM:     3938 MB
    Driver:   32.0.15.9186
Initialize mono
Mono path[0] = 'C:/Program Files/Unity/Hub/Editor/6000.3.8f1/Editor/Data/Managed'
Mono path[1] = 'C:/Program Files/Unity/Hub/Editor/6000.3.8f1/Editor/Data/MonoBleedingEdge/lib/mono/unityjit-win32'
Mono config path = 'C:/Program Files/Unity/Hub/Editor/6000.3.8f1/Editor/Data/MonoBleedingEdge/etc'
Using monoOptions --debugger-agent=transport=dt_socket,embedding=1,server=y,suspend=n,address=127.0.0.1:56084
Begin MonoManager ReloadAssembly
Registering precompiled unity dll's ...
Register platform support module: C:/Program Files/Unity/Hub/Editor/6000.3.8f1/Editor/Data/PlaybackEngines/WebGLSupport/UnityEditor.WebGL.Extensions.dll
Register platform support module: C:/Program Files/Unity/Hub/Editor/6000.3.8f1/Editor/Data/PlaybackEngines/WindowsStandaloneSupport/UnityEditor.WindowsStandalone.Extensions.dll
Registered in 0.043632 seconds.
[Licensing::Client] Handshaking with LicensingClient:
  Version:                 1.17.4+4293ba1
  Session Id:              309c713488f4411393bf61b70812cb00
  Correlation Id:          6af417876d0db82690f16b290efed9ea
  External correlation Id: 8074705790047847039
  Machine Id:              CNCFTM8CpHHBqjuOvDec0QuTTpU=
[Licensing::Module] Successfully connected to LicensingClient on channel: "LicenseClient-jeron" (connect: 0.00s, validation: 0.01s, handshake: 6.68s)
[Licensing::IpcConnector] Successfully connected to: "LicenseClient-jeron-notifications" at "2026-02-25T16:21:28.9842328Z"
[Licensing::Module] Licensing Background thread has ended after 6.69s
- Loaded All Assemblies, in  4.514 seconds
Native extension for WindowsStandalone target not found
Native extension for WebGL target not found
ScheduleIndexationOnStartup MainProcess:False IndexOnStartup:False
Mono: successfully reloaded assembly
- Finished resetting the current domain, in  3.951 seconds
Domain Reload Profiling: 8458ms
	BeginReloadAssembly (1945ms)
		ExecutionOrderSort (0ms)
		DisableScriptedObjects (0ms)
		BackupInstance (0ms)
		ReleaseScriptingObjects (0ms)
		CreateAndSetChildDomain (20ms)
	RebuildCommonClasses (770ms)
	RebuildNativeTypeToScriptingClass (184ms)
	initialDomainReloadingComplete (513ms)
	LoadAllAssembliesAndSetupDomain (1095ms)
		LoadAssemblies (1945ms)
		RebuildTransferFunctionScriptingTraits (0ms)
		AnalyzeDomain (980ms)
			TypeCache.Refresh (975ms)
				TypeCache.ScanAssembly (925ms)
			BuildScriptInfoCaches (0ms)
			ResolveRequiredComponents (1ms)
	FinalizeReload (3952ms)
		ReleaseScriptCaches (0ms)
		RebuildScriptCaches (0ms)
		SetupLoadedEditorAssemblies (3753ms)
			LogAssemblyErrors (0ms)
			InitializePlatformSupportModulesInManaged (206ms)
			SetLoadedEditorAssemblies (35ms)
			BeforeProcessingInitializeOnLoad (890ms)
			ProcessInitializeOnLoadAttributes (2108ms)
			ProcessInitializeOnLoadMethodAttributes (512ms)
			AfterProcessingInitializeOnLoad (0ms)
			EditorAssembliesLoaded (2ms)
		ExecutionOrderSort2 (0ms)
		AwakeInstancesAfterBackupRestoration (0ms)
========================================================================
Worker process is ready to serve import requests
Import Worker Mode flag is 0x00
Begin MonoManager ReloadAssembly
[Licensing::Client] Successfully resolved entitlement details
[Licensing::Module] License group:
  Id: 4674143045467-UnityPersXXXX
  Product: Unity Personal
  Type: Assigned
  Expiration: Unlimited
- Loaded All Assemblies, in  8.225 seconds
Refreshing native plugins compatible for Editor in 4.49 ms, found 3 plugins.
Native extension for WindowsStandalone target not found
Native extension for WebGL target not found
Package Manager log level set to [2]
[Package Manager] Failed to launch server process. Reason: Unity was launched with the -noUpm command-line argument
[Package Manager] Unable to send message (not connected to server process).
[Package Manager] Cannot connect to Unity Package Manager local server
ScheduleIndexationOnStartup MainProcess:False IndexOnStartup:False
Mono: successfully reloaded assembly
- Finished resetting the current domain, in  6.169 seconds
Domain Reload Profiling: 14312ms
	BeginReloadAssembly (2310ms)
		ExecutionOrderSort (0ms)
		DisableScriptedObjects (66ms)
		BackupInstance (0ms)
		ReleaseScriptingObjects (0ms)
		CreateAndSetChildDomain (582ms)
	RebuildCommonClasses (589ms)
	RebuildNativeTypeToScriptingClass (248ms)
	initialDomainReloadingComplete (509ms)
	LoadAllAssembliesAndSetupDomain (4485ms)
		LoadAssemblies (4247ms)
		RebuildTransferFunctionScriptingTraits (0ms)
		AnalyzeDomain (1668ms)
			TypeCache.Refresh (1093ms)
				TypeCache.ScanAssembly (975ms)
			BuildScriptInfoCaches (528ms)
			ResolveRequiredComponents (34ms)
	FinalizeReload (6171ms)
		ReleaseScriptCaches (0ms)
		RebuildScriptCaches (0ms)
		SetupLoadedEditorAssemblies (5105ms)
			LogAssemblyErrors (0ms)
			InitializePlatformSupportModulesInManaged (6ms)
			SetLoadedEditorAssemblies (16ms)
			BeforeProcessingInitializeOnLoad (1401ms)
			ProcessInitializeOnLoadAttributes (3131ms)
			ProcessInitializeOnLoadMethodAttributes (531ms)
			AfterProcessingInitializeOnLoad (18ms)
			EditorAssembliesLoaded (1ms)
		ExecutionOrderSort2 (0ms)
		AwakeInstancesAfterBackupRestoration (21ms)
Launched and connected shader compiler UnityShaderCompiler.exe after 0.09 seconds
Refreshing native plugins compatible for Editor in 12.16 ms, found 3 plugins.
Preloading 0 native plugins for Editor in 0.00 ms.
Unloading 16 Unused Serialized files (Serialized files now loaded: 0)
Unloading 6182 unused Assets / (6.0 MB). Loaded Objects now: 6980.
Memory consumption went from 141.5 MB to 135.5 MB.
Total: 100.997000 ms (FindLiveObjects: 12.430900 ms CreateObjectMapping: 4.426600 ms MarkObjects: 54.254600 ms  DeleteObjects: 29.880900 ms)

========================================================================
Received Import Request.
  Time since last request: 94013.510658 seconds.
  path: Assets/InputSystem_Actions.inputactions
  artifactKey: Guid(052faaac586de48259a63d0c4782560b) Importer(815301076,1909f56bfc062723c751e8b465ee728b)
Start importing Assets/InputSystem_Actions.inputactions using Guid(052faaac586de48259a63d0c4782560b) Importer(815301076,1909f56bfc062723c751e8b465ee728b) (PreviewImporter) -> (artifact id: '01930f40487c8621e82f37946cdc2c76') in 0.4665073 seconds
Number of updated asset objects reloaded before import = 0Number of asset objects unloaded after import = 20

========================================================================
Received Import Request.
  Time since last request: 75.588826 seconds.
  path: Assets/Readme.asset
  artifactKey: Guid(8105016687592461f977c054a80ce2f2) Importer(2089858483,b0f066a214c2f5e87bad3c948f4d605d)
Start importing Assets/Readme.asset using Guid(8105016687592461f977c054a80ce2f2) Importer(2089858483,b0f066a214c2f5e87bad3c948f4d605d) (ScriptedImporter) -> (artifact id: 'c7b887258fe962681782e85611b10065') in 0.3174642 seconds
Number of updated asset objects reloaded before import = 0Number of asset objects unloaded after import = 2

========================================================================
Received Import Request.
  Time since last request: 9.925441 seconds.
  path: Assets/Settings/DefaultVolumeProfile.asset
  artifactKey: Guid(ab09877e2e707104187f6f83e2f62510) Importer(2089858483,b0f066a214c2f5e87bad3c948f4d605d)
Start importing Assets/Settings/DefaultVolumeProfile.asset using Guid(ab09877e2e707104187f6f83e2f62510) Importer(2089858483,b0f066a214c2f5e87bad3c948f4d605d) (ScriptedImporter) -> (artifact id: 'cce2856b00ce1cb7ffc83601f231a79e') in 0.0388678 seconds
Number of updated asset objects reloaded before import = 1Number of asset objects unloaded after import = 0

========================================================================
Received Import Request.
  Time since last request: 0.000044 seconds.
  path: Assets/Settings/PC_Renderer.asset
  artifactKey: Guid(f288ae1f4751b564a96ac7587541f7a2) Importer(2089858483,b0f066a214c2f5e87bad3c948f4d605d)
Start importing Assets/Settings/PC_Renderer.asset using Guid(f288ae1f4751b564a96ac7587541f7a2) Importer(2089858483,b0f066a214c2f5e87bad3c948f4d605d) (ScriptedImporter) -> (artifact id: 'd51bc808280554216464c3bac00edf0a') in 0.2886277 seconds
Number of updated asset objects reloaded before import = 0Number of asset objects unloaded after import = 1

========================================================================
Received Import Request.
  Time since last request: 0.000076 seconds.
  path: Assets/TutorialInfo/Scripts/Editor/ReadmeEditor.cs
  artifactKey: Guid(476cc7d7cd9874016adc216baab94a0a) Importer(2089858483,b0f066a214c2f5e87bad3c948f4d605d)
Start importing Assets/TutorialInfo/Scripts/Editor/ReadmeEditor.cs using Guid(476cc7d7cd9874016adc216baab94a0a) Importer(2089858483,b0f066a214c2f5e87bad3c948f4d605d) (ScriptedImporter) -> (artifact id: '93afa613d6f7e422847114dbc77764d1') in 0.0202099 seconds
Number of updated asset objects reloaded before import = 0Number of asset objects unloaded after import = 0

========================================================================
Received Import Request.
  Time since last request: 0.000036 seconds.
  path: Assets/Settings/SampleSceneProfile.asset
  artifactKey: Guid(10fc4df2da32a41aaa32d77bc913491c) Importer(2089858483,b0f066a214c2f5e87bad3c948f4d605d)
Start importing Assets/Settings/SampleSceneProfile.asset using Guid(10fc4df2da32a41aaa32d77bc913491c) Importer(2089858483,b0f066a214c2f5e87bad3c948f4d605d) (ScriptedImporter) -> (artifact id: '27fb8dac59b895e4700d450cac48782a') in 0.0123313 seconds
Number of updated asset objects reloaded before import = 0Number of asset objects unloaded after import = 1

========================================================================
Received Import Request.
  Time since last request: 0.000057 seconds.
  path: Assets/TutorialInfo/Scripts/Readme.cs
  artifactKey: Guid(fcf7219bab7fe46a1ad266029b2fee19) Importer(2089858483,b0f066a214c2f5e87bad3c948f4d605d)
Start importing Assets/TutorialInfo/Scripts/Readme.cs using Guid(fcf7219bab7fe46a1ad266029b2fee19) Importer(2089858483,b0f066a214c2f5e87bad3c948f4d605d) (ScriptedImporter) -> (artifact id: 'c29a5a8ce82a7a3eddf87a50c224f46a') in 0.0091996 seconds
Number of updated asset objects reloaded before import = 0Number of asset objects unloaded after import = 0

========================================================================
Received Import Request.
  Time since last request: 0.000055 seconds.
  path: Assets/Settings/Mobile_RPAsset.asset
  artifactKey: Guid(5e6cbd92db86f4b18aec3ed561671858) Importer(2089858483,b0f066a214c2f5e87bad3c948f4d605d)
Start importing Assets/Settings/Mobile_RPAsset.asset using Guid(5e6cbd92db86f4b18aec3ed561671858) Importer(2089858483,b0f066a214c2f5e87bad3c948f4d605d) (ScriptedImporter) -> (artifact id: '14ba6e9e9893e5e8971d4f56f276f842') in 0.1276245 seconds
Number of updated asset objects reloaded before import = 0Number of asset objects unloaded after import = 2

========================================================================
Received Import Request.
  Time since last request: 0.000019 seconds.
  path: Assets/Settings/PC_RPAsset.asset
  artifactKey: Guid(4b83569d67af61e458304325a23e5dfd) Importer(2089858483,b0f066a214c2f5e87bad3c948f4d605d)
Start importing Assets/Settings/PC_RPAsset.asset using Guid(4b83569d67af61e458304325a23e5dfd) Importer(2089858483,b0f066a214c2f5e87bad3c948f4d605d) (ScriptedImporter) -> (artifact id: '78d79245ecff8767fe36c583e7f730fb') in 0.0192485 seconds
Number of updated asset objects reloaded before import = 0Number of asset objects unloaded after import = 1

========================================================================
Received Prepare
Begin MonoManager ReloadAssembly
[Licensing::Client] Successfully resolved entitlement details
- Loaded All Assemblies, in  3.940 seconds
Refreshing native plugins compatible for Editor in 3.59 ms, found 3 plugins.
Native extension for WindowsStandalone target not found
Native extension for WebGL target not found
[Package Manager] Failed to launch server process. Reason: Unity was launched with the -noUpm command-line argument
[Package Manager] Unable to send message (not connected to server process).
[Package Manager] Cannot connect to Unity Package Manager local server
ScheduleIndexationOnStartup MainProcess:False IndexOnStartup:True
Mono: successfully reloaded assembly
- Finished resetting the current domain, in  1.499 seconds
Domain Reload Profiling: 5459ms
	BeginReloadAssembly (2068ms)
		ExecutionOrderSort (7ms)
		DisableScriptedObjects (165ms)
		BackupInstance (0ms)
		ReleaseScriptingObjects (3ms)
		CreateAndSetChildDomain (800ms)
	RebuildCommonClasses (127ms)
	RebuildNativeTypeToScriptingClass (26ms)
	initialDomainReloadingComplete (102ms)
	LoadAllAssembliesAndSetupDomain (1637ms)
		LoadAssemblies (1180ms)
		RebuildTransferFunctionScriptingTraits (0ms)
		AnalyzeDomain (920ms)
			TypeCache.Refresh (90ms)
				TypeCache.ScanAssembly (3ms)
			BuildScriptInfoCaches (768ms)
			ResolveRequiredComponents (26ms)
	FinalizeReload (1500ms)
		ReleaseScriptCaches (0ms)
		RebuildScriptCaches (0ms)
		SetupLoadedEditorAssemblies (1023ms)
			LogAssemblyErrors (0ms)
			InitializePlatformSupportModulesInManaged (5ms)
			SetLoadedEditorAssemblies (9ms)
			BeforeProcessingInitializeOnLoad (269ms)
			ProcessInitializeOnLoadAttributes (628ms)
			ProcessInitializeOnLoadMethodAttributes (104ms)
			AfterProcessingInitializeOnLoad (7ms)
			EditorAssembliesLoaded (1ms)
		ExecutionOrderSort2 (0ms)
		AwakeInstancesAfterBackupRestoration (27ms)
Refreshing native plugins compatible for Editor in 1.43 ms, found 3 plugins.
Preloading 0 native plugins for Editor in 0.00 ms.
Unloading 83 Unused Serialized files (Serialized files now loaded: 0)
Unloading 6300 unused Assets / (13.1 MB). Loaded Objects now: 7053.
Memory consumption went from 168.8 MB to 155.7 MB.
Total: 24.584700 ms (FindLiveObjects: 1.902400 ms CreateObjectMapping: 1.606900 ms MarkObjects: 10.141000 ms  DeleteObjects: 10.932600 ms)

Prepare: number of updated asset objects reloaded= 0
========================================================================
Received Import Request.
  Time since last request: 192.243949 seconds.
  path: Assets/#NVJOB Slender/Slender/Materials/Clotch.png
  artifactKey: Guid(f79b34d3a02e47729fadf30f27c0fcf7) Importer(815301076,1909f56bfc062723c751e8b465ee728b)
Start importing Assets/#NVJOB Slender/Slender/Materials/Clotch.png using Guid(f79b34d3a02e47729fadf30f27c0fcf7) Importer(815301076,1909f56bfc062723c751e8b465ee728b) (PreviewImporter) -> (artifact id: 'f8d8cce24ded60f4564a909235ba5bfa') in 0.295505 seconds
Number of updated asset objects reloaded before import = 0Number of asset objects unloaded after import = 2

========================================================================
Received Import Request.
  Time since last request: 0.000059 seconds.
  path: Assets/#NVJOB Slender/Slender/Materials/T N.png
  artifactKey: Guid(c3f28436c0864551aecc61c04f910ce6) Importer(815301076,1909f56bfc062723c751e8b465ee728b)
Start importing Assets/#NVJOB Slender/Slender/Materials/T N.png using Guid(c3f28436c0864551aecc61c04f910ce6) Importer(815301076,1909f56bfc062723c751e8b465ee728b) (PreviewImporter) -> (artifact id: '4c25e74d677e40dfc613cceefdc928bb') in 0.0265372 seconds
Number of updated asset objects reloaded before import = 0Number of asset objects unloaded after import = 2

========================================================================
Received Import Request.
  Time since last request: 0.000045 seconds.
  path: Assets/#NVJOB Slender/Slender/Materials/Suit.mat
  artifactKey: Guid(994192d0dfec4c93a89bb23ae19a756f) Importer(815301076,1909f56bfc062723c751e8b465ee728b)
Start importing Assets/#NVJOB Slender/Slender/Materials/Suit.mat using Guid(994192d0dfec4c93a89bb23ae19a756f) Importer(815301076,1909f56bfc062723c751e8b465ee728b) (PreviewImporter) -> (artifact id: '0d5e4c133d40229333728cba62708ce3') in 0.8517826 seconds
Number of updated asset objects reloaded before import = 0Number of asset objects unloaded after import = 5

========================================================================
Received Import Request.
  Time since last request: 389.014032 seconds.
  path: Assets/Settings/Mobile_Renderer.asset
  artifactKey: Guid(65bc7dbf4170f435aa868c779acfb082) Importer(815301076,1909f56bfc062723c751e8b465ee728b)
Start importing Assets/Settings/Mobile_Renderer.asset using Guid(65bc7dbf4170f435aa868c779acfb082) Importer(815301076,1909f56bfc062723c751e8b465ee728b) (PreviewImporter) -> (artifact id: 'd246be45d650b496251a8b2536b3002f') in 0.1999678 seconds
Number of updated asset objects reloaded before import = 0Number of asset objects unloaded after import = 1

========================================================================
Received Import Request.
  Time since last request: 0.001257 seconds.
  path: Assets/Settings/PC_RPAsset.asset
  artifactKey: Guid(4b83569d67af61e458304325a23e5dfd) Importer(815301076,1909f56bfc062723c751e8b465ee728b)
Start importing Assets/Settings/PC_RPAsset.asset using Guid(4b83569d67af61e458304325a23e5dfd) Importer(815301076,1909f56bfc062723c751e8b465ee728b) (PreviewImporter) -> (artifact id: '1456ddb8e0d5ece8a62c24926bd7dff5') in 0.0053934 seconds
Number of updated asset objects reloaded before import = 0Number of asset objects unloaded after import = 0

========================================================================
Received Import Request.
  Time since last request: 0.000075 seconds.
  path: Assets/Settings/Mobile_RPAsset.asset
  artifactKey: Guid(5e6cbd92db86f4b18aec3ed561671858) Importer(815301076,1909f56bfc062723c751e8b465ee728b)
Start importing Assets/Settings/Mobile_RPAsset.asset using Guid(5e6cbd92db86f4b18aec3ed561671858) Importer(815301076,1909f56bfc062723c751e8b465ee728b) (PreviewImporter) -> (artifact id: '4f72d667b303dfb429e5dcf2797d7d7c') in 0.039825 seconds
Number of updated asset objects reloaded before import = 0Number of asset objects unloaded after import = 2

========================================================================
Received Import Request.
  Time since last request: 281.108024 seconds.
  path: Assets/#NVJOB Slender/Slender/Materials/Materials/Suit A 1.mat
  artifactKey: Guid(0d0fa71e05cdfac42bb010523557d35b) Importer(815301076,1909f56bfc062723c751e8b465ee728b)
Start importing Assets/#NVJOB Slender/Slender/Materials/Materials/Suit A 1.mat using Guid(0d0fa71e05cdfac42bb010523557d35b) Importer(815301076,1909f56bfc062723c751e8b465ee728b) (PreviewImporter) -> (artifact id: '48d2835150a30f65b26f641f723db465') in 6.432355 seconds
Number of updated asset objects reloaded before import = 20Number of asset objects unloaded after import = 2

========================================================================
Received Prepare
Begin MonoManager ReloadAssembly
[Licensing::Client] Successfully resolved entitlement details
- Loaded All Assemblies, in  4.068 seconds
Refreshing native plugins compatible for Editor in 3.07 ms, found 3 plugins.
Native extension for WindowsStandalone target not found
Native extension for WebGL target not found
[Package Manager] Failed to launch server process. Reason: Unity was launched with the -noUpm command-line argument
[Package Manager] Unable to send message (not connected to server process).
[Package Manager] Cannot connect to Unity Package Manager local server
ScheduleIndexationOnStartup MainProcess:False IndexOnStartup:True
Mono: successfully reloaded assembly
- Finished resetting the current domain, in  0.970 seconds
Domain Reload Profiling: 5047ms
	BeginReloadAssembly (2229ms)
		ExecutionOrderSort (2ms)
		DisableScriptedObjects (508ms)
		BackupInstance (0ms)
		ReleaseScriptingObjects (5ms)
		CreateAndSetChildDomain (766ms)
	RebuildCommonClasses (75ms)
	RebuildNativeTypeToScriptingClass (17ms)
	initialDomainReloadingComplete (93ms)
	LoadAllAssembliesAndSetupDomain (1663ms)
		LoadAssemblies (1748ms)
		RebuildTransferFunctionScriptingTraits (0ms)
		AnalyzeDomain (449ms)
			TypeCache.Refresh (83ms)
				TypeCache.ScanAssembly (3ms)
			BuildScriptInfoCaches (340ms)
			ResolveRequiredComponents (13ms)
	FinalizeReload (970ms)
		ReleaseScriptCaches (0ms)
		RebuildScriptCaches (0ms)
		SetupLoadedEditorAssemblies (749ms)
			LogAssemblyErrors (0ms)
			InitializePlatformSupportModulesInManaged (3ms)
			SetLoadedEditorAssemblies (9ms)
			BeforeProcessingInitializeOnLoad (223ms)
			ProcessInitializeOnLoadAttributes (442ms)
			ProcessInitializeOnLoadMethodAttributes (66ms)
			AfterProcessingInitializeOnLoad (5ms)
			EditorAssembliesLoaded (1ms)
		ExecutionOrderSort2 (0ms)
		AwakeInstancesAfterBackupRestoration (16ms)
Refreshing native plugins compatible for Editor in 1.25 ms, found 3 plugins.
Preloading 0 native plugins for Editor in 0.00 ms.
Unloading 83 Unused Serialized files (Serialized files now loaded: 0)
Unloading 6303 unused Assets / (12.9 MB). Loaded Objects now: 7124.
Memory consumption went from 171.0 MB to 158.1 MB.
Total: 21.341700 ms (FindLiveObjects: 2.128300 ms CreateObjectMapping: 0.739700 ms MarkObjects: 9.266200 ms  DeleteObjects: 9.205300 ms)

Prepare: number of updated asset objects reloaded= 0
========================================================================
Received Import Request.
  Time since last request: 956.211730 seconds.
  path: Assets/ElmanGameDevTools/FirstPersonControllerPro/Prefab_polygon/lesl (1) 1.prefab
  artifactKey: Guid(196f1328da43a3f4d979b6d95159f2f9) Importer(815301076,1909f56bfc062723c751e8b465ee728b)
Start importing Assets/ElmanGameDevTools/FirstPersonControllerPro/Prefab_polygon/lesl (1) 1.prefab using Guid(196f1328da43a3f4d979b6d95159f2f9) Importer(815301076,1909f56bfc062723c751e8b465ee728b) (PreviewImporter) -> (artifact id: '671f05a90a5c32b7ef37aa5a60904178') in 0.7918429 seconds
Number of updated asset objects reloaded before import = 0Number of asset objects unloaded after import = 26

========================================================================
Received Import Request.
  Time since last request: 226.002378 seconds.
  path: Assets/#NVJOB Slender/Example/Environment/Standard Assets/Effects/ImageEffects/Textures/HexShape.psd
  artifactKey: Guid(7251702aa6bb4f4fb19ff470fda37a37) Importer(2089858483,b0f066a214c2f5e87bad3c948f4d605d)
Start importing Assets/#NVJOB Slender/Example/Environment/Standard Assets/Effects/ImageEffects/Textures/HexShape.psd using Guid(7251702aa6bb4f4fb19ff470fda37a37) Importer(2089858483,b0f066a214c2f5e87bad3c948f4d605d) (ScriptedImporter) -> (artifact id: 'e7446b530208b917ec03b1cf242ca1fe') in 0.1431202 seconds
Number of updated asset objects reloaded before import = 0Number of asset objects unloaded after import = 1

========================================================================
Received Import Request.
  Time since last request: 0.000099 seconds.
  path: Assets/#NVJOB Slender/Example/Environment/Standard Assets/Editor/ImageEffects/DepthOfFieldDeprecatedEditor.cs
  artifactKey: Guid(0809da9dce58465ea7c3b921bd982355) Importer(2089858483,b0f066a214c2f5e87bad3c948f4d605d)
Start importing Assets/#NVJOB Slender/Example/Environment/Standard Assets/Editor/ImageEffects/DepthOfFieldDeprecatedEditor.cs using Guid(0809da9dce58465ea7c3b921bd982355) Importer(2089858483,b0f066a214c2f5e87bad3c948f4d605d) (ScriptedImporter) -> (artifact id: '2d604707f64593d848c0f6ea6270460a') in 0.0275986 seconds
Number of updated asset objects reloaded before import = 0Number of asset objects unloaded after import = 0

========================================================================
Received Import Request.
  Time since last request: 0.000035 seconds.
  path: Assets/#NVJOB Slender/Slender/Prefab
  artifactKey: Guid(cd59c55062b24e559203fb8b141d510a) Importer(2089858483,b0f066a214c2f5e87bad3c948f4d605d)
Start importing Assets/#NVJOB Slender/Slender/Prefab using Guid(cd59c55062b24e559203fb8b141d510a) Importer(2089858483,b0f066a214c2f5e87bad3c948f4d605d) (ScriptedImporter) -> (artifact id: '6b915d3145a03286d871e2ede6f2af0f') in 0.0093252 seconds
Number of updated asset objects reloaded before import = 0Number of asset objects unloaded after import = 1

========================================================================
Received Import Request.
  Time since last request: 0.000025 seconds.
  path: Assets/#NVJOB Slender/Example/Environment/Standard Assets/Effects/ImageEffects/Shaders/FisheyeShader.shader
  artifactKey: Guid(4366a9cd19d14d4298395f955bd521b3) Importer(2089858483,b0f066a214c2f5e87bad3c948f4d605d)
Start importing Assets/#NVJOB Slender/Example/Environment/Standard Assets/Effects/ImageEffects/Shaders/FisheyeShader.shader using Guid(4366a9cd19d14d4298395f955bd521b3) Importer(2089858483,b0f066a214c2f5e87bad3c948f4d605d) (ScriptedImporter) -> (artifact id: '2452b6415b19952391ba8f9426acb58f') in 0.0141493 seconds
Number of updated asset objects reloaded before import = 0Number of asset objects unloaded after import = 1

========================================================================
Received Import Request.
  Time since last request: 0.000046 seconds.
  path: Assets/#NVJOB Slender/Example/Environment/Standard Assets/Effects/ImageEffects/Textures/RandomVectors.png
  artifactKey: Guid(5b8a53dcf7d44150909052b828d2401d) Importer(2089858483,b0f066a214c2f5e87bad3c948f4d605d)
Start importing Assets/#NVJOB Slender/Example/Environment/Standard Assets/Effects/ImageEffects/Textures/RandomVectors.png using Guid(5b8a53dcf7d44150909052b828d2401d) Importer(2089858483,b0f066a214c2f5e87bad3c948f4d605d) (ScriptedImporter) -> (artifact id: '716875fbe7823b18b46b1a74097996c7') in 0.01075 seconds
Number of updated asset objects reloaded before import = 0Number of asset objects unloaded after import = 1

========================================================================
Received Import Request.
  Time since last request: 0.000029 seconds.
  path: Assets/#NVJOB Slender/Example/Environment/Standard Assets/Effects/ImageEffects/Textures/color correction ramp.png
  artifactKey: Guid(13aa259463eb405380b2716c235fb838) Importer(2089858483,b0f066a214c2f5e87bad3c948f4d605d)
Start importing Assets/#NVJOB Slender/Example/Environment/Standard Assets/Effects/ImageEffects/Textures/color correction ramp.png using Guid(13aa259463eb405380b2716c235fb838) Importer(2089858483,b0f066a214c2f5e87bad3c948f4d605d) (ScriptedImporter) -> (artifact id: 'ddf32878900bdf01316838c336997b4f') in 0.0182394 seconds
Number of updated asset objects reloaded before import = 0Number of asset objects unloaded after import = 1

========================================================================
Received Import Request.
  Time since last request: 0.000026 seconds.
  path: Assets/#NVJOB Slender/Example/Environment/Standard Assets/Effects/ImageEffects/Scripts/NoiseAndGrain.cs
  artifactKey: Guid(f27b2e44056a4029b8c372e7f680f8e9) Importer(2089858483,b0f066a214c2f5e87bad3c948f4d605d)
Start importing Assets/#NVJOB Slender/Example/Environment/Standard Assets/Effects/ImageEffects/Scripts/NoiseAndGrain.cs using Guid(f27b2e44056a4029b8c372e7f680f8e9) Importer(2089858483,b0f066a214c2f5e87bad3c948f4d605d) (ScriptedImporter) -> (artifact id: '4d09261ab06fe5c46a2fa94071b3c8c3') in 0.0077211 seconds
Number of updated asset objects reloaded before import = 0Number of asset objects unloaded after import = 0

========================================================================
Received Import Request.
  Time since last request: 0.000133 seconds.
  path: Assets/#NVJOB Slender/Example/Environment/Standard Assets/Effects/ImageEffects/Scripts/ContrastEnhance.cs
  artifactKey: Guid(5723635ebc714d5f8ba64d886821c07e) Importer(2089858483,b0f066a214c2f5e87bad3c948f4d605d)
Start importing Assets/#NVJOB Slender/Example/Environment/Standard Assets/Effects/ImageEffects/Scripts/ContrastEnhance.cs using Guid(5723635ebc714d5f8ba64d886821c07e) Importer(2089858483,b0f066a214c2f5e87bad3c948f4d605d) (ScriptedImporter) -> (artifact id: 'e61c27e987dae66b6dc2656cb4c10180') in 0.0106159 seconds
Number of updated asset objects reloaded before import = 0Number of asset objects unloaded after import = 0

========================================================================
Received Import Request.
  Time since last request: 0.000045 seconds.
  path: Assets/#NVJOB Slender/Example/Environment/Standard Assets/Effects/ImageEffects/Textures/NoiseAndGrain.png
  artifactKey: Guid(f7ec5b9d299d4aa78ca1dbb82957a85f) Importer(2089858483,b0f066a214c2f5e87bad3c948f4d605d)
Start importing Assets/#NVJOB Slender/Example/Environment/Standard Assets/Effects/ImageEffects/Textures/NoiseAndGrain.png using Guid(f7ec5b9d299d4aa78ca1dbb82957a85f) Importer(2089858483,b0f066a214c2f5e87bad3c948f4d605d) (ScriptedImporter) -> (artifact id: '94392d654af8fd4c5c0ff3daa2d239ce') in 0.0140059 seconds
Number of updated asset objects reloaded before import = 0Number of asset objects unloaded after import = 1

========================================================================
Received Import Request.
  Time since last request: 0.000054 seconds.
  path: Assets/#NVJOB Slender/Example/Environment/Standard Assets/Effects/ImageEffects/Scripts/EdgeDetection.cs
  artifactKey: Guid(a9aba16ed7984954aa37f8084098130e) Importer(2089858483,b0f066a214c2f5e87bad3c948f4d605d)
Start importing Assets/#NVJOB Slender/Example/Environment/Standard Assets/Effects/ImageEffects/Scripts/EdgeDetection.cs using Guid(a9aba16ed7984954aa37f8084098130e) Importer(2089858483,b0f066a214c2f5e87bad3c948f4d605d) (ScriptedImporter) -> (artifact id: '080d9bf64307ac401396ae90afa3ccca') in 0.0085955 seconds
Number of updated asset objects reloaded before import = 0Number of asset objects unloaded after import = 0

========================================================================
Received Import Request.
  Time since last request: 0.000024 seconds.
  path: Assets/#NVJOB Slender/Example/Environment/Standard Assets/Effects/ImageEffects/Scripts/ScreenSpaceAmbientObscurance.cs
  artifactKey: Guid(4228e16a36f44be3b185632546a6964f) Importer(2089858483,b0f066a214c2f5e87bad3c948f4d605d)
Start importing Assets/#NVJOB Slender/Example/Environment/Standard Assets/Effects/ImageEffects/Scripts/ScreenSpaceAmbientObscurance.cs using Guid(4228e16a36f44be3b185632546a6964f) Importer(2089858483,b0f066a214c2f5e87bad3c948f4d605d) (ScriptedImporter) -> (artifact id: '9cad18d4155ab1a42493cbcbe7190d00') in 0.0084716 seconds
Number of updated asset objects reloaded before import = 0Number of asset objects unloaded after import = 0

========================================================================
Received Import Request.
  Time since last request: 0.000051 seconds.
  path: Assets/#NVJOB Slender/Example/Environment/Standard Assets/Effects/ImageEffects/Shaders/_DepthOfField/DepthOfField34.shader
  artifactKey: Guid(a49875e46e6e4eaf9b07c71447702281) Importer(2089858483,b0f066a214c2f5e87bad3c948f4d605d)
Start importing Assets/#NVJOB Slender/Example/Environment/Standard Assets/Effects/ImageEffects/Shaders/_DepthOfField/DepthOfField34.shader using Guid(a49875e46e6e4eaf9b07c71447702281) Importer(2089858483,b0f066a214c2f5e87bad3c948f4d605d) (ScriptedImporter) -> (artifact id: '5a631644a40e50fe65914680c1bd6846') in 0.0101278 seconds
Number of updated asset objects reloaded before import = 0Number of asset objects unloaded after import = 1

========================================================================
Received Import Request.
  Time since last request: 0.000031 seconds.
  path: Assets/#NVJOB Slender/Example/Environment/Standard Assets/Editor/ImageEffects/BloomAndFlaresEditor.cs
  artifactKey: Guid(38b613d9882149d5bea4e70215cfb1a6) Importer(2089858483,b0f066a214c2f5e87bad3c948f4d605d)
Start importing Assets/#NVJOB Slender/Example/Environment/Standard Assets/Editor/ImageEffects/BloomAndFlaresEditor.cs using Guid(38b613d9882149d5bea4e70215cfb1a6) Importer(2089858483,b0f066a214c2f5e87bad3c948f4d605d) (ScriptedImporter) -> (artifact id: '90df23e7b3437ae044fb724cc080e21a') in 0.005681 seconds
Number of updated asset objects reloaded before import = 0Number of asset objects unloaded after import = 0

========================================================================
Received Import Request.
  Time since last request: 0.000050 seconds.
  path: Assets/#NVJOB Slender/Example/Environment/Standard Assets/Effects/ImageEffects/Shaders/NoiseAndGrainDX11.shader
  artifactKey: Guid(eae3c8eb91c442029b682d6e7a4a232b) Importer(2089858483,b0f066a214c2f5e87bad3c948f4d605d)
Start importing Assets/#NVJOB Slender/Example/Environment/Standard Assets/Effects/ImageEffects/Shaders/NoiseAndGrainDX11.shader using Guid(eae3c8eb91c442029b682d6e7a4a232b) Importer(2089858483,b0f066a214c2f5e87bad3c948f4d605d) (ScriptedImporter) -> (artifact id: 'fd34b17de84e8e6606159b40897e7149') in 0.0100769 seconds
Number of updated asset objects reloaded before import = 0Number of asset objects unloaded after import = 1

========================================================================
Received Import Request.
  Time since last request: 0.000033 seconds.
  path: Assets/#NVJOB Slender/Example/Environment/Standard Assets/Effects/ImageEffects/Shaders/_DepthOfField/SeparableWeightedBlurDof34.shader
  artifactKey: Guid(6883340d1ce54457825857f48f6997a3) Importer(2089858483,b0f066a214c2f5e87bad3c948f4d605d)
Start importing Assets/#NVJOB Slender/Example/Environment/Standard Assets/Effects/ImageEffects/Shaders/_DepthOfField/SeparableWeightedBlurDof34.shader using Guid(6883340d1ce54457825857f48f6997a3) Importer(2089858483,b0f066a214c2f5e87bad3c948f4d605d) (ScriptedImporter) -> (artifact id: '3ce221d4be487dd5bec198a7f61ad632') in 0.0062252 seconds
Number of updated asset objects reloaded before import = 0Number of asset objects unloaded after import = 1

========================================================================
Received Import Request.
  Time since last request: 0.000028 seconds.
  path: Assets/#NVJOB Slender/Slender/Materials/Suit A.png
  artifactKey: Guid(b0b741b45a5444b69ced01ecf2173fd4) Importer(2089858483,b0f066a214c2f5e87bad3c948f4d605d)
Start importing Assets/#NVJOB Slender/Slender/Materials/Suit A.png using Guid(b0b741b45a5444b69ced01ecf2173fd4) Importer(2089858483,b0f066a214c2f5e87bad3c948f4d605d) (ScriptedImporter) -> (artifact id: '797f7867ba1339fd332d5d071895cc93') in 0.0376111 seconds
Number of updated asset objects reloaded before import = 0Number of asset objects unloaded after import = 1

========================================================================
Received Import Request.
  Time since last request: 0.000029 seconds.
  path: Assets/#NVJOB Slender/Example/Environment/Materials/Grass.png
  artifactKey: Guid(ccc0939c37fb496a976475d7a850866e) Importer(2089858483,b0f066a214c2f5e87bad3c948f4d605d)
Start importing Assets/#NVJOB Slender/Example/Environment/Materials/Grass.png using Guid(ccc0939c37fb496a976475d7a850866e) Importer(2089858483,b0f066a214c2f5e87bad3c948f4d605d) (ScriptedImporter) -> (artifact id: 'f1d68490cb3a06546c382930c201a316') in 0.0157908 seconds
Number of updated asset objects reloaded before import = 0Number of asset objects unloaded after import = 1

========================================================================
Received Import Request.
  Time since last request: 0.000240 seconds.
  path: Assets/#NVJOB Slender/Example/Environment/Standard Assets/Effects/ImageEffects/Shaders/Contrast Stretch
  artifactKey: Guid(c037282f9a664ef58ea69fc6601efeb4) Importer(2089858483,b0f066a214c2f5e87bad3c948f4d605d)
Start importing Assets/#NVJOB Slender/Example/Environment/Standard Assets/Effects/ImageEffects/Shaders/Contrast Stretch using Guid(c037282f9a664ef58ea69fc6601efeb4) Importer(2089858483,b0f066a214c2f5e87bad3c948f4d605d) (ScriptedImporter) -> (artifact id: '8528109889fe7b6d8da30ae7ff9bfe8d') in 0.0055649 seconds
Number of updated asset objects reloaded before import = 0Number of asset objects unloaded after import = 1

========================================================================
Received Import Request.
  Time since last request: 0.000055 seconds.
  path: Assets/#NVJOB Slender/Example/Environment/Standard Assets/Effects/ImageEffects/Scripts/VignetteAndChromaticAberration.cs
  artifactKey: Guid(d30856bbe84e4506bb487e3ad159a370) Importer(2089858483,b0f066a214c2f5e87bad3c948f4d605d)
Start importing Assets/#NVJOB Slender/Example/Environment/Standard Assets/Effects/ImageEffects/Scripts/VignetteAndChromaticAberration.cs using Guid(d30856bbe84e4506bb487e3ad159a370) Importer(2089858483,b0f066a214c2f5e87bad3c948f4d605d) (ScriptedImporter) -> (artifact id: 'bad2903cd77db674f0471b1a9bd72546') in 0.0103693 seconds
Number of updated asset objects reloaded before import = 0Number of asset objects unloaded after import = 0

========================================================================
Received Import Request.
  Time since last request: 0.000033 seconds.
  path: Assets/#NVJOB Slender/Slender/Materials/Suit M.png
  artifactKey: Guid(3b02f6321f0140498e33abab3524f622) Importer(2089858483,b0f066a214c2f5e87bad3c948f4d605d)
Start importing Assets/#NVJOB Slender/Slender/Materials/Suit M.png using Guid(3b02f6321f0140498e33abab3524f622) Importer(2089858483,b0f066a214c2f5e87bad3c948f4d605d) (ScriptedImporter) -> (artifact id: '2e36a3008f0aea1bd6b2cdae7f93292f') in 0.0492963 seconds
Number of updated asset objects reloaded before import = 0Number of asset objects unloaded after import = 1

========================================================================
Received Import Request.
  Time since last request: 0.000033 seconds.
  path: Assets/#NVJOB Slender/Example/Environment/Standard Assets/Editor/ImageEffects/EdgeDetectionEditor.cs
  artifactKey: Guid(4035623d16a54d23a90b7c436650d52f) Importer(2089858483,b0f066a214c2f5e87bad3c948f4d605d)
Start importing Assets/#NVJOB Slender/Example/Environment/Standard Assets/Editor/ImageEffects/EdgeDetectionEditor.cs using Guid(4035623d16a54d23a90b7c436650d52f) Importer(2089858483,b0f066a214c2f5e87bad3c948f4d605d) (ScriptedImporter) -> (artifact id: '84a3dbc5ef5b72cc045e9b21ce1fe8d3') in 0.0061833 seconds
Number of updated asset objects reloaded before import = 0Number of asset objects unloaded after import = 0

========================================================================
Received Import Request.
  Time since last request: 0.000053 seconds.
  path: Assets/#NVJOB Slender/Example/Environment/Standard Assets/Effects/ImageEffects/Shaders/ColorCorrection3DLut.shader
  artifactKey: Guid(8919929befd74017b5ad6209ef55525f) Importer(2089858483,b0f066a214c2f5e87bad3c948f4d605d)
Start importing Assets/#NVJOB Slender/Example/Environment/Standard Assets/Effects/ImageEffects/Shaders/ColorCorrection3DLut.shader using Guid(8919929befd74017b5ad6209ef55525f) Importer(2089858483,b0f066a214c2f5e87bad3c948f4d605d) (ScriptedImporter) -> (artifact id: '04e6e15f11989e68a6ede1435b803f7b') in 0.008744 seconds
Number of updated asset objects reloaded before import = 0Number of asset objects unloaded after import = 1

========================================================================
Received Import Request.
  Time since last request: 0.000048 seconds.
  path: Assets/#NVJOB Slender/Example/Environment/Standard Assets/Effects/ImageEffects/Shaders/_Antialiasing/SSAA.shader
  artifactKey: Guid(192a50c98dd84b729f699ae2085fe4b6) Importer(2089858483,b0f066a214c2f5e87bad3c948f4d605d)
Start importing Assets/#NVJOB Slender/Example/Environment/Standard Assets/Effects/ImageEffects/Shaders/_Antialiasing/SSAA.shader using Guid(192a50c98dd84b729f699ae2085fe4b6) Importer(2089858483,b0f066a214c2f5e87bad3c948f4d605d) (ScriptedImporter) -> (artifact id: '810a88005869ab9c4ec9a8373de9b90a') in 0.0092729 seconds
Number of updated asset objects reloaded before import = 0Number of asset objects unloaded after import = 1

========================================================================
Received Import Request.
  Time since last request: 0.000077 seconds.
  path: Assets/#NVJOB Slender/Example/Environment/Standard Assets/Effects/ImageEffects/Textures/grayscale ramp.png
  artifactKey: Guid(402968a5c078445ab26472cfb0705808) Importer(2089858483,b0f066a214c2f5e87bad3c948f4d605d)
Start importing Assets/#NVJOB Slender/Example/Environment/Standard Assets/Effects/ImageEffects/Textures/grayscale ramp.png using Guid(402968a5c078445ab26472cfb0705808) Importer(2089858483,b0f066a214c2f5e87bad3c948f4d605d) (ScriptedImporter) -> (artifact id: 'd70e75eee2bcd185242facf2a2ac6b01') in 0.0214772 seconds
Number of updated asset objects reloaded before import = 0Number of asset objects unloaded after import = 1

========================================================================
Received Import Request.
  Time since last request: 0.000047 seconds.
  path: Assets/#NVJOB Slender/Example/Environment/Standard Assets/Effects/ImageEffects/Shaders/_BloomAndFlares/LensFlareCreate.shader
  artifactKey: Guid(55d1c16e16a5477c9da0e4c4252fb39b) Importer(2089858483,b0f066a214c2f5e87bad3c948f4d605d)
Start importing Assets/#NVJOB Slender/Example/Environment/Standard Assets/Effects/ImageEffects/Shaders/_BloomAndFlares/LensFlareCreate.shader using Guid(55d1c16e16a5477c9da0e4c4252fb39b) Importer(2089858483,b0f066a214c2f5e87bad3c948f4d605d) (ScriptedImporter) -> (artifact id: '8604bb4e97ec048cfb76c623915e5994') in 0.0131735 seconds
Number of updated asset objects reloaded before import = 0Number of asset objects unloaded after import = 1

========================================================================
Received Import Request.
  Time since last request: 0.000051 seconds.
  path: Assets/#NVJOB Slender/Example/Environment/Standard Assets/Effects/ImageEffects/Shaders/CreaseApply.shader
  artifactKey: Guid(ab9802d16c914a3cabc824fdeb2db412) Importer(2089858483,b0f066a214c2f5e87bad3c948f4d605d)
Start importing Assets/#NVJOB Slender/Example/Environment/Standard Assets/Effects/ImageEffects/Shaders/CreaseApply.shader using Guid(ab9802d16c914a3cabc824fdeb2db412) Importer(2089858483,b0f066a214c2f5e87bad3c948f4d605d) (ScriptedImporter) -> (artifact id: 'dee95cffdbb86edb215b86b26c989bc9') in 0.0102757 seconds
Number of updated asset objects reloaded before import = 0Number of asset objects unloaded after import = 1

========================================================================
Received Import Request.
  Time since last request: 0.000047 seconds.
  path: Assets/#NVJOB Slender/Example/Environment/Standard Assets/Effects/ImageEffects/Shaders/Contrast Stretch/Adaptation.shader
  artifactKey: Guid(4ee7085fd3884123a396a12b7d167b28) Importer(2089858483,b0f066a214c2f5e87bad3c948f4d605d)
Start importing Assets/#NVJOB Slender/Example/Environment/Standard Assets/Effects/ImageEffects/Shaders/Contrast Stretch/Adaptation.shader using Guid(4ee7085fd3884123a396a12b7d167b28) Importer(2089858483,b0f066a214c2f5e87bad3c948f4d605d) (ScriptedImporter) -> (artifact id: '6e0faee8bfa1be701c630bc3aa9563cb') in 0.0134016 seconds
Number of updated asset objects reloaded before import = 0Number of asset objects unloaded after import = 1

========================================================================
Received Import Request.
  Time since last request: 0.000074 seconds.
  path: Assets/#NVJOB Slender/Example/Environment/Standard Assets/Editor/ImageEffects/NoiseAndGrainEditor.cs
  artifactKey: Guid(ab640b90397e46c59ba25e52e7647199) Importer(2089858483,b0f066a214c2f5e87bad3c948f4d605d)
Start importing Assets/#NVJOB Slender/Example/Environment/Standard Assets/Editor/ImageEffects/NoiseAndGrainEditor.cs using Guid(ab640b90397e46c59ba25e52e7647199) Importer(2089858483,b0f066a214c2f5e87bad3c948f4d605d) (ScriptedImporter) -> (artifact id: '49b23ac355eb569832b0ba3ff1d876b7') in 0.0084805 seconds
Number of updated asset objects reloaded before import = 0Number of asset objects unloaded after import = 0

========================================================================
Received Import Request.
  Time since last request: 0.000040 seconds.
  path: Assets/#NVJOB Slender/Example/Environment/Standard Assets/Effects/ImageEffects/Shaders/_Antialiasing/FXAAPreset3.shader
  artifactKey: Guid(9904fc0308b5407fbf8baf6c3cd98d84) Importer(2089858483,b0f066a214c2f5e87bad3c948f4d605d)
Start importing Assets/#NVJOB Slender/Example/Environment/Standard Assets/Effects/ImageEffects/Shaders/_Antialiasing/FXAAPreset3.shader using Guid(9904fc0308b5407fbf8baf6c3cd98d84) Importer(2089858483,b0f066a214c2f5e87bad3c948f4d605d) (ScriptedImporter) -> (artifact id: '408213d886cd0e90389a5478ccbec294') in 0.0142311 seconds
Number of updated asset objects reloaded before import = 0Number of asset objects unloaded after import = 2

========================================================================
Received Import Request.
  Time since last request: 0.000036 seconds.
  path: Assets/#NVJOB Slender/Example/Environment/Standard Assets/Effects/ImageEffects/Scripts/Triangles.cs
  artifactKey: Guid(d5fabb4213344fecb4952ae8a0be9054) Importer(2089858483,b0f066a214c2f5e87bad3c948f4d605d)
Start importing Assets/#NVJOB Slender/Example/Environment/Standard Assets/Effects/ImageEffects/Scripts/Triangles.cs using Guid(d5fabb4213344fecb4952ae8a0be9054) Importer(2089858483,b0f066a214c2f5e87bad3c948f4d605d) (ScriptedImporter) -> (artifact id: '0c7366f4db6a3086c1a4a412d0ef2ed6') in 0.0058374 seconds
Number of updated asset objects reloaded before import = 0Number of asset objects unloaded after import = 0

========================================================================
Received Import Request.
  Time since last request: 0.000071 seconds.
  path: Assets/#NVJOB Slender/Example/Environment/Standard Assets/Effects/ImageEffects/Shaders/_Antialiasing/NFAA.shader
  artifactKey: Guid(a967873b663f4b8da0831112df454c17) Importer(2089858483,b0f066a214c2f5e87bad3c948f4d605d)
Start importing Assets/#NVJOB Slender/Example/Environment/Standard Assets/Effects/ImageEffects/Shaders/_Antialiasing/NFAA.shader using Guid(a967873b663f4b8da0831112df454c17) Importer(2089858483,b0f066a214c2f5e87bad3c948f4d605d) (ScriptedImporter) -> (artifact id: '5ae10c2121897cbefc56cc47236424f5') in 0.0089564 seconds
Number of updated asset objects reloaded before import = 0Number of asset objects unloaded after import = 1

========================================================================
Received Import Request.
  Time since last request: 0.000044 seconds.
  path: Assets/#NVJOB Slender/Example/Environment/Standard Assets/Effects/ImageEffects/Scripts
  artifactKey: Guid(eb8dc4ec0849416baaa37c716b011533) Importer(2089858483,b0f066a214c2f5e87bad3c948f4d605d)
Start importing Assets/#NVJOB Slender/Example/Environment/Standard Assets/Effects/ImageEffects/Scripts using Guid(eb8dc4ec0849416baaa37c716b011533) Importer(2089858483,b0f066a214c2f5e87bad3c948f4d605d) (ScriptedImporter) -> (artifact id: 'b13fad46b046274506582b6fc4b37f0a') in 0.0087216 seconds
Number of updated asset objects reloaded before import = 0Number of asset objects unloaded after import = 1

========================================================================
Received Import Request.
  Time since last request: 0.000029 seconds.
  path: Assets/#NVJOB Slender/Example/Environment/Materials/Branches.png
  artifactKey: Guid(95782c17eafb411eb86b0d25d01ca1c7) Importer(2089858483,b0f066a214c2f5e87bad3c948f4d605d)
Start importing Assets/#NVJOB Slender/Example/Environment/Materials/Branches.png using Guid(95782c17eafb411eb86b0d25d01ca1c7) Importer(2089858483,b0f066a214c2f5e87bad3c948f4d605d) (ScriptedImporter) -> (artifact id: '0ce31a016d26f6c9c0029ebc0e7adcdb') in 0.0162054 seconds
Number of updated asset objects reloaded before import = 0Number of asset objects unloaded after import = 1

========================================================================
Received Import Request.
  Time since last request: 0.000037 seconds.
  path: Assets/#NVJOB Slender/Slender/Prefab/Slender.prefab
  artifactKey: Guid(c0ec2cd63f93487d92d6623d393c83ba) Importer(2089858483,b0f066a214c2f5e87bad3c948f4d605d)
Start importing Assets/#NVJOB Slender/Slender/Prefab/Slender.prefab using Guid(c0ec2cd63f93487d92d6623d393c83ba) Importer(2089858483,b0f066a214c2f5e87bad3c948f4d605d) (ScriptedImporter) -> (artifact id: '692f6ca9435b88a745d9989793b57553') in 0.1358768 seconds
Number of updated asset objects reloaded before import = 0Number of asset objects unloaded after import = 190

========================================================================
Received Import Request.
  Time since last request: 0.000033 seconds.
  path: Assets/#NVJOB Slender/Example/Environment/Sounds/Sounds.ogg
  artifactKey: Guid(8ac1364a25264235bc5e47511cce7eac) Importer(2089858483,b0f066a214c2f5e87bad3c948f4d605d)
Start importing Assets/#NVJOB Slender/Example/Environment/Sounds/Sounds.ogg using Guid(8ac1364a25264235bc5e47511cce7eac) Importer(2089858483,b0f066a214c2f5e87bad3c948f4d605d) (ScriptedImporter) -> (artifact id: 'ef6461cc54cb2901d7ce9201868725ce') in 0.0459849 seconds
Number of updated asset objects reloaded before import = 0Number of asset objects unloaded after import = 1

========================================================================
Received Import Request.
  Time since last request: 0.000059 seconds.
  path: Assets/#NVJOB Slender/Example/Environment/Standard Assets/Effects/ImageEffects/Textures/ContrastEnhanced3D16.png
  artifactKey: Guid(8345e20fa28c42bd854aff1a9cae7ae7) Importer(2089858483,b0f066a214c2f5e87bad3c948f4d605d)
Start importing Assets/#NVJOB Slender/Example/Environment/Standard Assets/Effects/ImageEffects/Textures/ContrastEnhanced3D16.png using Guid(8345e20fa28c42bd854aff1a9cae7ae7) Importer(2089858483,b0f066a214c2f5e87bad3c948f4d605d) (ScriptedImporter) -> (artifact id: 'adbbb75a247d7ac96548d18019b8a150') in 0.0137771 seconds
Number of updated asset objects reloaded before import = 0Number of asset objects unloaded after import = 1

========================================================================
Received Import Request.
  Time since last request: 0.000030 seconds.
  path: Assets/#NVJOB Slender/Example/Environment/Standard Assets/Effects/ImageEffects/Shaders/_BloomAndFlares
  artifactKey: Guid(b5e13560108b4501a630f670df6b0e70) Importer(2089858483,b0f066a214c2f5e87bad3c948f4d605d)
Start importing Assets/#NVJOB Slender/Example/Environment/Standard Assets/Effects/ImageEffects/Shaders/_BloomAndFlares using Guid(b5e13560108b4501a630f670df6b0e70) Importer(2089858483,b0f066a214c2f5e87bad3c948f4d605d) (ScriptedImporter) -> (artifact id: 'cb46191e9515cc77cefc65f50726c7cc') in 0.0068142 seconds
Number of updated asset objects reloaded before import = 0Number of asset objects unloaded after import = 1

========================================================================
Received Import Request.
  Time since last request: 0.000032 seconds.
  path: Assets/#NVJOB Slender/Example/Environment/Standard Assets/Effects/ImageEffects/Shaders/ColorCorrectionEffect.shader
  artifactKey: Guid(2f403209abd54d12ac8c5ac9f1144d1e) Importer(2089858483,b0f066a214c2f5e87bad3c948f4d605d)
Start importing Assets/#NVJOB Slender/Example/Environment/Standard Assets/Effects/ImageEffects/Shaders/ColorCorrectionEffect.shader using Guid(2f403209abd54d12ac8c5ac9f1144d1e) Importer(2089858483,b0f066a214c2f5e87bad3c948f4d605d) (ScriptedImporter) -> (artifact id: '2678c0ed0b7596ca43c05997aa29f2c5') in 0.0080419 seconds
Number of updated asset objects reloaded before import = 0Number of asset objects unloaded after import = 1

========================================================================
Received Import Request.
  Time since last request: 0.000027 seconds.
  path: Assets/#NVJOB Slender/Example/Environment/Standard Assets/Editor/ImageEffects/CreaseShadingEditor.cs
  artifactKey: Guid(fdb2009c85994a27ad8db61f2d2b1d1a) Importer(2089858483,b0f066a214c2f5e87bad3c948f4d605d)
Start importing Assets/#NVJOB Slender/Example/Environment/Standard Assets/Editor/ImageEffects/CreaseShadingEditor.cs using Guid(fdb2009c85994a27ad8db61f2d2b1d1a) Importer(2089858483,b0f066a214c2f5e87bad3c948f4d605d) (ScriptedImporter) -> (artifact id: 'bcef9b06a0b1d5629912be03700ad57e') in 0.0062553 seconds
Number of updated asset objects reloaded before import = 0Number of asset objects unloaded after import = 0

========================================================================
Received Import Request.
  Time since last request: 0.000042 seconds.
  path: Assets/#NVJOB Slender/Slender/Sounds
  artifactKey: Guid(944e80542a49435aad8dffac4e0d2b74) Importer(2089858483,b0f066a214c2f5e87bad3c948f4d605d)
Start importing Assets/#NVJOB Slender/Slender/Sounds using Guid(944e80542a49435aad8dffac4e0d2b74) Importer(2089858483,b0f066a214c2f5e87bad3c948f4d605d) (ScriptedImporter) -> (artifact id: 'db0893a183968ba5955ea36131adfbae') in 0.0051184 seconds
Number of updated asset objects reloaded before import = 0Number of asset objects unloaded after import = 1

========================================================================
Received Import Request.
  Time since last request: 0.000153 seconds.
  path: Assets/#NVJOB Slender/Example/Environment/Standard Assets/Effects/ImageEffects/Scripts/ColorCorrectionLookup.cs
  artifactKey: Guid(4a1c9599b8524250b7e9d5b11ca0a9aa) Importer(2089858483,b0f066a214c2f5e87bad3c948f4d605d)
Start importing Assets/#NVJOB Slender/Example/Environment/Standard Assets/Effects/ImageEffects/Scripts/ColorCorrectionLookup.cs using Guid(4a1c9599b8524250b7e9d5b11ca0a9aa) Importer(2089858483,b0f066a214c2f5e87bad3c948f4d605d) (ScriptedImporter) -> (artifact id: 'adbc827c75e886e5144c1a7dfd294085') in 0.0046306 seconds
Number of updated asset objects reloaded before import = 0Number of asset objects unloaded after import = 0

========================================================================
Received Import Request.
  Time since last request: 0.000029 seconds.
  path: Assets/#NVJOB Slender/Example/Environment/Standard Assets/Effects/ImageEffects/Scripts/CreaseShading.cs
  artifactKey: Guid(cf3745b033614b0d95be8c1c22cf31d3) Importer(2089858483,b0f066a214c2f5e87bad3c948f4d605d)
Start importing Assets/#NVJOB Slender/Example/Environment/Standard Assets/Effects/ImageEffects/Scripts/CreaseShading.cs using Guid(cf3745b033614b0d95be8c1c22cf31d3) Importer(2089858483,b0f066a214c2f5e87bad3c948f4d605d) (ScriptedImporter) -> (artifact id: 'e45e7020c918f75afcbdaacd1d597a38') in 0.0076957 seconds
Number of updated asset objects reloaded before import = 0Number of asset objects unloaded after import = 0

========================================================================
Received Import Request.
  Time since last request: 0.000036 seconds.
  path: Assets/#NVJOB Slender/Example/Environment/Standard Assets/Effects/ImageEffects/Scripts/CameraMotionBlur.cs
  artifactKey: Guid(160439147c5a4d07bbf824255fb97feb) Importer(2089858483,b0f066a214c2f5e87bad3c948f4d605d)
Start importing Assets/#NVJOB Slender/Example/Environment/Standard Assets/Effects/ImageEffects/Scripts/CameraMotionBlur.cs using Guid(160439147c5a4d07bbf824255fb97feb) Importer(2089858483,b0f066a214c2f5e87bad3c948f4d605d) (ScriptedImporter) -> (artifact id: 'd67bd58d5859acefa8e92cd356570265') in 0.0081799 seconds
Number of updated asset objects reloaded before import = 0Number of asset objects unloaded after import = 0

========================================================================
Received Import Request.
  Time since last request: 0.000040 seconds.
  path: Assets/#NVJOB Slender/Example/Environment/Standard Assets/Effects/ImageEffects/Textures/MotionBlurJitter.png
  artifactKey: Guid(5c13933cb3dc4c5bba19c43e00824581) Importer(2089858483,b0f066a214c2f5e87bad3c948f4d605d)
Start importing Assets/#NVJOB Slender/Example/Environment/Standard Assets/Effects/ImageEffects/Textures/MotionBlurJitter.png using Guid(5c13933cb3dc4c5bba19c43e00824581) Importer(2089858483,b0f066a214c2f5e87bad3c948f4d605d) (ScriptedImporter) -> (artifact id: '2d7a9d0f1a220240cb128d4ea6531669') in 0.0125941 seconds
Number of updated asset objects reloaded before import = 0Number of asset objects unloaded after import = 1

========================================================================
Received Import Request.
  Time since last request: 0.000037 seconds.
  path: Assets/#NVJOB Slender/Example/Environment/Standard Assets/Effects
  artifactKey: Guid(1c7c831e148c4214b3501395df53d830) Importer(2089858483,b0f066a214c2f5e87bad3c948f4d605d)
Start importing Assets/#NVJOB Slender/Example/Environment/Standard Assets/Effects using Guid(1c7c831e148c4214b3501395df53d830) Importer(2089858483,b0f066a214c2f5e87bad3c948f4d605d) (ScriptedImporter) -> (artifact id: 'b4a3d32b7b47dd7ff78420026e1947a2') in 0.0058881 seconds
Number of updated asset objects reloaded before import = 0Number of asset objects unloaded after import = 1

========================================================================
Received Import Request.
  Time since last request: 0.000040 seconds.
  path: Assets/#NVJOB Slender/Example/Environment/Standard Assets/Effects/ImageEffects/Shaders/_BloomAndFlares/MobileBloom.shader
  artifactKey: Guid(627d5a51537b4089b42b7a86c96511b2) Importer(2089858483,b0f066a214c2f5e87bad3c948f4d605d)
Start importing Assets/#NVJOB Slender/Example/Environment/Standard Assets/Effects/ImageEffects/Shaders/_BloomAndFlares/MobileBloom.shader using Guid(627d5a51537b4089b42b7a86c96511b2) Importer(2089858483,b0f066a214c2f5e87bad3c948f4d605d) (ScriptedImporter) -> (artifact id: 'abedf11add1d34a6608223dc5eeb125b') in 0.0114152 seconds
Number of updated asset objects reloaded before import = 0Number of asset objects unloaded after import = 1

========================================================================
Received Import Request.
  Time since last request: 0.000043 seconds.
  path: Assets/#NVJOB Slender/Example/Environment/Standard Assets/Effects/ImageEffects/Scripts/Quads.cs
  artifactKey: Guid(966506bc399541c997779e698a2842ee) Importer(2089858483,b0f066a214c2f5e87bad3c948f4d605d)
Start importing Assets/#NVJOB Slender/Example/Environment/Standard Assets/Effects/ImageEffects/Scripts/Quads.cs using Guid(966506bc399541c997779e698a2842ee) Importer(2089858483,b0f066a214c2f5e87bad3c948f4d605d) (ScriptedImporter) -> (artifact id: '56274c52d63c913273377b47e40012f2') in 0.0073532 seconds
Number of updated asset objects reloaded before import = 0Number of asset objects unloaded after import = 0

========================================================================
Received Import Request.
  Time since last request: 0.000041 seconds.
  path: Assets/#NVJOB Slender/Example/Environment/Standard Assets/Editor/ImageEffects/CameraMotionBlurEditor.cs
  artifactKey: Guid(f7980c2ce243435abba56fccfef37c11) Importer(2089858483,b0f066a214c2f5e87bad3c948f4d605d)
Start importing Assets/#NVJOB Slender/Example/Environment/Standard Assets/Editor/ImageEffects/CameraMotionBlurEditor.cs using Guid(f7980c2ce243435abba56fccfef37c11) Importer(2089858483,b0f066a214c2f5e87bad3c948f4d605d) (ScriptedImporter) -> (artifact id: '8e69d2b9d160256885681c73dcee932b') in 0.010826 seconds
Number of updated asset objects reloaded before import = 0Number of asset objects unloaded after import = 0

========================================================================
Received Import Request.
  Time since last request: 0.000030 seconds.
  path: Assets/#NVJOB Slender
  artifactKey: Guid(e8a028bed95076645ac057d47383ee5b) Importer(2089858483,b0f066a214c2f5e87bad3c948f4d605d)
Start importing Assets/#NVJOB Slender using Guid(e8a028bed95076645ac057d47383ee5b) Importer(2089858483,b0f066a214c2f5e87bad3c948f4d605d) (ScriptedImporter) -> (artifact id: '4c759cd151d93644172fdc0622bd8c51') in 0.0043834 seconds
Number of updated asset objects reloaded before import = 0Number of asset objects unloaded after import = 1

========================================================================
Received Import Request.
  Time since last request: 0.000037 seconds.
  path: Assets/#NVJOB Slender/Example/Environment/Standard Assets/Effects/ImageEffects/Shaders/TwirlEffect.shader
  artifactKey: Guid(b85feab6cdf548ed97e3e34b2973e4f0) Importer(2089858483,b0f066a214c2f5e87bad3c948f4d605d)
Start importing Assets/#NVJOB Slender/Example/Environment/Standard Assets/Effects/ImageEffects/Shaders/TwirlEffect.shader using Guid(b85feab6cdf548ed97e3e34b2973e4f0) Importer(2089858483,b0f066a214c2f5e87bad3c948f4d605d) (ScriptedImporter) -> (artifact id: '20ff03c68e07f5e1c07eea32ee92bb1d') in 0.0082564 seconds
Number of updated asset objects reloaded before import = 0Number of asset objects unloaded after import = 1

========================================================================
Received Import Request.
  Time since last request: 0.000060 seconds.
  path: Assets/#NVJOB Slender/Example/Environment/Scripts/TDControl.cs
  artifactKey: Guid(04b0ca73520e418d81b55d642dfa118a) Importer(2089858483,b0f066a214c2f5e87bad3c948f4d605d)
Start importing Assets/#NVJOB Slender/Example/Environment/Scripts/TDControl.cs using Guid(04b0ca73520e418d81b55d642dfa118a) Importer(2089858483,b0f066a214c2f5e87bad3c948f4d605d) (ScriptedImporter) -> (artifact id: '3679b8682d2505496da5bf4c541e4087') in 0.0089341 seconds
Number of updated asset objects reloaded before import = 0Number of asset objects unloaded after import = 0

========================================================================
Received Import Request.
  Time since last request: 0.000028 seconds.
  path: Assets/#NVJOB Slender/Example/Environment/Standard Assets/Effects/ImageEffects/Shaders/SimpleClear.shader
  artifactKey: Guid(e77e0b08ae174e5aa861ee7d524fd8c2) Importer(2089858483,b0f066a214c2f5e87bad3c948f4d605d)
Start importing Assets/#NVJOB Slender/Example/Environment/Standard Assets/Effects/ImageEffects/Shaders/SimpleClear.shader using Guid(e77e0b08ae174e5aa861ee7d524fd8c2) Importer(2089858483,b0f066a214c2f5e87bad3c948f4d605d) (ScriptedImporter) -> (artifact id: '6ef828a9f09f8ce5730000953631b865') in 0.0089631 seconds
Number of updated asset objects reloaded before import = 0Number of asset objects unloaded after import = 1

========================================================================
Received Import Request.
  Time since last request: 0.000051 seconds.
  path: Assets/#NVJOB Slender/Example/Environment/Meshes
  artifactKey: Guid(6ca403c998b843e382c62fe86cb7b2c5) Importer(2089858483,b0f066a214c2f5e87bad3c948f4d605d)
Start importing Assets/#NVJOB Slender/Example/Environment/Meshes using Guid(6ca403c998b843e382c62fe86cb7b2c5) Importer(2089858483,b0f066a214c2f5e87bad3c948f4d605d) (ScriptedImporter) -> (artifact id: '2ac60d222fe1c86c62da29043b79734e') in 0.0061412 seconds
Number of updated asset objects reloaded before import = 0Number of asset objects unloaded after import = 1

========================================================================
Received Import Request.
  Time since last request: 0.000043 seconds.
  path: Assets/#NVJOB Slender/Example/Environment/Standard Assets/Effects/ImageEffects/Textures/VignetteMask.png
  artifactKey: Guid(0910f75b572745c59e95e500ce2de632) Importer(2089858483,b0f066a214c2f5e87bad3c948f4d605d)
Start importing Assets/#NVJOB Slender/Example/Environment/Standard Assets/Effects/ImageEffects/Textures/VignetteMask.png using Guid(0910f75b572745c59e95e500ce2de632) Importer(2089858483,b0f066a214c2f5e87bad3c948f4d605d) (ScriptedImporter) -> (artifact id: '897719b13fac3d401de6179021802a18') in 0.0144657 seconds
Number of updated asset objects reloaded before import = 0Number of asset objects unloaded after import = 1

========================================================================
Received Import Request.
  Time since last request: 0.000071 seconds.
  path: Assets/#NVJOB Slender/Example/Environment/Standard Assets/Editor/ImageEffects/ColorCorrectionLookupEditor.cs
  artifactKey: Guid(543b847d4ff54b1999e8511852d3005a) Importer(2089858483,b0f066a214c2f5e87bad3c948f4d605d)
Start importing Assets/#NVJOB Slender/Example/Environment/Standard Assets/Editor/ImageEffects/ColorCorrectionLookupEditor.cs using Guid(543b847d4ff54b1999e8511852d3005a) Importer(2089858483,b0f066a214c2f5e87bad3c948f4d605d) (ScriptedImporter) -> (artifact id: '40e07caca6cb935eca53bbba1a30e9eb') in 0.0093821 seconds
Number of updated asset objects reloaded before import = 0Number of asset objects unloaded after import = 0

========================================================================
Received Import Request.
  Time since last request: 0.000059 seconds.
  path: Assets/#NVJOB Slender/Slender/Materials/Suit.mat
  artifactKey: Guid(994192d0dfec4c93a89bb23ae19a756f) Importer(2089858483,b0f066a214c2f5e87bad3c948f4d605d)
Start importing Assets/#NVJOB Slender/Slender/Materials/Suit.mat using Guid(994192d0dfec4c93a89bb23ae19a756f) Importer(2089858483,b0f066a214c2f5e87bad3c948f4d605d) (ScriptedImporter) -> (artifact id: '6c8681823e6ed72c1fba56bdd002b75e') in 0.0508492 seconds
Number of updated asset objects reloaded before import = 0Number of asset objects unloaded after import = 5

========================================================================
Received Import Request.
  Time since last request: 0.000039 seconds.
  path: Assets/#NVJOB Slender/Example/Environment/Standard Assets/Effects/ImageEffects/Textures
  artifactKey: Guid(5f39908f1f4e44acbf8a87000c67118a) Importer(2089858483,b0f066a214c2f5e87bad3c948f4d605d)
Start importing Assets/#NVJOB Slender/Example/Environment/Standard Assets/Effects/ImageEffects/Textures using Guid(5f39908f1f4e44acbf8a87000c67118a) Importer(2089858483,b0f066a214c2f5e87bad3c948f4d605d) (ScriptedImporter) -> (artifact id: '50939d65b0cdb06e73b8d0bae0e0ca23') in 0.0069688 seconds
Number of updated asset objects reloaded before import = 0Number of asset objects unloaded after import = 1

========================================================================
Received Import Request.
  Time since last request: 0.000028 seconds.
  path: Assets/AllSkyFree/Cold Night/Cold Night.mat
  artifactKey: Guid(9af23ba5fa5364ff598888460e0e2759) Importer(2089858483,b0f066a214c2f5e87bad3c948f4d605d)
Start importing Assets/AllSkyFree/Cold Night/Cold Night.mat using Guid(9af23ba5fa5364ff598888460e0e2759) Importer(2089858483,b0f066a214c2f5e87bad3c948f4d605d) (ScriptedImporter) -> (artifact id: '242c095ecec6f4bb3acbbb643c953cde') in 0.0697264 seconds
Number of updated asset objects reloaded before import = 0Number of asset objects unloaded after import = 7

========================================================================
Received Import Request.
  Time since last request: 0.000215 seconds.
  path: Assets/Settings/DefaultVolumeProfile.asset
  artifactKey: Guid(ab09877e2e707104187f6f83e2f62510) Importer(2089858483,b0f066a214c2f5e87bad3c948f4d605d)
Start importing Assets/Settings/DefaultVolumeProfile.asset using Guid(ab09877e2e707104187f6f83e2f62510) Importer(2089858483,b0f066a214c2f5e87bad3c948f4d605d) (ScriptedImporter) -> (artifact id: '718bcaedd633b888bef227e0fff58618') in 0.0164066 seconds
Number of updated asset objects reloaded before import = 0Number of asset objects unloaded after import = 0

========================================================================
Received Import Request.
  Time since last request: 0.000063 seconds.
  path: Assets/#NVJOB Slender/Example/Environment/Standard Assets/Effects/ImageEffects/Shaders/frag_ao.cginc
  artifactKey: Guid(1717f602e66f491783eefd96b5e7a5f8) Importer(2089858483,b0f066a214c2f5e87bad3c948f4d605d)
Start importing Assets/#NVJOB Slender/Example/Environment/Standard Assets/Effects/ImageEffects/Shaders/frag_ao.cginc using Guid(1717f602e66f491783eefd96b5e7a5f8) Importer(2089858483,b0f066a214c2f5e87bad3c948f4d605d) (ScriptedImporter) -> (artifact id: 'f0294486a13288995008c723d2763b00') in 0.0102186 seconds
Number of updated asset objects reloaded before import = 0Number of asset objects unloaded after import = 1

========================================================================
Received Import Request.
  Time since last request: 0.000035 seconds.
  path: Assets/#NVJOB Slender/Example/Environment/Standard Assets/Effects/ImageEffects/Scripts/SunShafts.cs
  artifactKey: Guid(8cb73c635e2d4c229a6ab9b5f41b81b7) Importer(2089858483,b0f066a214c2f5e87bad3c948f4d605d)
Start importing Assets/#NVJOB Slender/Example/Environment/Standard Assets/Effects/ImageEffects/Scripts/SunShafts.cs using Guid(8cb73c635e2d4c229a6ab9b5f41b81b7) Importer(2089858483,b0f066a214c2f5e87bad3c948f4d605d) (ScriptedImporter) -> (artifact id: '84425326c36598c89e39fb43daf0fad3') in 0.0069027 seconds
Number of updated asset objects reloaded before import = 0Number of asset objects unloaded after import = 0

========================================================================
Received Import Request.
  Time since last request: 0.000030 seconds.
  path: Assets/#NVJOB Slender/Example/Environment/Standard Assets/Effects/ImageEffects/Textures/NoiseEffectScratch.png
  artifactKey: Guid(9ae03039132c4e99b885764303fc0b44) Importer(2089858483,b0f066a214c2f5e87bad3c948f4d605d)
Start importing Assets/#NVJOB Slender/Example/Environment/Standard Assets/Effects/ImageEffects/Textures/NoiseEffectScratch.png using Guid(9ae03039132c4e99b885764303fc0b44) Importer(2089858483,b0f066a214c2f5e87bad3c948f4d605d) (ScriptedImporter) -> (artifact id: '0dc6891a63c244c364102cf054cb004a') in 0.0144883 seconds
Number of updated asset objects reloaded before import = 0Number of asset objects unloaded after import = 1

========================================================================
Received Import Request.
  Time since last request: 0.000044 seconds.
  path: Assets/#NVJOB Slender/Example/Environment/Standard Assets/Effects/ImageEffects/Scripts/DepthOfFieldDeprecated.cs
  artifactKey: Guid(c5d8cc3f712c4cd5833720b861c1c461) Importer(2089858483,b0f066a214c2f5e87bad3c948f4d605d)
Start importing Assets/#NVJOB Slender/Example/Environment/Standard Assets/Effects/ImageEffects/Scripts/DepthOfFieldDeprecated.cs using Guid(c5d8cc3f712c4cd5833720b861c1c461) Importer(2089858483,b0f066a214c2f5e87bad3c948f4d605d) (ScriptedImporter) -> (artifact id: '4ae71ca6e92eade6d671dc618d691b23') in 0.0060911 seconds
Number of updated asset objects reloaded before import = 0Number of asset objects unloaded after import = 0

========================================================================
Received Import Request.
  Time since last request: 0.000032 seconds.
  path: Assets/#NVJOB Slender/Example/Environment/Standard Assets/Effects/ImageEffects/Scripts/SepiaTone.cs
  artifactKey: Guid(43baf91cf7ea4471b340e79bef452812) Importer(2089858483,b0f066a214c2f5e87bad3c948f4d605d)
Start importing Assets/#NVJOB Slender/Example/Environment/Standard Assets/Effects/ImageEffects/Scripts/SepiaTone.cs using Guid(43baf91cf7ea4471b340e79bef452812) Importer(2089858483,b0f066a214c2f5e87bad3c948f4d605d) (ScriptedImporter) -> (artifact id: 'c2d9d8d252f55b9c39ce2218f0d708e1') in 0.0058175 seconds
Number of updated asset objects reloaded before import = 0Number of asset objects unloaded after import = 0

========================================================================
Received Import Request.
  Time since last request: 0.000044 seconds.
  path: Assets/AllSkyFree/_AllSkyFreeDemoEnvironment/AllSky_DemoEnvironment02.fbx
  artifactKey: Guid(e8f07670fb0274e35a65e6e98594a930) Importer(2089858483,b0f066a214c2f5e87bad3c948f4d605d)
Start importing Assets/AllSkyFree/_AllSkyFreeDemoEnvironment/AllSky_DemoEnvironment02.fbx using Guid(e8f07670fb0274e35a65e6e98594a930) Importer(2089858483,b0f066a214c2f5e87bad3c948f4d605d) (ScriptedImporter) -> (artifact id: '7727200726516e07b15ed2c38f811487') in 0.0824294 seconds
Number of updated asset objects reloaded before import = 0Number of asset objects unloaded after import = 11

========================================================================
Received Import Request.
  Time since last request: 0.000044 seconds.
  path: Assets/AllSkyFree/Cold Night/Cold Night__Cam_4_Up+Y.png
  artifactKey: Guid(3d6928c404a7c46c3991bb1b73521d66) Importer(2089858483,b0f066a214c2f5e87bad3c948f4d605d)
Start importing Assets/AllSkyFree/Cold Night/Cold Night__Cam_4_Up+Y.png using Guid(3d6928c404a7c46c3991bb1b73521d66) Importer(2089858483,b0f066a214c2f5e87bad3c948f4d605d) (ScriptedImporter) -> (artifact id: 'c48208c098ed8946113af53f1aba52f3') in 0.0326652 seconds
Number of updated asset objects reloaded before import = 0Number of asset objects unloaded after import = 1

========================================================================
Received Import Request.
  Time since last request: 0.000033 seconds.
  path: Assets/AllSkyFree/Deep Dusk/Deep Dusk__Cam_4_Up+Y.png
  artifactKey: Guid(d6efad16563c1446d86a121dbb004300) Importer(2089858483,b0f066a214c2f5e87bad3c948f4d605d)
Start importing Assets/AllSkyFree/Deep Dusk/Deep Dusk__Cam_4_Up+Y.png using Guid(d6efad16563c1446d86a121dbb004300) Importer(2089858483,b0f066a214c2f5e87bad3c948f4d605d) (ScriptedImporter) -> (artifact id: 'c373e75a5083c3c65359c90b5624e558') in 0.0231749 seconds
Number of updated asset objects reloaded before import = 0Number of asset objects unloaded after import = 1

========================================================================
Received Import Request.
  Time since last request: 0.000053 seconds.
  path: Assets/AllSkyFree/_AllSkyFreeDemoEnvironment/Materials/AllSkyDemoEnv_Landscape.mat
  artifactKey: Guid(010dd68491d1d4a1692a6d2272e5cb69) Importer(2089858483,b0f066a214c2f5e87bad3c948f4d605d)
Start importing Assets/AllSkyFree/_AllSkyFreeDemoEnvironment/Materials/AllSkyDemoEnv_Landscape.mat using Guid(010dd68491d1d4a1692a6d2272e5cb69) Importer(2089858483,b0f066a214c2f5e87bad3c948f4d605d) (ScriptedImporter) -> (artifact id: '9576814d1b8420745efd3390c7cb48ee') in 0.021949 seconds
Number of updated asset objects reloaded before import = 0Number of asset objects unloaded after import = 1

========================================================================
Received Import Request.
  Time since last request: 0.000042 seconds.
  path: Assets/TerrainData_33189408-c986-481c-b800-36322dd34299.asset
  artifactKey: Guid(59a62f17fe262f4489b7a7e1783f75b5) Importer(2089858483,b0f066a214c2f5e87bad3c948f4d605d)
Start importing Assets/TerrainData_33189408-c986-481c-b800-36322dd34299.asset using Guid(59a62f17fe262f4489b7a7e1783f75b5) Importer(2089858483,b0f066a214c2f5e87bad3c948f4d605d) (ScriptedImporter) -> (artifact id: 'c8b5e3c5e6f957586dafb6db47f526c0') in 0.0213977 seconds
Number of updated asset objects reloaded before import = 0Number of asset objects unloaded after import = 1

========================================================================
Received Import Request.
  Time since last request: 0.000047 seconds.
  path: Assets/#NVJOB Slender/Example/Environment/Standard Assets/Effects/ImageEffects/Scripts/BloomOptimized.cs
  artifactKey: Guid(4c2bbcbdb1ac427ca8d82670fb146bcb) Importer(2089858483,b0f066a214c2f5e87bad3c948f4d605d)
Start importing Assets/#NVJOB Slender/Example/Environment/Standard Assets/Effects/ImageEffects/Scripts/BloomOptimized.cs using Guid(4c2bbcbdb1ac427ca8d82670fb146bcb) Importer(2089858483,b0f066a214c2f5e87bad3c948f4d605d) (ScriptedImporter) -> (artifact id: '823eb22c6e57e92ed37dfbf71f16d8f8') in 0.0115904 seconds
Number of updated asset objects reloaded before import = 0Number of asset objects unloaded after import = 0

========================================================================
Received Import Request.
  Time since last request: 0.000092 seconds.
  path: Assets/AllSkyFree/Deep Dusk/Deep Dusk.mat
  artifactKey: Guid(b4f152e0498484391a9f0d5a1facf03b) Importer(2089858483,b0f066a214c2f5e87bad3c948f4d605d)
Start importing Assets/AllSkyFree/Deep Dusk/Deep Dusk.mat using Guid(b4f152e0498484391a9f0d5a1facf03b) Importer(2089858483,b0f066a214c2f5e87bad3c948f4d605d) (ScriptedImporter) -> (artifact id: '38cb4410280df9553f5d9a99bb55b9fc') in 0.0525226 seconds
Number of updated asset objects reloaded before import = 0Number of asset objects unloaded after import = 7

========================================================================
Received Import Request.
  Time since last request: 0.000102 seconds.
  path: Assets/AllSkyFree/Cold Night/Cold Night Equirect.png
  artifactKey: Guid(97259d0c0ea9f491692be825da27978a) Importer(2089858483,b0f066a214c2f5e87bad3c948f4d605d)
Start importing Assets/AllSkyFree/Cold Night/Cold Night Equirect.png using Guid(97259d0c0ea9f491692be825da27978a) Importer(2089858483,b0f066a214c2f5e87bad3c948f4d605d) (ScriptedImporter) -> (artifact id: 'af0a87aff7b8e0ae8d975a12771b8e1c') in 0.0750117 seconds
Number of updated asset objects reloaded before import = 0Number of asset objects unloaded after import = 1

========================================================================
Received Import Request.
  Time since last request: 0.000042 seconds.
  path: Assets/AllSkyFree/Cold Night/Cold Night__Cam_0_Front+Z.png
  artifactKey: Guid(aad96e1c2baf24d3499e2ea1426ab824) Importer(2089858483,b0f066a214c2f5e87bad3c948f4d605d)
Start importing Assets/AllSkyFree/Cold Night/Cold Night__Cam_0_Front+Z.png using Guid(aad96e1c2baf24d3499e2ea1426ab824) Importer(2089858483,b0f066a214c2f5e87bad3c948f4d605d) (ScriptedImporter) -> (artifact id: '3af25085bb4d62989e60ceb9d6dd92d8') in 0.0215822 seconds
Number of updated asset objects reloaded before import = 0Number of asset objects unloaded after import = 1

========================================================================
Received Import Request.
  Time since last request: 0.000049 seconds.
  path: Assets/AllSkyFree/Epic_GloriousPink/Epic_GloriousPink_Cam_3_Right-X.png
  artifactKey: Guid(938f8444195114ab791cdba8f627e3e7) Importer(2089858483,b0f066a214c2f5e87bad3c948f4d605d)
Start importing Assets/AllSkyFree/Epic_GloriousPink/Epic_GloriousPink_Cam_3_Right-X.png using Guid(938f8444195114ab791cdba8f627e3e7) Importer(2089858483,b0f066a214c2f5e87bad3c948f4d605d) (ScriptedImporter) -> (artifact id: 'd2656cc6c8a8a11ed4d07859eeeed848') in 0.0233875 seconds
Number of updated asset objects reloaded before import = 0Number of asset objects unloaded after import = 1

========================================================================
Received Import Request.
  Time since last request: 0.000214 seconds.
  path: Assets/#NVJOB Slender/Example/Environment/Standard Assets/Effects/ImageEffects/Shaders/_DepthOfField/TiltShiftHdrLensBlur.shader
  artifactKey: Guid(87a0c46987a84a72952319955abedbaa) Importer(2089858483,b0f066a214c2f5e87bad3c948f4d605d)
Start importing Assets/#NVJOB Slender/Example/Environment/Standard Assets/Effects/ImageEffects/Shaders/_DepthOfField/TiltShiftHdrLensBlur.shader using Guid(87a0c46987a84a72952319955abedbaa) Importer(2089858483,b0f066a214c2f5e87bad3c948f4d605d) (ScriptedImporter) -> (artifact id: 'ed9b84c72f67b0264205c8e0e215a9e5') in 0.0072687 seconds
Number of updated asset objects reloaded before import = 0Number of asset objects unloaded after import = 1

========================================================================
Received Import Request.
  Time since last request: 0.000063 seconds.
  path: Assets/#NVJOB Slender/Example/Environment/Standard Assets/Effects/ImageEffects/Scripts/Fisheye.cs
  artifactKey: Guid(e96bf2bd6e4a41b3ae41fa674269a3f2) Importer(2089858483,b0f066a214c2f5e87bad3c948f4d605d)
Start importing Assets/#NVJOB Slender/Example/Environment/Standard Assets/Effects/ImageEffects/Scripts/Fisheye.cs using Guid(e96bf2bd6e4a41b3ae41fa674269a3f2) Importer(2089858483,b0f066a214c2f5e87bad3c948f4d605d) (ScriptedImporter) -> (artifact id: 'a93d0072f5ba5e1ee847f6b9bf6daeb9') in 0.0067826 seconds
Number of updated asset objects reloaded before import = 0Number of asset objects unloaded after import = 0

========================================================================
Received Import Request.
  Time since last request: 0.000036 seconds.
  path: Assets/AllSkyFree/Cold Night/Cold Night__Cam_1_Back-Z.png
  artifactKey: Guid(7a03001a6d7c746a2a2467b3b3f51660) Importer(2089858483,b0f066a214c2f5e87bad3c948f4d605d)
Start importing Assets/AllSkyFree/Cold Night/Cold Night__Cam_1_Back-Z.png using Guid(7a03001a6d7c746a2a2467b3b3f51660) Importer(2089858483,b0f066a214c2f5e87bad3c948f4d605d) (ScriptedImporter) -> (artifact id: '645b1c6c9cee846db46d497c83d00d8a') in 0.0264475 seconds
Number of updated asset objects reloaded before import = 0Number of asset objects unloaded after import = 1

========================================================================
Received Import Request.
  Time since last request: 0.000031 seconds.
  path: Assets/AllSkyFree/Deep Dusk/Deep Dusk__Cam_1_Back-Z.png
  artifactKey: Guid(5e2aba0844c5a4c2ca77ba49a1ea08d5) Importer(2089858483,b0f066a214c2f5e87bad3c948f4d605d)
Start importing Assets/AllSkyFree/Deep Dusk/Deep Dusk__Cam_1_Back-Z.png using Guid(5e2aba0844c5a4c2ca77ba49a1ea08d5) Importer(2089858483,b0f066a214c2f5e87bad3c948f4d605d) (ScriptedImporter) -> (artifact id: 'cf042cdc3f21fcbbf002b7342296f482') in 0.0170441 seconds
Number of updated asset objects reloaded before import = 0Number of asset objects unloaded after import = 1

========================================================================
Received Import Request.
  Time since last request: 0.000039 seconds.
  path: Assets/#NVJOB Slender/Example/Environment/Materials/Fake Light Flash.shader
  artifactKey: Guid(36b5db00e5ac4ef7b249fd487a0d2658) Importer(2089858483,b0f066a214c2f5e87bad3c948f4d605d)
Start importing Assets/#NVJOB Slender/Example/Environment/Materials/Fake Light Flash.shader using Guid(36b5db00e5ac4ef7b249fd487a0d2658) Importer(2089858483,b0f066a214c2f5e87bad3c948f4d605d) (ScriptedImporter) -> (artifact id: 'e90ff4c9234ce36e3367f10e6d7e28d3') in 0.0134787 seconds
Number of updated asset objects reloaded before import = 0Number of asset objects unloaded after import = 1

========================================================================
Received Import Request.
  Time since last request: 0.000117 seconds.
  path: Assets/#NVJOB Slender/Example/Environment/Standard Assets/Effects/ImageEffects/Shaders/_BloomAndFlares/BrightPassFilter2.shader
  artifactKey: Guid(3cb70021c7914b2080abd457180f7af5) Importer(2089858483,b0f066a214c2f5e87bad3c948f4d605d)
Start importing Assets/#NVJOB Slender/Example/Environment/Standard Assets/Effects/ImageEffects/Shaders/_BloomAndFlares/BrightPassFilter2.shader using Guid(3cb70021c7914b2080abd457180f7af5) Importer(2089858483,b0f066a214c2f5e87bad3c948f4d605d) (ScriptedImporter) -> (artifact id: '2c669a44e834651690ff84e355ca544b') in 0.0144387 seconds
Number of updated asset objects reloaded before import = 0Number of asset objects unloaded after import = 1

========================================================================
Received Import Request.
  Time since last request: 0.000032 seconds.
  path: Assets/#NVJOB Slender/Example/Environment/Standard Assets/Effects/ImageEffects/Shaders/ColorCorrectionCurves.shader
  artifactKey: Guid(291c2e9677b249e39279600a9cbd2755) Importer(2089858483,b0f066a214c2f5e87bad3c948f4d605d)
Start importing Assets/#NVJOB Slender/Example/Environment/Standard Assets/Effects/ImageEffects/Shaders/ColorCorrectionCurves.shader using Guid(291c2e9677b249e39279600a9cbd2755) Importer(2089858483,b0f066a214c2f5e87bad3c948f4d605d) (ScriptedImporter) -> (artifact id: 'ab186f8d85bff2e65bd9313618c330dd') in 0.0062104 seconds
Number of updated asset objects reloaded before import = 0Number of asset objects unloaded after import = 1

========================================================================
Received Import Request.
  Time since last request: 0.000041 seconds.
  path: Assets/AllSkyFree/Overcast Low/Sky_AllSky_Overcast4_Low_Cam_1_Back-Z.png
  artifactKey: Guid(4efb8fd75703d43cab6f01b240a7c945) Importer(2089858483,b0f066a214c2f5e87bad3c948f4d605d)
Start importing Assets/AllSkyFree/Overcast Low/Sky_AllSky_Overcast4_Low_Cam_1_Back-Z.png using Guid(4efb8fd75703d43cab6f01b240a7c945) Importer(2089858483,b0f066a214c2f5e87bad3c948f4d605d) (ScriptedImporter) -> (artifact id: '241094895296da6d8a6af4562041499e') in 0.0188017 seconds
Number of updated asset objects reloaded before import = 0Number of asset objects unloaded after import = 1

========================================================================
Received Import Request.
  Time since last request: 0.000035 seconds.
  path: Assets/AllSkyFree/Overcast Low/Sky_AllSky_Overcast4_Low_Cam_3_Right-X.png
  artifactKey: Guid(0ccd1239645f54012a6ea72739d04982) Importer(2089858483,b0f066a214c2f5e87bad3c948f4d605d)
Start importing Assets/AllSkyFree/Overcast Low/Sky_AllSky_Overcast4_Low_Cam_3_Right-X.png using Guid(0ccd1239645f54012a6ea72739d04982) Importer(2089858483,b0f066a214c2f5e87bad3c948f4d605d) (ScriptedImporter) -> (artifact id: '116ae94e1ba355c8eca36eeb1298b901') in 0.0221673 seconds
Number of updated asset objects reloaded before import = 0Number of asset objects unloaded after import = 1

========================================================================
Received Import Request.
  Time since last request: 0.000032 seconds.
  path: Assets/#NVJOB Slender/Example/Environment/Standard Assets/Effects/ImageEffects/Shaders/GrayscaleEffect.shader
  artifactKey: Guid(872c9f85f8ec4719ad4aabf6002fe71a) Importer(2089858483,b0f066a214c2f5e87bad3c948f4d605d)
Start importing Assets/#NVJOB Slender/Example/Environment/Standard Assets/Effects/ImageEffects/Shaders/GrayscaleEffect.shader using Guid(872c9f85f8ec4719ad4aabf6002fe71a) Importer(2089858483,b0f066a214c2f5e87bad3c948f4d605d) (ScriptedImporter) -> (artifact id: '9f978f2ba5fd27bdb2a8309e378d2e9c') in 0.0130764 seconds
Number of updated asset objects reloaded before import = 0Number of asset objects unloaded after import = 1

========================================================================
Received Import Request.
  Time since last request: 0.000049 seconds.
  path: Assets/AllSkyFree/_AllSkyFreeDemoEnvironment/Materials/AllSkyDemoEnv_Rock.mat
  artifactKey: Guid(bfe0cbb8b308b4a40a8f309f516eede2) Importer(2089858483,b0f066a214c2f5e87bad3c948f4d605d)
Start importing Assets/AllSkyFree/_AllSkyFreeDemoEnvironment/Materials/AllSkyDemoEnv_Rock.mat using Guid(bfe0cbb8b308b4a40a8f309f516eede2) Importer(2089858483,b0f066a214c2f5e87bad3c948f4d605d) (ScriptedImporter) -> (artifact id: '568875ddbf4c79cc5041a828ead5debc') in 0.0092944 seconds
Number of updated asset objects reloaded before import = 0Number of asset objects unloaded after import = 1

========================================================================
Received Import Request.
  Time since last request: 0.000042 seconds.
  path: Assets/AllSkyFree/Cold Night/Cold Night.unity
  artifactKey: Guid(8c6f0d7d2a576443a92d35db4d83c4da) Importer(2089858483,b0f066a214c2f5e87bad3c948f4d605d)
Start importing Assets/AllSkyFree/Cold Night/Cold Night.unity using Guid(8c6f0d7d2a576443a92d35db4d83c4da) Importer(2089858483,b0f066a214c2f5e87bad3c948f4d605d) (ScriptedImporter) -> (artifact id: '505c7f15800908e492a504805523d805') in 0.0137388 seconds
Number of updated asset objects reloaded before import = 0Number of asset objects unloaded after import = 1

========================================================================
Received Import Request.
  Time since last request: 0.000039 seconds.
  path: Assets/AllSkyFree/Night MoonBurst/AllSky_Night_MoonBurst Equirect.png
  artifactKey: Guid(34a763168147f4182a21b9fd004d67de) Importer(2089858483,b0f066a214c2f5e87bad3c948f4d605d)
Start importing Assets/AllSkyFree/Night MoonBurst/AllSky_Night_MoonBurst Equirect.png using Guid(34a763168147f4182a21b9fd004d67de) Importer(2089858483,b0f066a214c2f5e87bad3c948f4d605d) (ScriptedImporter) -> (artifact id: '7cbf95d5d51fc6942f90cfd761827e9c') in 0.0762956 seconds
Number of updated asset objects reloaded before import = 0Number of asset objects unloaded after import = 1

========================================================================
Received Import Request.
  Time since last request: 0.000052 seconds.
  path: Assets/AllSkyFree/Night MoonBurst/Night Moon Burst_Cam_2_Left+X.png
  artifactKey: Guid(c35d875303c454b9a8acaae0f7800313) Importer(2089858483,b0f066a214c2f5e87bad3c948f4d605d)
Start importing Assets/AllSkyFree/Night MoonBurst/Night Moon Burst_Cam_2_Left+X.png using Guid(c35d875303c454b9a8acaae0f7800313) Importer(2089858483,b0f066a214c2f5e87bad3c948f4d605d) (ScriptedImporter) -> (artifact id: 'e85f31a3bfc9a8f263c7a33707f8e79a') in 0.0188116 seconds
Number of updated asset objects reloaded before import = 0Number of asset objects unloaded after import = 1

========================================================================
Received Import Request.
  Time since last request: 0.000064 seconds.
  path: Assets/#NVJOB Slender/Example/Environment/Standard Assets/Editor/ImageEffects/AntialiasingEditor.cs
  artifactKey: Guid(35750742851f45679bd5c157449d02fd) Importer(2089858483,b0f066a214c2f5e87bad3c948f4d605d)
Start importing Assets/#NVJOB Slender/Example/Environment/Standard Assets/Editor/ImageEffects/AntialiasingEditor.cs using Guid(35750742851f45679bd5c157449d02fd) Importer(2089858483,b0f066a214c2f5e87bad3c948f4d605d) (ScriptedImporter) -> (artifact id: 'b6106f2bfe17136c9b7c140bcacb24ff') in 0.0046096 seconds
Number of updated asset objects reloaded before import = 0Number of asset objects unloaded after import = 0

========================================================================
Received Import Request.
  Time since last request: 0.000116 seconds.
  path: Assets/#NVJOB Slender/Example/Environment/Standard Assets/Effects/ImageEffects/Shaders/VignettingShader.shader
  artifactKey: Guid(3e9b9b51c89a4525a99a707c67e1ce39) Importer(2089858483,b0f066a214c2f5e87bad3c948f4d605d)
Start importing Assets/#NVJOB Slender/Example/Environment/Standard Assets/Effects/ImageEffects/Shaders/VignettingShader.shader using Guid(3e9b9b51c89a4525a99a707c67e1ce39) Importer(2089858483,b0f066a214c2f5e87bad3c948f4d605d) (ScriptedImporter) -> (artifact id: 'b1778282327cf7fa209728d9a22b6b83') in 0.0070668 seconds
Number of updated asset objects reloaded before import = 0Number of asset objects unloaded after import = 1

========================================================================
Received Import Request.
  Time since last request: 0.000094 seconds.
  path: Assets/AllSkyFree/Deep Dusk
  artifactKey: Guid(6e2365a3b549547b998c293780300ffe) Importer(2089858483,b0f066a214c2f5e87bad3c948f4d605d)
Start importing Assets/AllSkyFree/Deep Dusk using Guid(6e2365a3b549547b998c293780300ffe) Importer(2089858483,b0f066a214c2f5e87bad3c948f4d605d) (ScriptedImporter) -> (artifact id: '80a30ba8a3c023ee574aea767d803ea0') in 0.00815 seconds
Number of updated asset objects reloaded before import = 0Number of asset objects unloaded after import = 1

========================================================================
Received Import Request.
  Time since last request: 0.000048 seconds.
  path: Assets/AllSkyFree/_AllSkyFreeDemoEnvironment/Materials/AllSkyDemoEnv_LightIllum.mat
  artifactKey: Guid(ff33c7fce672541f095331a057da80f0) Importer(2089858483,b0f066a214c2f5e87bad3c948f4d605d)
Start importing Assets/AllSkyFree/_AllSkyFreeDemoEnvironment/Materials/AllSkyDemoEnv_LightIllum.mat using Guid(ff33c7fce672541f095331a057da80f0) Importer(2089858483,b0f066a214c2f5e87bad3c948f4d605d) (ScriptedImporter) -> (artifact id: 'fe4bef8e5cfa47ef5f458effb4cf68b9') in 0.0179149 seconds
Number of updated asset objects reloaded before import = 0Number of asset objects unloaded after import = 2

========================================================================
Received Import Request.
  Time since last request: 0.000053 seconds.
  path: Assets/AllSkyFree/_AllSkyFreeDemoEnvironment/AllSky_DemoEnvironment_Light.fbx
  artifactKey: Guid(d9ad0f74d68824711bc800186cf63d22) Importer(2089858483,b0f066a214c2f5e87bad3c948f4d605d)
Start importing Assets/AllSkyFree/_AllSkyFreeDemoEnvironment/AllSky_DemoEnvironment_Light.fbx using Guid(d9ad0f74d68824711bc800186cf63d22) Importer(2089858483,b0f066a214c2f5e87bad3c948f4d605d) (ScriptedImporter) -> (artifact id: 'b6db975a83273cb883f366fc6fd4c4e9') in 0.0201763 seconds
Number of updated asset objects reloaded before import = 0Number of asset objects unloaded after import = 9

========================================================================
Received Import Request.
  Time since last request: 0.000189 seconds.
  path: Assets/AllSkyFree/Overcast Low/AllSky_Overcast4_Low.unity
  artifactKey: Guid(5d6a31542c4b5409faf229e819f55341) Importer(2089858483,b0f066a214c2f5e87bad3c948f4d605d)
Start importing Assets/AllSkyFree/Overcast Low/AllSky_Overcast4_Low.unity using Guid(5d6a31542c4b5409faf229e819f55341) Importer(2089858483,b0f066a214c2f5e87bad3c948f4d605d) (ScriptedImporter) -> (artifact id: '69b0078ee45e033ef86148a6a57ed1ca') in 0.0055026 seconds
Number of updated asset objects reloaded before import = 0Number of asset objects unloaded after import = 1

========================================================================
Received Import Request.
  Time since last request: 0.000038 seconds.
  path: Assets/AllSkyFree/Epic_GloriousPink/Epic_GloriousPink_EquiRect.png
  artifactKey: Guid(8a293ce833d584fc98516e0e74f495a4) Importer(2089858483,b0f066a214c2f5e87bad3c948f4d605d)
Start importing Assets/AllSkyFree/Epic_GloriousPink/Epic_GloriousPink_EquiRect.png using Guid(8a293ce833d584fc98516e0e74f495a4) Importer(2089858483,b0f066a214c2f5e87bad3c948f4d605d) (ScriptedImporter) -> (artifact id: '43ac5029b741754a4aad2cb02bbf993e') in 0.0672211 seconds
Number of updated asset objects reloaded before import = 0Number of asset objects unloaded after import = 1

========================================================================
Received Import Request.
  Time since last request: 0.000037 seconds.
  path: Assets/AllSkyFree/Cold Night/Cold NightSettings.lighting
  artifactKey: Guid(b4002c553459e4873859bae63980d866) Importer(2089858483,b0f066a214c2f5e87bad3c948f4d605d)
Start importing Assets/AllSkyFree/Cold Night/Cold NightSettings.lighting using Guid(b4002c553459e4873859bae63980d866) Importer(2089858483,b0f066a214c2f5e87bad3c948f4d605d) (ScriptedImporter) -> (artifact id: '411bc646ab4da690a996c1a0bcd06064') in 0.0255433 seconds
Number of updated asset objects reloaded before import = 0Number of asset objects unloaded after import = 1

========================================================================
Received Import Request.
  Time since last request: 0.000050 seconds.
  path: Assets/AllSkyFree/Overcast Low/Sky_AllSky_Overcast4_Low_Cam_5_Down-Y.png
  artifactKey: Guid(4164b771c2b784c2da3cbe10847a182e) Importer(2089858483,b0f066a214c2f5e87bad3c948f4d605d)
Start importing Assets/AllSkyFree/Overcast Low/Sky_AllSky_Overcast4_Low_Cam_5_Down-Y.png using Guid(4164b771c2b784c2da3cbe10847a182e) Importer(2089858483,b0f066a214c2f5e87bad3c948f4d605d) (ScriptedImporter) -> (artifact id: '965c4bdff77e8cea553e6304d9e896fe') in 0.0203802 seconds
Number of updated asset objects reloaded before import = 0Number of asset objects unloaded after import = 1

========================================================================
Received Import Request.
  Time since last request: 0.000053 seconds.
  path: Assets/AllSkyFree/_AllSkyFreeDemoEnvironment/Materials
  artifactKey: Guid(d01d162f3fa514c82bb2896086de4bc6) Importer(2089858483,b0f066a214c2f5e87bad3c948f4d605d)
Start importing Assets/AllSkyFree/_AllSkyFreeDemoEnvironment/Materials using Guid(d01d162f3fa514c82bb2896086de4bc6) Importer(2089858483,b0f066a214c2f5e87bad3c948f4d605d) (ScriptedImporter) -> (artifact id: 'd64a5f3eaec31f3c574dee03b703d726') in 0.0061291 seconds
Number of updated asset objects reloaded before import = 0Number of asset objects unloaded after import = 1

========================================================================
Received Import Request.
  Time since last request: 0.000035 seconds.
  path: Assets/AllSkyFree/_AllSkyFreeDemoEnvironment/Materials/Landscape.mat
  artifactKey: Guid(3d487adf3c289054a8bfbe8b2301eabd) Importer(2089858483,b0f066a214c2f5e87bad3c948f4d605d)
Start importing Assets/AllSkyFree/_AllSkyFreeDemoEnvironment/Materials/Landscape.mat using Guid(3d487adf3c289054a8bfbe8b2301eabd) Importer(2089858483,b0f066a214c2f5e87bad3c948f4d605d) (ScriptedImporter) -> (artifact id: '6d06ab98e372619203d8aa042c31a3eb') in 0.008055 seconds
Number of updated asset objects reloaded before import = 0Number of asset objects unloaded after import = 1

========================================================================
Received Import Request.
  Time since last request: 0.000035 seconds.
  path: Assets/AllSkyFree
  artifactKey: Guid(72589719770b04ead999af902c0459f8) Importer(2089858483,b0f066a214c2f5e87bad3c948f4d605d)
Start importing Assets/AllSkyFree using Guid(72589719770b04ead999af902c0459f8) Importer(2089858483,b0f066a214c2f5e87bad3c948f4d605d) (ScriptedImporter) -> (artifact id: '2f3da8d867f102bd8f9bdf2f72178b6c') in 0.0067988 seconds
Number of updated asset objects reloaded before import = 0Number of asset objects unloaded after import = 1

========================================================================
Received Import Request.
  Time since last request: 0.000063 seconds.
  path: Assets/ElmanGameDevTools/FirstPersonControllerPro/Mesh/Plane.fbx
  artifactKey: Guid(8ef7a186db3643145bf981ed96d849d4) Importer(2089858483,b0f066a214c2f5e87bad3c948f4d605d)
Start importing Assets/ElmanGameDevTools/FirstPersonControllerPro/Mesh/Plane.fbx using Guid(8ef7a186db3643145bf981ed96d849d4) Importer(2089858483,b0f066a214c2f5e87bad3c948f4d605d) (ScriptedImporter) -> (artifact id: '27839283411b6b2c81d4248e8c61ed55') in 0.0144693 seconds
Number of updated asset objects reloaded before import = 0Number of asset objects unloaded after import = 8

========================================================================
Received Import Request.
  Time since last request: 0.000040 seconds.
  path: Assets/AllSkyFree/Deep Dusk/Deep DuskSettings.lighting
  artifactKey: Guid(689228fde573240fcb33862ad7a03930) Importer(2089858483,b0f066a214c2f5e87bad3c948f4d605d)
Start importing Assets/AllSkyFree/Deep Dusk/Deep DuskSettings.lighting using Guid(689228fde573240fcb33862ad7a03930) Importer(2089858483,b0f066a214c2f5e87bad3c948f4d605d) (ScriptedImporter) -> (artifact id: '160980f47b64a461a18f2d25161dccea') in 0.0078092 seconds
Number of updated asset objects reloaded before import = 0Number of asset objects unloaded after import = 1

========================================================================
Received Import Request.
  Time since last request: 0.000165 seconds.
  path: Assets/AllSkyFree/Overcast Low/Sky_AllSky_Overcast4_Low_Cam_0_Front+Z.png
  artifactKey: Guid(402fe3aa91fba453f92dd3bbe820dbd9) Importer(2089858483,b0f066a214c2f5e87bad3c948f4d605d)
Start importing Assets/AllSkyFree/Overcast Low/Sky_AllSky_Overcast4_Low_Cam_0_Front+Z.png using Guid(402fe3aa91fba453f92dd3bbe820dbd9) Importer(2089858483,b0f066a214c2f5e87bad3c948f4d605d) (ScriptedImporter) -> (artifact id: '47460f252b55f634b24d6ae3b6e09bf4') in 0.0188725 seconds
Number of updated asset objects reloaded before import = 0Number of asset objects unloaded after import = 1

========================================================================
Received Import Request.
  Time since last request: 0.000071 seconds.
  path: Assets/AllSkyFree/Night MoonBurst/Night Moon Burst_Cam_3_Right-X.png
  artifactKey: Guid(8e462a9bf0b1941148e4318e741d7b09) Importer(2089858483,b0f066a214c2f5e87bad3c948f4d605d)
Start importing Assets/AllSkyFree/Night MoonBurst/Night Moon Burst_Cam_3_Right-X.png using Guid(8e462a9bf0b1941148e4318e741d7b09) Importer(2089858483,b0f066a214c2f5e87bad3c948f4d605d) (ScriptedImporter) -> (artifact id: 'c2f35dbaa4fd2460daf7080ff2c4f4e4') in 0.0232754 seconds
Number of updated asset objects reloaded before import = 0Number of asset objects unloaded after import = 1

========================================================================
Received Import Request.
  Time since last request: 0.000055 seconds.
  path: Assets/ElmanGameDevTools/FirstPersonControllerPro/Materials/Grass.mat
  artifactKey: Guid(5877940fdb7e44c4d8507e04cfe0b190) Importer(2089858483,b0f066a214c2f5e87bad3c948f4d605d)
Start importing Assets/ElmanGameDevTools/FirstPersonControllerPro/Materials/Grass.mat using Guid(5877940fdb7e44c4d8507e04cfe0b190) Importer(2089858483,b0f066a214c2f5e87bad3c948f4d605d) (ScriptedImporter) -> (artifact id: 'de2ea9182fda42019f7661ad4cb04b0e') in 0.0103009 seconds
Number of updated asset objects reloaded before import = 0Number of asset objects unloaded after import = 2

========================================================================
Received Import Request.
  Time since last request: 0.000037 seconds.
  path: Assets/ElmanGameDevTools/FirstPersonControllerPro/Materials/Metal.mat
  artifactKey: Guid(e786a01bd24350b418d85a26a31e260b) Importer(2089858483,b0f066a214c2f5e87bad3c948f4d605d)
Start importing Assets/ElmanGameDevTools/FirstPersonControllerPro/Materials/Metal.mat using Guid(e786a01bd24350b418d85a26a31e260b) Importer(2089858483,b0f066a214c2f5e87bad3c948f4d605d) (ScriptedImporter) -> (artifact id: 'fdc969c35896bfea14393c72e39ac0c4') in 0.0133573 seconds
Number of updated asset objects reloaded before import = 0Number of asset objects unloaded after import = 1

========================================================================
Received Import Request.
  Time since last request: 0.000056 seconds.
  path: Assets/ElmanGameDevTools/FirstPersonControllerPro/Scripts/PlayerSystem/PlayerMusic.cs
  artifactKey: Guid(805c39ae8f5117b499d598acf1d53ebf) Importer(2089858483,b0f066a214c2f5e87bad3c948f4d605d)
Start importing Assets/ElmanGameDevTools/FirstPersonControllerPro/Scripts/PlayerSystem/PlayerMusic.cs using Guid(805c39ae8f5117b499d598acf1d53ebf) Importer(2089858483,b0f066a214c2f5e87bad3c948f4d605d) (ScriptedImporter) -> (artifact id: 'e77929e6ba6a57e4e81a9a53053278bc') in 0.0091571 seconds
Number of updated asset objects reloaded before import = 0Number of asset objects unloaded after import = 0

========================================================================
Received Import Request.
  Time since last request: 0.000039 seconds.
  path: Assets/AllSkyFree/_AllSkyFreeDemoEnvironment/Materials/TreeLeaves.mat
  artifactKey: Guid(c55e0a2db5a65f440bd1ad534e790f30) Importer(2089858483,b0f066a214c2f5e87bad3c948f4d605d)
Start importing Assets/AllSkyFree/_AllSkyFreeDemoEnvironment/Materials/TreeLeaves.mat using Guid(c55e0a2db5a65f440bd1ad534e790f30) Importer(2089858483,b0f066a214c2f5e87bad3c948f4d605d) (ScriptedImporter) -> (artifact id: 'db1fb630b230f6ba77bfc891becb2fed') in 0.0106193 seconds
Number of updated asset objects reloaded before import = 0Number of asset objects unloaded after import = 1

========================================================================
Received Import Request.
  Time since last request: 0.000030 seconds.
  path: Assets/#NVJOB Slender/Example/Environment/Standard Assets/Effects/ImageEffects/Scripts/ImageEffectBase.cs
  artifactKey: Guid(f34e0f5182d54fd99fff983c41c4772d) Importer(2089858483,b0f066a214c2f5e87bad3c948f4d605d)
Start importing Assets/#NVJOB Slender/Example/Environment/Standard Assets/Effects/ImageEffects/Scripts/ImageEffectBase.cs using Guid(f34e0f5182d54fd99fff983c41c4772d) Importer(2089858483,b0f066a214c2f5e87bad3c948f4d605d) (ScriptedImporter) -> (artifact id: '5d3e4a523e443c177525892ee69f9de8') in 0.0104317 seconds
Number of updated asset objects reloaded before import = 0Number of asset objects unloaded after import = 0

========================================================================
Received Import Request.
  Time since last request: 0.000031 seconds.
  path: Assets/AllSkyFree/Night MoonBurst/Night Moon Burst.mat
  artifactKey: Guid(c494c335823f54b52b2e87e1b7a63a23) Importer(2089858483,b0f066a214c2f5e87bad3c948f4d605d)
Start importing Assets/AllSkyFree/Night MoonBurst/Night Moon Burst.mat using Guid(c494c335823f54b52b2e87e1b7a63a23) Importer(2089858483,b0f066a214c2f5e87bad3c948f4d605d) (ScriptedImporter) -> (artifact id: '33d955d6f91dee2fc34b2e0cc9e18fdf') in 0.0483629 seconds
Number of updated asset objects reloaded before import = 0Number of asset objects unloaded after import = 7

========================================================================
Received Import Request.
  Time since last request: 0.000042 seconds.
  path: Assets/AllSkyFree/_AllSkyFreeDemoEnvironment
  artifactKey: Guid(4392334f044e44affbf9f5162eb718ae) Importer(2089858483,b0f066a214c2f5e87bad3c948f4d605d)
Start importing Assets/AllSkyFree/_AllSkyFreeDemoEnvironment using Guid(4392334f044e44affbf9f5162eb718ae) Importer(2089858483,b0f066a214c2f5e87bad3c948f4d605d) (ScriptedImporter) -> (artifact id: '98a5ce82afc80921574b0b6c17e0e6cf') in 0.0065092 seconds
Number of updated asset objects reloaded before import = 0Number of asset objects unloaded after import = 1

========================================================================
Received Import Request.
  Time since last request: 0.000050 seconds.
  path: Assets/ElmanGameDevTools/FirstPersonControllerPro/Player/Song
  artifactKey: Guid(48583d1a1b326994983e2b968679d64e) Importer(2089858483,b0f066a214c2f5e87bad3c948f4d605d)
Start importing Assets/ElmanGameDevTools/FirstPersonControllerPro/Player/Song using Guid(48583d1a1b326994983e2b968679d64e) Importer(2089858483,b0f066a214c2f5e87bad3c948f4d605d) (ScriptedImporter) -> (artifact id: 'c47be8d5e56ed41a5bbce1b212f25114') in 0.004647 seconds
Number of updated asset objects reloaded before import = 0Number of asset objects unloaded after import = 1

========================================================================
Received Import Request.
  Time since last request: 0.000038 seconds.
  path: Assets/ElmanGameDevTools/FirstPersonControllerPro/Player/Prefab
  artifactKey: Guid(27cf871a549d44c46aac0628ff68d589) Importer(2089858483,b0f066a214c2f5e87bad3c948f4d605d)
Start importing Assets/ElmanGameDevTools/FirstPersonControllerPro/Player/Prefab using Guid(27cf871a549d44c46aac0628ff68d589) Importer(2089858483,b0f066a214c2f5e87bad3c948f4d605d) (ScriptedImporter) -> (artifact id: '17618be4873e6d45d15f8792a60b3c22') in 0.0133209 seconds
Number of updated asset objects reloaded before import = 0Number of asset objects unloaded after import = 1

========================================================================
Received Import Request.
  Time since last request: 0.000220 seconds.
  path: Assets/ElmanGameDevTools/FirstPersonControllerPro/Scripts/PlayerSystem
  artifactKey: Guid(d35f086e05c414d42bed091d3366d4a3) Importer(2089858483,b0f066a214c2f5e87bad3c948f4d605d)
Start importing Assets/ElmanGameDevTools/FirstPersonControllerPro/Scripts/PlayerSystem using Guid(d35f086e05c414d42bed091d3366d4a3) Importer(2089858483,b0f066a214c2f5e87bad3c948f4d605d) (ScriptedImporter) -> (artifact id: 'e52e066dbf09dbcf4dfda4cc24fbd863') in 0.0062628 seconds
Number of updated asset objects reloaded before import = 0Number of asset objects unloaded after import = 1

========================================================================
Received Import Request.
  Time since last request: 0.000031 seconds.
  path: Assets/ElmanGameDevTools
  artifactKey: Guid(b416fc0a8f79f0b4bb1730db6d358438) Importer(2089858483,b0f066a214c2f5e87bad3c948f4d605d)
Start importing Assets/ElmanGameDevTools using Guid(b416fc0a8f79f0b4bb1730db6d358438) Importer(2089858483,b0f066a214c2f5e87bad3c948f4d605d) (ScriptedImporter) -> (artifact id: '160f5e64fe67efe54e10f501033892f3') in 0.0057936 seconds
Number of updated asset objects reloaded before import = 0Number of asset objects unloaded after import = 1

========================================================================
Received Import Request.
  Time since last request: 0.000045 seconds.
  path: Assets/ElmanGameDevTools/FirstPersonControllerPro/Scenes
  artifactKey: Guid(bf89f43b47781c0408ff764b6fd21aa3) Importer(2089858483,b0f066a214c2f5e87bad3c948f4d605d)
Start importing Assets/ElmanGameDevTools/FirstPersonControllerPro/Scenes using Guid(bf89f43b47781c0408ff764b6fd21aa3) Importer(2089858483,b0f066a214c2f5e87bad3c948f4d605d) (ScriptedImporter) -> (artifact id: '0f3af1c676791e482c9adf9cbef9b916') in 0.0108946 seconds
Number of updated asset objects reloaded before import = 0Number of asset objects unloaded after import = 1

========================================================================
Received Import Request.
  Time since last request: 0.000058 seconds.
  path: Assets/ElmanGameDevTools/FirstPersonControllerPro/Mesh/square.fbx
  artifactKey: Guid(dbda8455fe2359a49a7747e173bb1b62) Importer(2089858483,b0f066a214c2f5e87bad3c948f4d605d)
Start importing Assets/ElmanGameDevTools/FirstPersonControllerPro/Mesh/square.fbx using Guid(dbda8455fe2359a49a7747e173bb1b62) Importer(2089858483,b0f066a214c2f5e87bad3c948f4d605d) (ScriptedImporter) -> (artifact id: '70d4bdd85b21b36a9eb151b46b8c3a77') in 0.0198168 seconds
Number of updated asset objects reloaded before import = 0Number of asset objects unloaded after import = 7

========================================================================
Received Import Request.
  Time since last request: 0.000045 seconds.
  path: Assets/ElmanGameDevTools/FirstPersonControllerPro/Scripts/PlayerSystem/PlayerController.cs
  artifactKey: Guid(c5aea22a45d35674d8c7940217b0fbc2) Importer(2089858483,b0f066a214c2f5e87bad3c948f4d605d)
Start importing Assets/ElmanGameDevTools/FirstPersonControllerPro/Scripts/PlayerSystem/PlayerController.cs using Guid(c5aea22a45d35674d8c7940217b0fbc2) Importer(2089858483,b0f066a214c2f5e87bad3c948f4d605d) (ScriptedImporter) -> (artifact id: '064d84e0bcaa944264f4f5a7187a9714') in 0.0074021 seconds
Number of updated asset objects reloaded before import = 0Number of asset objects unloaded after import = 0

========================================================================
Received Import Request.
  Time since last request: 0.000051 seconds.
  path: Assets/AllSkyFree/Epic_GloriousPink/Epic_GloriousPink.unity
  artifactKey: Guid(a6ac75420f93c4fa99b35113a21e4eff) Importer(2089858483,b0f066a214c2f5e87bad3c948f4d605d)
Start importing Assets/AllSkyFree/Epic_GloriousPink/Epic_GloriousPink.unity using Guid(a6ac75420f93c4fa99b35113a21e4eff) Importer(2089858483,b0f066a214c2f5e87bad3c948f4d605d) (ScriptedImporter) -> (artifact id: 'c5161e060d5ad253bb7f0175c1d34942') in 0.0084039 seconds
Number of updated asset objects reloaded before import = 0Number of asset objects unloaded after import = 1

========================================================================
Received Import Request.
  Time since last request: 0.000071 seconds.
  path: Assets/ElmanGameDevTools/FirstPersonControllerPro/Prefab_polygon/Plane.prefab
  artifactKey: Guid(8efd742feed218d46a6e0bb9fa1dffd4) Importer(2089858483,b0f066a214c2f5e87bad3c948f4d605d)
Start importing Assets/ElmanGameDevTools/FirstPersonControllerPro/Prefab_polygon/Plane.prefab using Guid(8efd742feed218d46a6e0bb9fa1dffd4) Importer(2089858483,b0f066a214c2f5e87bad3c948f4d605d) (ScriptedImporter) -> (artifact id: '775e3ce10c20efa733e3639e0c1e2f60') in 0.0175842 seconds
Number of updated asset objects reloaded before import = 0Number of asset objects unloaded after import = 9

========================================================================
Received Import Request.
  Time since last request: 0.000059 seconds.
  path: Assets/ElmanGameDevTools/FirstPersonControllerPro/Mesh/Glasses.fbx
  artifactKey: Guid(442087ba1b6543845b9024d0ca965d47) Importer(2089858483,b0f066a214c2f5e87bad3c948f4d605d)
Start importing Assets/ElmanGameDevTools/FirstPersonControllerPro/Mesh/Glasses.fbx using Guid(442087ba1b6543845b9024d0ca965d47) Importer(2089858483,b0f066a214c2f5e87bad3c948f4d605d) (ScriptedImporter) -> (artifact id: '26db6ec63b2435c82f7c45659acb819c') in 0.0278281 seconds
Number of updated asset objects reloaded before import = 0Number of asset objects unloaded after import = 11

========================================================================
Received Import Request.
  Time since last request: 0.000249 seconds.
  path: Assets/ElmanGameDevTools/FirstPersonControllerPro/Prefab_polygon/lesl (1) 1.prefab
  artifactKey: Guid(196f1328da43a3f4d979b6d95159f2f9) Importer(2089858483,b0f066a214c2f5e87bad3c948f4d605d)
Start importing Assets/ElmanGameDevTools/FirstPersonControllerPro/Prefab_polygon/lesl (1) 1.prefab using Guid(196f1328da43a3f4d979b6d95159f2f9) Importer(2089858483,b0f066a214c2f5e87bad3c948f4d605d) (ScriptedImporter) -> (artifact id: '34dca85a493e32cc1b84b0c96efbf03a') in 0.0372432 seconds
Number of updated asset objects reloaded before import = 0Number of asset objects unloaded after import = 25

========================================================================
Received Import Request.
  Time since last request: 0.000058 seconds.
  path: Assets/ElmanGameDevTools/FirstPersonControllerPro/Scripts/VisualEffects
  artifactKey: Guid(5712794e31637ae4a8cbe96aefb72e65) Importer(2089858483,b0f066a214c2f5e87bad3c948f4d605d)
Start importing Assets/ElmanGameDevTools/FirstPersonControllerPro/Scripts/VisualEffects using Guid(5712794e31637ae4a8cbe96aefb72e65) Importer(2089858483,b0f066a214c2f5e87bad3c948f4d605d) (ScriptedImporter) -> (artifact id: 'a1b8dcb1c8813237e96c3660174ff45d') in 0.0037783 seconds
Number of updated asset objects reloaded before import = 0Number of asset objects unloaded after import = 1

========================================================================
Received Import Request.
  Time since last request: 0.000048 seconds.
  path: Assets/ElmanGameDevTools/FirstPersonControllerPro/Scenes/Polugon_test_Profiles/Post-process Volume Profile.asset
  artifactKey: Guid(da4e8468dd8f1b54cae1f6ee4f494700) Importer(2089858483,b0f066a214c2f5e87bad3c948f4d605d)
Start importing Assets/ElmanGameDevTools/FirstPersonControllerPro/Scenes/Polugon_test_Profiles/Post-process Volume Profile.asset using Guid(da4e8468dd8f1b54cae1f6ee4f494700) Importer(2089858483,b0f066a214c2f5e87bad3c948f4d605d) (ScriptedImporter) -> (artifact id: 'f8d21dea082cecadf30c7c4d012c6422') in 0.0045467 seconds
Number of updated asset objects reloaded before import = 0Number of asset objects unloaded after import = 1

========================================================================
Received Import Request.
  Time since last request: 0.000089 seconds.
  path: Assets/ElmanGameDevTools/FirstPersonControllerPro/Scenes/Polugon_test_Profiles
  artifactKey: Guid(415bd632ec8f63348b4cfd79bb6f55c4) Importer(2089858483,b0f066a214c2f5e87bad3c948f4d605d)
Start importing Assets/ElmanGameDevTools/FirstPersonControllerPro/Scenes/Polugon_test_Profiles using Guid(415bd632ec8f63348b4cfd79bb6f55c4) Importer(2089858483,b0f066a214c2f5e87bad3c948f4d605d) (ScriptedImporter) -> (artifact id: '1f4c2c686ba03bffee186927ff855e2c') in 0.0050289 seconds
Number of updated asset objects reloaded before import = 0Number of asset objects unloaded after import = 1

========================================================================
Received Import Request.
  Time since last request: 0.000036 seconds.
  path: Assets/#NVJOB Slender/Example/Environment/Materials/Logo 1.mat
  artifactKey: Guid(add7fb86cb034a9b88c59cb464edbe89) Importer(2089858483,b0f066a214c2f5e87bad3c948f4d605d)
Start importing Assets/#NVJOB Slender/Example/Environment/Materials/Logo 1.mat using Guid(add7fb86cb034a9b88c59cb464edbe89) Importer(2089858483,b0f066a214c2f5e87bad3c948f4d605d) (ScriptedImporter) -> (artifact id: '2ba99ccf2d1df77761f20a82ea32c313') in 0.0083389 seconds
Number of updated asset objects reloaded before import = 0Number of asset objects unloaded after import = 2

========================================================================
Received Import Request.
  Time since last request: 0.000059 seconds.
  path: Assets/ElmanGameDevTools/FirstPersonControllerPro/Textures/polygon.png
  artifactKey: Guid(99f254cf71d8fb64fa6d5256efac66fd) Importer(2089858483,b0f066a214c2f5e87bad3c948f4d605d)
Start importing Assets/ElmanGameDevTools/FirstPersonControllerPro/Textures/polygon.png using Guid(99f254cf71d8fb64fa6d5256efac66fd) Importer(2089858483,b0f066a214c2f5e87bad3c948f4d605d) (ScriptedImporter) -> (artifact id: '186387472ca374d7b9a4dc5eb01d5f86') in 0.010391 seconds
Number of updated asset objects reloaded before import = 0Number of asset objects unloaded after import = 1

========================================================================
Received Import Request.
  Time since last request: 0.000033 seconds.
  path: Assets/ElmanGameDevTools/FirstPersonControllerPro/Materials/RGB.mat
  artifactKey: Guid(05f56ecfd0023954e973ba2ccbcf3f8d) Importer(2089858483,b0f066a214c2f5e87bad3c948f4d605d)
Start importing Assets/ElmanGameDevTools/FirstPersonControllerPro/Materials/RGB.mat using Guid(05f56ecfd0023954e973ba2ccbcf3f8d) Importer(2089858483,b0f066a214c2f5e87bad3c948f4d605d) (ScriptedImporter) -> (artifact id: 'a77d6f651aaa9f11cfa248c14e40d61b') in 0.006419 seconds
Number of updated asset objects reloaded before import = 0Number of asset objects unloaded after import = 1

========================================================================
Received Import Request.
  Time since last request: 0.000097 seconds.
  path: Assets/#NVJOB Slender/Slender/Materials/Materials/Suit A.mat
  artifactKey: Guid(fd9610cf12a1dd54d8eda8a46d9ad0a4) Importer(2089858483,b0f066a214c2f5e87bad3c948f4d605d)
Start importing Assets/#NVJOB Slender/Slender/Materials/Materials/Suit A.mat using Guid(fd9610cf12a1dd54d8eda8a46d9ad0a4) Importer(2089858483,b0f066a214c2f5e87bad3c948f4d605d) (ScriptedImporter) -> (artifact id: 'c0890c1a45f836d646e7f23dde67bbd8') in 0.0088676 seconds
Number of updated asset objects reloaded before import = 0Number of asset objects unloaded after import = 2

========================================================================
Received Import Request.
  Time since last request: 0.000064 seconds.
  path: Assets/AllSkyFree/Cold Night/Cold Night__Cam_2_Left+X.png
  artifactKey: Guid(3aa922ca8577f4f66b8810ab41310933) Importer(2089858483,b0f066a214c2f5e87bad3c948f4d605d)
Start importing Assets/AllSkyFree/Cold Night/Cold Night__Cam_2_Left+X.png using Guid(3aa922ca8577f4f66b8810ab41310933) Importer(2089858483,b0f066a214c2f5e87bad3c948f4d605d) (ScriptedImporter) -> (artifact id: '8995b4d8d903dea9881415cac7f40384') in 0.0129579 seconds
Number of updated asset objects reloaded before import = 0Number of asset objects unloaded after import = 1

========================================================================
Received Import Request.
  Time since last request: 0.000247 seconds.
  path: Assets/#NVJOB Slender/Example/Environment/Standard Assets/Effects/ImageEffects/Shaders/Contrast Stretch/Luminance.shader
  artifactKey: Guid(351273b6d44a493398360a6c462f013c) Importer(2089858483,b0f066a214c2f5e87bad3c948f4d605d)
Start importing Assets/#NVJOB Slender/Example/Environment/Standard Assets/Effects/ImageEffects/Shaders/Contrast Stretch/Luminance.shader using Guid(351273b6d44a493398360a6c462f013c) Importer(2089858483,b0f066a214c2f5e87bad3c948f4d605d) (ScriptedImporter) -> (artifact id: 'ed3fe0683438cbf35c570af65f3c1201') in 0.0081772 seconds
Number of updated asset objects reloaded before import = 0Number of asset objects unloaded after import = 1

========================================================================
Received Import Request.
  Time since last request: 0.000033 seconds.
  path: Assets/ElmanGameDevTools/FirstPersonControllerPro/Textures/Metal.PNG
  artifactKey: Guid(4f49b402a5064ac4bae3b4ba8bf1387d) Importer(2089858483,b0f066a214c2f5e87bad3c948f4d605d)
Start importing Assets/ElmanGameDevTools/FirstPersonControllerPro/Textures/Metal.PNG using Guid(4f49b402a5064ac4bae3b4ba8bf1387d) Importer(2089858483,b0f066a214c2f5e87bad3c948f4d605d) (ScriptedImporter) -> (artifact id: 'aeb87742c47bc4b80f42a72b054fe20c') in 0.0100465 seconds
Number of updated asset objects reloaded before import = 0Number of asset objects unloaded after import = 1

========================================================================
Received Import Request.
  Time since last request: 0.000036 seconds.
  path: Assets/AllSkyFree/Epic_GloriousPink
  artifactKey: Guid(edc1859f6d31046c9936ffb1609fabeb) Importer(2089858483,b0f066a214c2f5e87bad3c948f4d605d)
Start importing Assets/AllSkyFree/Epic_GloriousPink using Guid(edc1859f6d31046c9936ffb1609fabeb) Importer(2089858483,b0f066a214c2f5e87bad3c948f4d605d) (ScriptedImporter) -> (artifact id: '9672656d84dffb4b4596a4630cfc9dce') in 0.0055041 seconds
Number of updated asset objects reloaded before import = 0Number of asset objects unloaded after import = 1

========================================================================
Received Import Request.
  Time since last request: 0.000071 seconds.
  path: Assets/AllSkyFree/Cold Night/Cold Night Equirect.mat
  artifactKey: Guid(eac2ef371405749e0bd050b4c3272f16) Importer(2089858483,b0f066a214c2f5e87bad3c948f4d605d)
Start importing Assets/AllSkyFree/Cold Night/Cold Night Equirect.mat using Guid(eac2ef371405749e0bd050b4c3272f16) Importer(2089858483,b0f066a214c2f5e87bad3c948f4d605d) (ScriptedImporter) -> (artifact id: '275aa6ee9986c8a8abd39d81e7a26958') in 0.0482164 seconds
Number of updated asset objects reloaded before import = 0Number of asset objects unloaded after import = 2

========================================================================
Received Import Request.
  Time since last request: 0.000059 seconds.
  path: Assets/ElmanGameDevTools/FirstPersonControllerPro/Materials/First Person Controller.mat
  artifactKey: Guid(9b778d7815a0e9d4698d9c3a2aff0e96) Importer(2089858483,b0f066a214c2f5e87bad3c948f4d605d)
Start importing Assets/ElmanGameDevTools/FirstPersonControllerPro/Materials/First Person Controller.mat using Guid(9b778d7815a0e9d4698d9c3a2aff0e96) Importer(2089858483,b0f066a214c2f5e87bad3c948f4d605d) (ScriptedImporter) -> (artifact id: 'cda6e323727f9417f556141ea8fb8b94') in 0.0062673 seconds
Number of updated asset objects reloaded before import = 0Number of asset objects unloaded after import = 1

========================================================================
Received Import Request.
  Time since last request: 0.000027 seconds.
  path: Assets/#NVJOB Slender/Example/Environment/Standard Assets/Effects/ImageEffects/Shaders/SepiaToneEffect.shader
  artifactKey: Guid(7ad6c960f0cd471a830c083bc415bd40) Importer(2089858483,b0f066a214c2f5e87bad3c948f4d605d)
Start importing Assets/#NVJOB Slender/Example/Environment/Standard Assets/Effects/ImageEffects/Shaders/SepiaToneEffect.shader using Guid(7ad6c960f0cd471a830c083bc415bd40) Importer(2089858483,b0f066a214c2f5e87bad3c948f4d605d) (ScriptedImporter) -> (artifact id: 'a3c1b70b2fb2752e3943a85c4684f091') in 0.0058078 seconds
Number of updated asset objects reloaded before import = 0Number of asset objects unloaded after import = 1

========================================================================
Received Import Request.
  Time since last request: 0.000035 seconds.
  path: Assets/#NVJOB Slender/Example/Environment/Standard Assets/Effects/ImageEffects/Scripts/ScreenSpaceAmbientOcclusion.cs
  artifactKey: Guid(334220a0270f4bbbb0d5630673a20786) Importer(2089858483,b0f066a214c2f5e87bad3c948f4d605d)
Start importing Assets/#NVJOB Slender/Example/Environment/Standard Assets/Effects/ImageEffects/Scripts/ScreenSpaceAmbientOcclusion.cs using Guid(334220a0270f4bbbb0d5630673a20786) Importer(2089858483,b0f066a214c2f5e87bad3c948f4d605d) (ScriptedImporter) -> (artifact id: '7c22c0cc86bbb679e0e5f3ae3515ecdb') in 0.0049208 seconds
Number of updated asset objects reloaded before import = 0Number of asset objects unloaded after import = 0

========================================================================
Received Import Request.
  Time since last request: 0.000035 seconds.
  path: Assets/#NVJOB Slender/Example/Environment/Standard Assets/Effects/ImageEffects/Shaders/ShowAlphaChannel.shader
  artifactKey: Guid(d0ccccbf41f0444b8343c060cecf4a00) Importer(2089858483,b0f066a214c2f5e87bad3c948f4d605d)
Start importing Assets/#NVJOB Slender/Example/Environment/Standard Assets/Effects/ImageEffects/Shaders/ShowAlphaChannel.shader using Guid(d0ccccbf41f0444b8343c060cecf4a00) Importer(2089858483,b0f066a214c2f5e87bad3c948f4d605d) (ScriptedImporter) -> (artifact id: '6b203c7ede9044752d4b217c72ac614d') in 0.0093638 seconds
Number of updated asset objects reloaded before import = 0Number of asset objects unloaded after import = 1

========================================================================
Received Import Request.
  Time since last request: 0.000049 seconds.
  path: Assets/#NVJOB Slender/Example/Environment/Standard Assets/Effects/ImageEffects/Shaders/_DepthOfField/SeparableBlur.shader
  artifactKey: Guid(e60e86b54ee14fdbb6805adb0c279f54) Importer(2089858483,b0f066a214c2f5e87bad3c948f4d605d)
Start importing Assets/#NVJOB Slender/Example/Environment/Standard Assets/Effects/ImageEffects/Shaders/_DepthOfField/SeparableBlur.shader using Guid(e60e86b54ee14fdbb6805adb0c279f54) Importer(2089858483,b0f066a214c2f5e87bad3c948f4d605d) (ScriptedImporter) -> (artifact id: '5af1876b523ae7597198bb82fa2f5791') in 0.0069567 seconds
Number of updated asset objects reloaded before import = 0Number of asset objects unloaded after import = 1

========================================================================
Received Import Request.
  Time since last request: 0.000049 seconds.
  path: Assets/AllSkyFree/_AllSkyFreeDemoEnvironment/Materials/rock.mat
  artifactKey: Guid(85d0d7cdf877f6448bd19ffa5a7f8815) Importer(2089858483,b0f066a214c2f5e87bad3c948f4d605d)
Start importing Assets/AllSkyFree/_AllSkyFreeDemoEnvironment/Materials/rock.mat using Guid(85d0d7cdf877f6448bd19ffa5a7f8815) Importer(2089858483,b0f066a214c2f5e87bad3c948f4d605d) (ScriptedImporter) -> (artifact id: 'a600fcec85b82a6fa74300f742f62c3d') in 0.0050503 seconds
Number of updated asset objects reloaded before import = 0Number of asset objects unloaded after import = 1

========================================================================
Received Import Request.
  Time since last request: 0.000056 seconds.
  path: Assets/AllSkyFree/Overcast Low/AllSky_Overcast4_LowSettings.lighting
  artifactKey: Guid(77b131decc7b844ddbe504ff94c11c56) Importer(2089858483,b0f066a214c2f5e87bad3c948f4d605d)
Start importing Assets/AllSkyFree/Overcast Low/AllSky_Overcast4_LowSettings.lighting using Guid(77b131decc7b844ddbe504ff94c11c56) Importer(2089858483,b0f066a214c2f5e87bad3c948f4d605d) (ScriptedImporter) -> (artifact id: '8e348da5e48f69f4406b62a18ed08b27') in 0.0111339 seconds
Number of updated asset objects reloaded before import = 0Number of asset objects unloaded after import = 1

========================================================================
Received Import Request.
  Time since last request: 0.000035 seconds.
  path: Assets/#NVJOB Slender/Example/Environment/Standard Assets/Effects/ImageEffects/Shaders/SSAOShader.shader
  artifactKey: Guid(df188ae90bc0429aa719e6d5276e9c60) Importer(2089858483,b0f066a214c2f5e87bad3c948f4d605d)
Start importing Assets/#NVJOB Slender/Example/Environment/Standard Assets/Effects/ImageEffects/Shaders/SSAOShader.shader using Guid(df188ae90bc0429aa719e6d5276e9c60) Importer(2089858483,b0f066a214c2f5e87bad3c948f4d605d) (ScriptedImporter) -> (artifact id: '774af83dd279a8d5d46e578ddd5ce0d8') in 0.0065595 seconds
Number of updated asset objects reloaded before import = 0Number of asset objects unloaded after import = 1

========================================================================
Received Import Request.
  Time since last request: 0.000036 seconds.
  path: Assets/#NVJOB Slender/Example/Environment/Standard Assets/Effects/ImageEffects/Scripts/Grayscale.cs
  artifactKey: Guid(d48a1e38bc754e7993b893fa1ebc17e9) Importer(2089858483,b0f066a214c2f5e87bad3c948f4d605d)
Start importing Assets/#NVJOB Slender/Example/Environment/Standard Assets/Effects/ImageEffects/Scripts/Grayscale.cs using Guid(d48a1e38bc754e7993b893fa1ebc17e9) Importer(2089858483,b0f066a214c2f5e87bad3c948f4d605d) (ScriptedImporter) -> (artifact id: '60c150709c7d18523c0728069a4518e6') in 0.0043813 seconds
Number of updated asset objects reloaded before import = 0Number of asset objects unloaded after import = 0

========================================================================
Received Import Request.
  Time since last request: 0.000053 seconds.
  path: Assets/AllSkyFree/Deep Dusk/Deep Dusk__Cam_2_Left+X.png
  artifactKey: Guid(519e05b7b3cd14409b4a22d07660cfc8) Importer(2089858483,b0f066a214c2f5e87bad3c948f4d605d)
Start importing Assets/AllSkyFree/Deep Dusk/Deep Dusk__Cam_2_Left+X.png using Guid(519e05b7b3cd14409b4a22d07660cfc8) Importer(2089858483,b0f066a214c2f5e87bad3c948f4d605d) (ScriptedImporter) -> (artifact id: '28d8da3ac8cf2cdb3f90d6e245a21897') in 0.0119304 seconds
Number of updated asset objects reloaded before import = 0Number of asset objects unloaded after import = 1

========================================================================
Received Import Request.
  Time since last request: 0.000034 seconds.
  path: Assets/ElmanGameDevTools/FirstPersonControllerPro/Scripts
  artifactKey: Guid(ecdb85c1c32fc4d4f8365d5484f34da4) Importer(2089858483,b0f066a214c2f5e87bad3c948f4d605d)
Start importing Assets/ElmanGameDevTools/FirstPersonControllerPro/Scripts using Guid(ecdb85c1c32fc4d4f8365d5484f34da4) Importer(2089858483,b0f066a214c2f5e87bad3c948f4d605d) (ScriptedImporter) -> (artifact id: '8afc205517d71c52ebc9875886b66230') in 0.0046062 seconds
Number of updated asset objects reloaded before import = 0Number of asset objects unloaded after import = 1

========================================================================
Received Import Request.
  Time since last request: 0.000054 seconds.
  path: Assets/#NVJOB Slender/Example/Environment/Standard Assets/Effects/ImageEffects/Shaders/ConvertDepth.shader
  artifactKey: Guid(d6dcc532296c4a37abfdeb79f111348b) Importer(2089858483,b0f066a214c2f5e87bad3c948f4d605d)
Start importing Assets/#NVJOB Slender/Example/Environment/Standard Assets/Effects/ImageEffects/Shaders/ConvertDepth.shader using Guid(d6dcc532296c4a37abfdeb79f111348b) Importer(2089858483,b0f066a214c2f5e87bad3c948f4d605d) (ScriptedImporter) -> (artifact id: '7aa5c89ab2faf370b1130fe43528eb21') in 0.0114922 seconds
Number of updated asset objects reloaded before import = 0Number of asset objects unloaded after import = 1

========================================================================
Received Import Request.
  Time since last request: 0.000049 seconds.
  path: Assets/#NVJOB Slender/Slender/Materials/T N.png
  artifactKey: Guid(c3f28436c0864551aecc61c04f910ce6) Importer(2089858483,b0f066a214c2f5e87bad3c948f4d605d)
Start importing Assets/#NVJOB Slender/Slender/Materials/T N.png using Guid(c3f28436c0864551aecc61c04f910ce6) Importer(2089858483,b0f066a214c2f5e87bad3c948f4d605d) (ScriptedImporter) -> (artifact id: '2fb57786e3dee8670684e8d1f0e3d266') in 0.0136459 seconds
Number of updated asset objects reloaded before import = 0Number of asset objects unloaded after import = 1

========================================================================
Received Import Request.
  Time since last request: 0.000047 seconds.
  path: Assets/AllSkyFree/_AllSkyFreeDemoEnvironment/AllSky_DemoEnvironment_Center.fbx
  artifactKey: Guid(258cb4865d37b4292be3195af50aaa8c) Importer(2089858483,b0f066a214c2f5e87bad3c948f4d605d)
Start importing Assets/AllSkyFree/_AllSkyFreeDemoEnvironment/AllSky_DemoEnvironment_Center.fbx using Guid(258cb4865d37b4292be3195af50aaa8c) Importer(2089858483,b0f066a214c2f5e87bad3c948f4d605d) (ScriptedImporter) -> (artifact id: '8b1491a63794d829551bc065440006da') in 0.0307034 seconds
Number of updated asset objects reloaded before import = 0Number of asset objects unloaded after import = 7

========================================================================
Received Import Request.
  Time since last request: 0.000048 seconds.
  path: Assets/#NVJOB Slender/Example/Environment/Standard Assets/Effects/ImageEffects/Scripts/Bloom.cs
  artifactKey: Guid(327182dae1394c35a16bff0dc3b50cd7) Importer(2089858483,b0f066a214c2f5e87bad3c948f4d605d)
Start importing Assets/#NVJOB Slender/Example/Environment/Standard Assets/Effects/ImageEffects/Scripts/Bloom.cs using Guid(327182dae1394c35a16bff0dc3b50cd7) Importer(2089858483,b0f066a214c2f5e87bad3c948f4d605d) (ScriptedImporter) -> (artifact id: '4d27eaa45a7f8fcd19e9a95348341363') in 0.0102533 seconds
Number of updated asset objects reloaded before import = 0Number of asset objects unloaded after import = 0

========================================================================
Received Import Request.
  Time since last request: 0.000039 seconds.
  path: Assets/AllSkyFree/_AllSkyFree_Documentation.pdf
  artifactKey: Guid(f6f10bad0f589486893b6f1b8f9fdeb4) Importer(2089858483,b0f066a214c2f5e87bad3c948f4d605d)
Start importing Assets/AllSkyFree/_AllSkyFree_Documentation.pdf using Guid(f6f10bad0f589486893b6f1b8f9fdeb4) Importer(2089858483,b0f066a214c2f5e87bad3c948f4d605d) (ScriptedImporter) -> (artifact id: 'ea57e5f876b7aece26568f03fccb110b') in 0.0044956 seconds
Number of updated asset objects reloaded before import = 0Number of asset objects unloaded after import = 1

========================================================================
Received Import Request.
  Time since last request: 0.000030 seconds.
  path: Assets/#NVJOB Slender/Example/Environment/Scripts/SlenderExample.cs
  artifactKey: Guid(4c849229eea847799633af02d5a21643) Importer(2089858483,b0f066a214c2f5e87bad3c948f4d605d)
Start importing Assets/#NVJOB Slender/Example/Environment/Scripts/SlenderExample.cs using Guid(4c849229eea847799633af02d5a21643) Importer(2089858483,b0f066a214c2f5e87bad3c948f4d605d) (ScriptedImporter) -> (artifact id: 'c0875cc615a6d65579919c5a43335fbb') in 0.0045401 seconds
Number of updated asset objects reloaded before import = 0Number of asset objects unloaded after import = 0

========================================================================
Received Import Request.
  Time since last request: 0.000030 seconds.
  path: Assets/#NVJOB Slender/Example/Environment/Standard Assets/Effects/ImageEffects/Scripts/Blur.cs
  artifactKey: Guid(cc5a57156d784fabb22a94c54a237c4d) Importer(2089858483,b0f066a214c2f5e87bad3c948f4d605d)
Start importing Assets/#NVJOB Slender/Example/Environment/Standard Assets/Effects/ImageEffects/Scripts/Blur.cs using Guid(cc5a57156d784fabb22a94c54a237c4d) Importer(2089858483,b0f066a214c2f5e87bad3c948f4d605d) (ScriptedImporter) -> (artifact id: '22ad25afc2c5788f76e5e4e6032c5dd7') in 0.0055652 seconds
Number of updated asset objects reloaded before import = 0Number of asset objects unloaded after import = 0

========================================================================
Received Import Request.
  Time since last request: 0.000030 seconds.
  path: Assets/AllSkyFree/Deep Dusk/Deep Dusk Equirect.mat
  artifactKey: Guid(c82a334cf5a5e47978749c210cee72a7) Importer(2089858483,b0f066a214c2f5e87bad3c948f4d605d)
Start importing Assets/AllSkyFree/Deep Dusk/Deep Dusk Equirect.mat using Guid(c82a334cf5a5e47978749c210cee72a7) Importer(2089858483,b0f066a214c2f5e87bad3c948f4d605d) (ScriptedImporter) -> (artifact id: '951f7ccbb38e3570877953c0fe3e7667') in 0.0368878 seconds
Number of updated asset objects reloaded before import = 0Number of asset objects unloaded after import = 2

========================================================================
Received Import Request.
  Time since last request: 0.000053 seconds.
  path: Assets/#NVJOB Slender/Example/Environment/Standard Assets/Effects/ImageEffects/Shaders/BlendModesOverlay.shader
  artifactKey: Guid(e2b89dad781d48c68822056e576aea33) Importer(2089858483,b0f066a214c2f5e87bad3c948f4d605d)
Start importing Assets/#NVJOB Slender/Example/Environment/Standard Assets/Effects/ImageEffects/Shaders/BlendModesOverlay.shader using Guid(e2b89dad781d48c68822056e576aea33) Importer(2089858483,b0f066a214c2f5e87bad3c948f4d605d) (ScriptedImporter) -> (artifact id: '71b3c92f115d7ae0b79657962046e590') in 0.0108128 seconds
Number of updated asset objects reloaded before import = 0Number of asset objects unloaded after import = 1

========================================================================
Received Import Request.
  Time since last request: 0.000037 seconds.
  path: Assets/#NVJOB Slender/Slender/Sounds/Slender.ogg
  artifactKey: Guid(0d3e58bb90924afba39e665277b5f80a) Importer(2089858483,b0f066a214c2f5e87bad3c948f4d605d)
Start importing Assets/#NVJOB Slender/Slender/Sounds/Slender.ogg using Guid(0d3e58bb90924afba39e665277b5f80a) Importer(2089858483,b0f066a214c2f5e87bad3c948f4d605d) (ScriptedImporter) -> (artifact id: '448f25ccb7b9a0b75ef7c9ff57e30c8f') in 0.0282744 seconds
Number of updated asset objects reloaded before import = 0Number of asset objects unloaded after import = 1

========================================================================
Received Import Request.
  Time since last request: 0.000039 seconds.
  path: Assets/ElmanGameDevTools/FirstPersonControllerPro/Materials/Spawn.mat
  artifactKey: Guid(fc4f0b615a4abb443b55b6c847d909a6) Importer(2089858483,b0f066a214c2f5e87bad3c948f4d605d)
Start importing Assets/ElmanGameDevTools/FirstPersonControllerPro/Materials/Spawn.mat using Guid(fc4f0b615a4abb443b55b6c847d909a6) Importer(2089858483,b0f066a214c2f5e87bad3c948f4d605d) (ScriptedImporter) -> (artifact id: 'b62e247762bc8e7396cd13e0ca211b9c') in 0.0091757 seconds
Number of updated asset objects reloaded before import = 0Number of asset objects unloaded after import = 2

========================================================================
Received Import Request.
  Time since last request: 0.000041 seconds.
  path: Assets/#NVJOB Slender/Slender/Mesh/Slender.fbx
  artifactKey: Guid(97b0cd269422460b9c5672eb06af8f7c) Importer(2089858483,b0f066a214c2f5e87bad3c948f4d605d)
Start importing Assets/#NVJOB Slender/Slender/Mesh/Slender.fbx using Guid(97b0cd269422460b9c5672eb06af8f7c) Importer(2089858483,b0f066a214c2f5e87bad3c948f4d605d) (ScriptedImporter) -> (artifact id: '8c6d81d6144a737dfe49bf90d5608bb7') in 0.0215184 seconds
Number of updated asset objects reloaded before import = 0Number of asset objects unloaded after import = 174

========================================================================
Received Import Request.
  Time since last request: 0.000044 seconds.
  path: Assets/#NVJOB Slender/Example/Environment/Standard Assets/Effects/ImageEffects/Shaders/Tonemapper.shader
  artifactKey: Guid(b5dab9cabb534654b65e640c16d7456a) Importer(2089858483,b0f066a214c2f5e87bad3c948f4d605d)
Start importing Assets/#NVJOB Slender/Example/Environment/Standard Assets/Effects/ImageEffects/Shaders/Tonemapper.shader using Guid(b5dab9cabb534654b65e640c16d7456a) Importer(2089858483,b0f066a214c2f5e87bad3c948f4d605d) (ScriptedImporter) -> (artifact id: '2274f073b272e25a1d3b8ad85c0254a9') in 0.0071266 seconds
Number of updated asset objects reloaded before import = 0Number of asset objects unloaded after import = 1

========================================================================
Received Import Request.
  Time since last request: 0.000048 seconds.
  path: Assets/#NVJOB Slender/Slender
  artifactKey: Guid(f60e9a2c37c147519c79b944310b477a) Importer(2089858483,b0f066a214c2f5e87bad3c948f4d605d)
Start importing Assets/#NVJOB Slender/Slender using Guid(f60e9a2c37c147519c79b944310b477a) Importer(2089858483,b0f066a214c2f5e87bad3c948f4d605d) (ScriptedImporter) -> (artifact id: 'f85696887168234aa55417ae26dc6534') in 0.0065072 seconds
Number of updated asset objects reloaded before import = 0Number of asset objects unloaded after import = 1

========================================================================
Received Import Request.
  Time since last request: 0.000050 seconds.
  path: Assets/#NVJOB Slender/Example/Environment/Standard Assets/Effects/ImageEffects/Scripts/ColorCorrectionRamp.cs
  artifactKey: Guid(d1a6252074a642baaf61fe189687e1f7) Importer(2089858483,b0f066a214c2f5e87bad3c948f4d605d)
Start importing Assets/#NVJOB Slender/Example/Environment/Standard Assets/Effects/ImageEffects/Scripts/ColorCorrectionRamp.cs using Guid(d1a6252074a642baaf61fe189687e1f7) Importer(2089858483,b0f066a214c2f5e87bad3c948f4d605d) (ScriptedImporter) -> (artifact id: 'f158c9397a78b7c64515e42ecf994313') in 0.0069506 seconds
Number of updated asset objects reloaded before import = 0Number of asset objects unloaded after import = 0

========================================================================
Received Import Request.
  Time since last request: 0.000030 seconds.
  path: Assets/#NVJOB Slender/Example/Environment/Standard Assets/Effects/ImageEffects/Shaders
  artifactKey: Guid(99d914c8ed9d4be98a9059c358d681b8) Importer(2089858483,b0f066a214c2f5e87bad3c948f4d605d)
Start importing Assets/#NVJOB Slender/Example/Environment/Standard Assets/Effects/ImageEffects/Shaders using Guid(99d914c8ed9d4be98a9059c358d681b8) Importer(2089858483,b0f066a214c2f5e87bad3c948f4d605d) (ScriptedImporter) -> (artifact id: 'a7603421236d1f0ba6408d1381931683') in 0.0049447 seconds
Number of updated asset objects reloaded before import = 0Number of asset objects unloaded after import = 1

========================================================================
Received Import Request.
  Time since last request: 0.000037 seconds.
  path: Assets/TerrainData_72cd6966-4fcd-404a-8336-e07d8754db39.asset
  artifactKey: Guid(0bfec0a4d7249db48a25edbba6bdd125) Importer(2089858483,b0f066a214c2f5e87bad3c948f4d605d)
Start importing Assets/TerrainData_72cd6966-4fcd-404a-8336-e07d8754db39.asset using Guid(0bfec0a4d7249db48a25edbba6bdd125) Importer(2089858483,b0f066a214c2f5e87bad3c948f4d605d) (ScriptedImporter) -> (artifact id: '1865e84247dce2bc361a089141805f8a') in 0.010012 seconds
Number of updated asset objects reloaded before import = 0Number of asset objects unloaded after import = 1

========================================================================
Received Import Request.
  Time since last request: 0.000061 seconds.
  path: Assets/ElmanGameDevTools/FirstPersonControllerPro/Player/Song/Stone.wav
  artifactKey: Guid(44a0c5ce1790997478dc1d2ab04c9203) Importer(2089858483,b0f066a214c2f5e87bad3c948f4d605d)
Start importing Assets/ElmanGameDevTools/FirstPersonControllerPro/Player/Song/Stone.wav using Guid(44a0c5ce1790997478dc1d2ab04c9203) Importer(2089858483,b0f066a214c2f5e87bad3c948f4d605d) (ScriptedImporter) -> (artifact id: '4c3be0deb67ef9d72310c8b2aa78e2cd') in 0.0237612 seconds
Number of updated asset objects reloaded before import = 0Number of asset objects unloaded after import = 1

========================================================================
Received Import Request.
  Time since last request: 0.000088 seconds.
  path: Assets/#NVJOB Slender/Example/Environment/Standard Assets/Editor/ImageEffects/DepthOfFieldEditor.cs
  artifactKey: Guid(006fd54bfcee421a94f942e893f69530) Importer(2089858483,b0f066a214c2f5e87bad3c948f4d605d)
Start importing Assets/#NVJOB Slender/Example/Environment/Standard Assets/Editor/ImageEffects/DepthOfFieldEditor.cs using Guid(006fd54bfcee421a94f942e893f69530) Importer(2089858483,b0f066a214c2f5e87bad3c948f4d605d) (ScriptedImporter) -> (artifact id: '084d840fb7af15df3ac5a19f3ce2f839') in 0.0070907 seconds
Number of updated asset objects reloaded before import = 0Number of asset objects unloaded after import = 0

========================================================================
Received Import Request.
  Time since last request: 0.000032 seconds.
  path: Assets/#NVJOB Slender/Example/Environment/Materials/Ground.mat
  artifactKey: Guid(e0640fdc7f3b4c328ce4d4a8c12182e1) Importer(2089858483,b0f066a214c2f5e87bad3c948f4d605d)
Start importing Assets/#NVJOB Slender/Example/Environment/Materials/Ground.mat using Guid(e0640fdc7f3b4c328ce4d4a8c12182e1) Importer(2089858483,b0f066a214c2f5e87bad3c948f4d605d) (ScriptedImporter) -> (artifact id: 'c3d6ded04e4ecd9d93b0fd408b26beee') in 0.0855317 seconds
Number of updated asset objects reloaded before import = 0Number of asset objects unloaded after import = 1

========================================================================
Received Import Request.
  Time since last request: 0.000031 seconds.
  path: Assets/AllSkyFree/Night MoonBurst/Night Moon Burst_Cam_4_Up+Y.png
  artifactKey: Guid(544d3cf87e24a464fa433d08257479d1) Importer(2089858483,b0f066a214c2f5e87bad3c948f4d605d)
Start importing Assets/AllSkyFree/Night MoonBurst/Night Moon Burst_Cam_4_Up+Y.png using Guid(544d3cf87e24a464fa433d08257479d1) Importer(2089858483,b0f066a214c2f5e87bad3c948f4d605d) (ScriptedImporter) -> (artifact id: '75dd2b3462e86c093b0212181d6fd9bb') in 0.0174851 seconds
Number of updated asset objects reloaded before import = 0Number of asset objects unloaded after import = 1

========================================================================
Received Import Request.
  Time since last request: 0.000068 seconds.
  path: Assets/#NVJOB Slender/Example/Environment/Standard Assets/Effects/ImageEffects/Shaders/EdgeDetectNormals.shader
  artifactKey: Guid(c438270e615a45079b56a52a755fb075) Importer(2089858483,b0f066a214c2f5e87bad3c948f4d605d)
Start importing Assets/#NVJOB Slender/Example/Environment/Standard Assets/Effects/ImageEffects/Shaders/EdgeDetectNormals.shader using Guid(c438270e615a45079b56a52a755fb075) Importer(2089858483,b0f066a214c2f5e87bad3c948f4d605d) (ScriptedImporter) -> (artifact id: '8306584ab912342b5bd82d4b22b30875') in 0.0156209 seconds
Number of updated asset objects reloaded before import = 0Number of asset objects unloaded after import = 1

========================================================================
Received Import Request.
  Time since last request: 0.000071 seconds.
  path: Assets/#NVJOB Slender/Example/Environment/Standard Assets/Editor/ImageEffects
  artifactKey: Guid(b7d790871957471b8efa1dc3fc17d48a) Importer(2089858483,b0f066a214c2f5e87bad3c948f4d605d)
Start importing Assets/#NVJOB Slender/Example/Environment/Standard Assets/Editor/ImageEffects using Guid(b7d790871957471b8efa1dc3fc17d48a) Importer(2089858483,b0f066a214c2f5e87bad3c948f4d605d) (ScriptedImporter) -> (artifact id: 'f3315626afb824d06b0660bd5321c62d') in 0.0055396 seconds
Number of updated asset objects reloaded before import = 0Number of asset objects unloaded after import = 1

========================================================================
Received Import Request.
  Time since last request: 0.000030 seconds.
  path: Assets/#NVJOB Slender/Example/Environment/Standard Assets/Effects/ImageEffects/Shaders/_BloomAndFlares/BlendForBloom.shader
  artifactKey: Guid(5db36cb1f44743cebd920015aa3d9e5a) Importer(2089858483,b0f066a214c2f5e87bad3c948f4d605d)
Start importing Assets/#NVJOB Slender/Example/Environment/Standard Assets/Effects/ImageEffects/Shaders/_BloomAndFlares/BlendForBloom.shader using Guid(5db36cb1f44743cebd920015aa3d9e5a) Importer(2089858483,b0f066a214c2f5e87bad3c948f4d605d) (ScriptedImporter) -> (artifact id: '37f1bd83b95a395f4090df60e7c520a0') in 0.0076774 seconds
Number of updated asset objects reloaded before import = 0Number of asset objects unloaded after import = 1

========================================================================
Received Import Request.
  Time since last request: 17.316890 seconds.
  path: Assets/AllSkyFree/Cold Night/Cold Night Equirect.mat
  artifactKey: Guid(eac2ef371405749e0bd050b4c3272f16) Importer(815301076,1909f56bfc062723c751e8b465ee728b)
Start importing Assets/AllSkyFree/Cold Night/Cold Night Equirect.mat using Guid(eac2ef371405749e0bd050b4c3272f16) Importer(815301076,1909f56bfc062723c751e8b465ee728b) (PreviewImporter) -> (artifact id: 'b54cba5ab48b24232ce0723984d4227b') in 0.1181537 seconds
Number of updated asset objects reloaded before import = 0Number of asset objects unloaded after import = 2

========================================================================
Received Import Request.
  Time since last request: 0.000059 seconds.
  path: Assets/AllSkyFree/Cold Night/Cold Night__Cam_1_Back-Z.png
  artifactKey: Guid(7a03001a6d7c746a2a2467b3b3f51660) Importer(815301076,1909f56bfc062723c751e8b465ee728b)
Start importing Assets/AllSkyFree/Cold Night/Cold Night__Cam_1_Back-Z.png using Guid(7a03001a6d7c746a2a2467b3b3f51660) Importer(815301076,1909f56bfc062723c751e8b465ee728b) (PreviewImporter) -> (artifact id: '87881f25204654882ce0279593a286ca') in 0.0277769 seconds
Number of updated asset objects reloaded before import = 0Number of asset objects unloaded after import = 2

========================================================================
Received Import Request.
  Time since last request: 0.000061 seconds.
  path: Assets/AllSkyFree/Cold Night/Cold Night__Cam_0_Front+Z.png
  artifactKey: Guid(aad96e1c2baf24d3499e2ea1426ab824) Importer(815301076,1909f56bfc062723c751e8b465ee728b)
Start importing Assets/AllSkyFree/Cold Night/Cold Night__Cam_0_Front+Z.png using Guid(aad96e1c2baf24d3499e2ea1426ab824) Importer(815301076,1909f56bfc062723c751e8b465ee728b) (PreviewImporter) -> (artifact id: 'f0f741f4bcd10dd52952574d85cf64ce') in 0.0147578 seconds
Number of updated asset objects reloaded before import = 0Number of asset objects unloaded after import = 2

========================================================================
Received Import Request.
  Time since last request: 0.000275 seconds.
  path: Assets/AllSkyFree/Cold Night/Cold Night__Cam_3_Right-X.png
  artifactKey: Guid(2b201733d2df84602b3020984df58790) Importer(815301076,1909f56bfc062723c751e8b465ee728b)
Start importing Assets/AllSkyFree/Cold Night/Cold Night__Cam_3_Right-X.png using Guid(2b201733d2df84602b3020984df58790) Importer(815301076,1909f56bfc062723c751e8b465ee728b) (PreviewImporter) -> (artifact id: 'adc7cc2ca37b4362c4448cb58c894aaa') in 0.0197717 seconds
Number of updated asset objects reloaded before import = 0Number of asset objects unloaded after import = 2

========================================================================
Received Import Request.
  Time since last request: 0.000049 seconds.
  path: Assets/AllSkyFree/Cold Night/Cold Night__Cam_4_Up+Y.png
  artifactKey: Guid(3d6928c404a7c46c3991bb1b73521d66) Importer(815301076,1909f56bfc062723c751e8b465ee728b)
Start importing Assets/AllSkyFree/Cold Night/Cold Night__Cam_4_Up+Y.png using Guid(3d6928c404a7c46c3991bb1b73521d66) Importer(815301076,1909f56bfc062723c751e8b465ee728b) (PreviewImporter) -> (artifact id: 'd5cc66723ae63dafa13ddd37acdbb77a') in 0.0150325 seconds
Number of updated asset objects reloaded before import = 0Number of asset objects unloaded after import = 2

========================================================================
Received Import Request.
  Time since last request: 0.000042 seconds.
  path: Assets/AllSkyFree/Cold Night/Cold Night__Cam_5_Down-Y.png
  artifactKey: Guid(8cab6aa3331da40e68754e2214ce08fa) Importer(815301076,1909f56bfc062723c751e8b465ee728b)
Start importing Assets/AllSkyFree/Cold Night/Cold Night__Cam_5_Down-Y.png using Guid(8cab6aa3331da40e68754e2214ce08fa) Importer(815301076,1909f56bfc062723c751e8b465ee728b) (PreviewImporter) -> (artifact id: '58c65eb33c8457bea830b1035db22e01') in 0.0148496 seconds
Number of updated asset objects reloaded before import = 0Number of asset objects unloaded after import = 2

========================================================================
Received Import Request.
  Time since last request: 3.985062 seconds.
  path: Assets/AllSkyFree/Deep Dusk/Deep Dusk Equirect.mat
  artifactKey: Guid(c82a334cf5a5e47978749c210cee72a7) Importer(815301076,1909f56bfc062723c751e8b465ee728b)
Start importing Assets/AllSkyFree/Deep Dusk/Deep Dusk Equirect.mat using Guid(c82a334cf5a5e47978749c210cee72a7) Importer(815301076,1909f56bfc062723c751e8b465ee728b) (PreviewImporter) -> (artifact id: '47c3a82d321c0aacb38a4c63578119ec') in 0.1726305 seconds
Number of updated asset objects reloaded before import = 0Number of asset objects unloaded after import = 2

========================================================================
Received Import Request.
  Time since last request: 0.000036 seconds.
  path: Assets/AllSkyFree/Deep Dusk/Deep Dusk__Cam_1_Back-Z.png
  artifactKey: Guid(5e2aba0844c5a4c2ca77ba49a1ea08d5) Importer(815301076,1909f56bfc062723c751e8b465ee728b)
Start importing Assets/AllSkyFree/Deep Dusk/Deep Dusk__Cam_1_Back-Z.png using Guid(5e2aba0844c5a4c2ca77ba49a1ea08d5) Importer(815301076,1909f56bfc062723c751e8b465ee728b) (PreviewImporter) -> (artifact id: 'e011cda00611f6a0f08653368d5c923a') in 0.0211661 seconds
Number of updated asset objects reloaded before import = 0Number of asset objects unloaded after import = 2

========================================================================
Received Import Request.
  Time since last request: 0.000085 seconds.
  path: Assets/AllSkyFree/Deep Dusk/Deep Dusk__Cam_5_Down-Y.png
  artifactKey: Guid(2e38ed7c39e8e4314930da8a86ae7a88) Importer(815301076,1909f56bfc062723c751e8b465ee728b)
Start importing Assets/AllSkyFree/Deep Dusk/Deep Dusk__Cam_5_Down-Y.png using Guid(2e38ed7c39e8e4314930da8a86ae7a88) Importer(815301076,1909f56bfc062723c751e8b465ee728b) (PreviewImporter) -> (artifact id: '4f1d7b35e32d88bfb76032af3addc876') in 0.0190665 seconds
Number of updated asset objects reloaded before import = 0Number of asset objects unloaded after import = 2

========================================================================
Received Import Request.
  Time since last request: 0.000033 seconds.
  path: Assets/AllSkyFree/Deep Dusk/Deep Dusk__Cam_0_Front+Z.png
  artifactKey: Guid(5fdaaa9d974104e6d8f9e575170a0c70) Importer(815301076,1909f56bfc062723c751e8b465ee728b)
Start importing Assets/AllSkyFree/Deep Dusk/Deep Dusk__Cam_0_Front+Z.png using Guid(5fdaaa9d974104e6d8f9e575170a0c70) Importer(815301076,1909f56bfc062723c751e8b465ee728b) (PreviewImporter) -> (artifact id: 'c5c2a6335c6bb8bb68237d85e59578df') in 0.0144527 seconds
Number of updated asset objects reloaded before import = 0Number of asset objects unloaded after import = 2

========================================================================
Received Import Request.
  Time since last request: 2.490640 seconds.
  path: Assets/AllSkyFree/Epic_GloriousPink/Epic_GloriousPink Equirect.mat
  artifactKey: Guid(fe4e130f9947345a2b213cb5038851a2) Importer(815301076,1909f56bfc062723c751e8b465ee728b)
Start importing Assets/AllSkyFree/Epic_GloriousPink/Epic_GloriousPink Equirect.mat using Guid(fe4e130f9947345a2b213cb5038851a2) Importer(815301076,1909f56bfc062723c751e8b465ee728b) (PreviewImporter) -> (artifact id: '2e56ae1d0ed5fda4046d6bba4513618e') in 0.0930786 seconds
Number of updated asset objects reloaded before import = 0Number of asset objects unloaded after import = 2

========================================================================
Received Import Request.
  Time since last request: 0.000034 seconds.
  path: Assets/AllSkyFree/Epic_GloriousPink/Epic_GloriousPink_EquiRect.png
  artifactKey: Guid(8a293ce833d584fc98516e0e74f495a4) Importer(815301076,1909f56bfc062723c751e8b465ee728b)
Start importing Assets/AllSkyFree/Epic_GloriousPink/Epic_GloriousPink_EquiRect.png using Guid(8a293ce833d584fc98516e0e74f495a4) Importer(815301076,1909f56bfc062723c751e8b465ee728b) (PreviewImporter) -> (artifact id: '7c88606415d97ae99201cad59ab348c5') in 0.0639296 seconds
Number of updated asset objects reloaded before import = 0Number of asset objects unloaded after import = 1

========================================================================
Received Import Request.
  Time since last request: 0.000108 seconds.
  path: Assets/AllSkyFree/Epic_GloriousPink/Epic_GloriousPink_Cam_5_Down-Y.png
  artifactKey: Guid(213ae241f43b44b3f961dd8739080120) Importer(815301076,1909f56bfc062723c751e8b465ee728b)
Start importing Assets/AllSkyFree/Epic_GloriousPink/Epic_GloriousPink_Cam_5_Down-Y.png using Guid(213ae241f43b44b3f961dd8739080120) Importer(815301076,1909f56bfc062723c751e8b465ee728b) (PreviewImporter) -> (artifact id: '1035d3da0887ce2690d583396c84ce60') in 0.0136204 seconds
Number of updated asset objects reloaded before import = 0Number of asset objects unloaded after import = 2

========================================================================
Received Import Request.
  Time since last request: 0.000055 seconds.
  path: Assets/AllSkyFree/Epic_GloriousPink/Epic_GloriousPink_Cam_2_Left+X.png
  artifactKey: Guid(c85a861fbad8f45169567bbfa332ecf8) Importer(815301076,1909f56bfc062723c751e8b465ee728b)
Start importing Assets/AllSkyFree/Epic_GloriousPink/Epic_GloriousPink_Cam_2_Left+X.png using Guid(c85a861fbad8f45169567bbfa332ecf8) Importer(815301076,1909f56bfc062723c751e8b465ee728b) (PreviewImporter) -> (artifact id: 'a77eb9578132247ced7efc8658f27f32') in 0.0129325 seconds
Number of updated asset objects reloaded before import = 0Number of asset objects unloaded after import = 2

========================================================================
Received Import Request.
  Time since last request: 0.000043 seconds.
  path: Assets/AllSkyFree/Epic_GloriousPink/Epic_GloriousPink_Cam_4_Up+Y.png
  artifactKey: Guid(c3e1d31cf8ef742ad8aed75a1fdaff49) Importer(815301076,1909f56bfc062723c751e8b465ee728b)
Start importing Assets/AllSkyFree/Epic_GloriousPink/Epic_GloriousPink_Cam_4_Up+Y.png using Guid(c3e1d31cf8ef742ad8aed75a1fdaff49) Importer(815301076,1909f56bfc062723c751e8b465ee728b) (PreviewImporter) -> (artifact id: '35a3dadc6c29f24c79224fa8816f06a7') in 0.013536 seconds
Number of updated asset objects reloaded before import = 0Number of asset objects unloaded after import = 2

========================================================================
Received Import Request.
  Time since last request: 1.393135 seconds.
  path: Assets/AllSkyFree/Night MoonBurst/AllSky_Night_MoonBurst Equirect.png
  artifactKey: Guid(34a763168147f4182a21b9fd004d67de) Importer(815301076,1909f56bfc062723c751e8b465ee728b)
Start importing Assets/AllSkyFree/Night MoonBurst/AllSky_Night_MoonBurst Equirect.png using Guid(34a763168147f4182a21b9fd004d67de) Importer(815301076,1909f56bfc062723c751e8b465ee728b) (PreviewImporter) -> (artifact id: 'da19ec9c41abf874e2aac34fe6c20324') in 0.0619152 seconds
Number of updated asset objects reloaded before import = 0Number of asset objects unloaded after import = 1

========================================================================
Received Import Request.
  Time since last request: 0.000038 seconds.
  path: Assets/AllSkyFree/Night MoonBurst/Night Moon Burst_Cam_4_Up+Y.png
  artifactKey: Guid(544d3cf87e24a464fa433d08257479d1) Importer(815301076,1909f56bfc062723c751e8b465ee728b)
Start importing Assets/AllSkyFree/Night MoonBurst/Night Moon Burst_Cam_4_Up+Y.png using Guid(544d3cf87e24a464fa433d08257479d1) Importer(815301076,1909f56bfc062723c751e8b465ee728b) (PreviewImporter) -> (artifact id: 'be0943f806a71dad310f3516553a78f7') in 0.0187423 seconds
Number of updated asset objects reloaded before import = 0Number of asset objects unloaded after import = 2

========================================================================
Received Import Request.
  Time since last request: 0.000369 seconds.
  path: Assets/AllSkyFree/Night MoonBurst/Night Moon Burst_Cam_3_Right-X.png
  artifactKey: Guid(8e462a9bf0b1941148e4318e741d7b09) Importer(815301076,1909f56bfc062723c751e8b465ee728b)
Start importing Assets/AllSkyFree/Night MoonBurst/Night Moon Burst_Cam_3_Right-X.png using Guid(8e462a9bf0b1941148e4318e741d7b09) Importer(815301076,1909f56bfc062723c751e8b465ee728b) (PreviewImporter) -> (artifact id: 'a5e694c67c40d56c8a9e1002c0f9a65c') in 0.0206749 seconds
Number of updated asset objects reloaded before import = 0Number of asset objects unloaded after import = 2

========================================================================
Received Import Request.
  Time since last request: 0.000028 seconds.
  path: Assets/AllSkyFree/Night MoonBurst/Night Moon Burst_Cam_2_Left+X.png
  artifactKey: Guid(c35d875303c454b9a8acaae0f7800313) Importer(815301076,1909f56bfc062723c751e8b465ee728b)
Start importing Assets/AllSkyFree/Night MoonBurst/Night Moon Burst_Cam_2_Left+X.png using Guid(c35d875303c454b9a8acaae0f7800313) Importer(815301076,1909f56bfc062723c751e8b465ee728b) (PreviewImporter) -> (artifact id: '64c046ca16e82b29f2265f757dc5b220') in 0.0139176 seconds
Number of updated asset objects reloaded before import = 0Number of asset objects unloaded after import = 2

========================================================================
Received Import Request.
  Time since last request: 0.000044 seconds.
  path: Assets/AllSkyFree/Night MoonBurst/Night Moon Burst_Cam_5_Down-Y.png
  artifactKey: Guid(771300e956150427f8e4740c74cdd67e) Importer(815301076,1909f56bfc062723c751e8b465ee728b)
Start importing Assets/AllSkyFree/Night MoonBurst/Night Moon Burst_Cam_5_Down-Y.png using Guid(771300e956150427f8e4740c74cdd67e) Importer(815301076,1909f56bfc062723c751e8b465ee728b) (PreviewImporter) -> (artifact id: 'dbd81bc6c5cd6bdf97e8927223ccfa16') in 0.0126343 seconds
Number of updated asset objects reloaded before import = 0Number of asset objects unloaded after import = 2

========================================================================
Received Import Request.
  Time since last request: 3.348841 seconds.
  path: Assets/AllSkyFree/Overcast Low/AllSky_Overcast4_Low.png
  artifactKey: Guid(c8f21f62fdb3e43c5b32917c84683698) Importer(815301076,1909f56bfc062723c751e8b465ee728b)
Start importing Assets/AllSkyFree/Overcast Low/AllSky_Overcast4_Low.png using Guid(c8f21f62fdb3e43c5b32917c84683698) Importer(815301076,1909f56bfc062723c751e8b465ee728b) (PreviewImporter) -> (artifact id: 'da79c6841e97eed000a4e86347c12878') in 0.1374015 seconds
Number of updated asset objects reloaded before import = 0Number of asset objects unloaded after import = 1

========================================================================
Received Import Request.
  Time since last request: 0.000077 seconds.
  path: Assets/AllSkyFree/Overcast Low/Sky_AllSky_Overcast4_Low_Cam_4_Up+Y.png
  artifactKey: Guid(93ce6277acd7243f685c04cc3c1d0cc4) Importer(815301076,1909f56bfc062723c751e8b465ee728b)
Start importing Assets/AllSkyFree/Overcast Low/Sky_AllSky_Overcast4_Low_Cam_4_Up+Y.png using Guid(93ce6277acd7243f685c04cc3c1d0cc4) Importer(815301076,1909f56bfc062723c751e8b465ee728b) (PreviewImporter) -> (artifact id: 'acf901454dd867d1e9ed978d2615e959') in 0.0165083 seconds
Number of updated asset objects reloaded before import = 0Number of asset objects unloaded after import = 2

========================================================================
Received Import Request.
  Time since last request: 0.000045 seconds.
  path: Assets/AllSkyFree/Overcast Low/AllSky_Overcast4_Low Equirect.mat
  artifactKey: Guid(54fe2f000ad8f424fb63cc3ea0ae2bb2) Importer(815301076,1909f56bfc062723c751e8b465ee728b)
Start importing Assets/AllSkyFree/Overcast Low/AllSky_Overcast4_Low Equirect.mat using Guid(54fe2f000ad8f424fb63cc3ea0ae2bb2) Importer(815301076,1909f56bfc062723c751e8b465ee728b) (PreviewImporter) -> (artifact id: '68e75859595059ec8971b511fa32e872') in 0.0410222 seconds
Number of updated asset objects reloaded before import = 0Number of asset objects unloaded after import = 2

========================================================================
Received Import Request.
  Time since last request: 0.000088 seconds.
  path: Assets/AllSkyFree/Overcast Low/Sky_AllSky_Overcast4_Low_Cam_2_Left+X.png
  artifactKey: Guid(4b922104744dc4f5ab309b556a7677da) Importer(815301076,1909f56bfc062723c751e8b465ee728b)
Start importing Assets/AllSkyFree/Overcast Low/Sky_AllSky_Overcast4_Low_Cam_2_Left+X.png using Guid(4b922104744dc4f5ab309b556a7677da) Importer(815301076,1909f56bfc062723c751e8b465ee728b) (PreviewImporter) -> (artifact id: 'f80d2920e6810f676aff7ec00866f4e7') in 0.0148204 seconds
Number of updated asset objects reloaded before import = 0Number of asset objects unloaded after import = 2

========================================================================
Received Import Request.
  Time since last request: 1.611563 seconds.
  path: Assets/AllSkyFree/_AllSkyFreeDemoEnvironment/AllSky_DemoEnvironment.fbx
  artifactKey: Guid(3ca2c2ce56b9e44f598f5de419ce4e8a) Importer(815301076,1909f56bfc062723c751e8b465ee728b)
Start importing Assets/AllSkyFree/_AllSkyFreeDemoEnvironment/AllSky_DemoEnvironment.fbx using Guid(3ca2c2ce56b9e44f598f5de419ce4e8a) Importer(815301076,1909f56bfc062723c751e8b465ee728b) (PreviewImporter) -> (artifact id: '288fd5c737dd536525a172fa5d6cc8d4') in 0.0648747 seconds
Number of updated asset objects reloaded before import = 0Number of asset objects unloaded after import = 7

========================================================================
Received Import Request.
  Time since last request: 0.000067 seconds.
  path: Assets/AllSkyFree/_AllSkyFreeDemoEnvironment/AllSky_DemoEnvironment_Center.fbx
  artifactKey: Guid(258cb4865d37b4292be3195af50aaa8c) Importer(815301076,1909f56bfc062723c751e8b465ee728b)
Start importing Assets/AllSkyFree/_AllSkyFreeDemoEnvironment/AllSky_DemoEnvironment_Center.fbx using Guid(258cb4865d37b4292be3195af50aaa8c) Importer(815301076,1909f56bfc062723c751e8b465ee728b) (PreviewImporter) -> (artifact id: '80b68ca2c0a398b0ea17845630d23e0b') in 0.2144914 seconds
Number of updated asset objects reloaded before import = 0Number of asset objects unloaded after import = 7

========================================================================
Received Import Request.
  Time since last request: 0.000095 seconds.
  path: Assets/AllSkyFree/_AllSkyFreeDemoEnvironment/AllSky_DemoEnvironment_Light.fbx
  artifactKey: Guid(d9ad0f74d68824711bc800186cf63d22) Importer(815301076,1909f56bfc062723c751e8b465ee728b)
Start importing Assets/AllSkyFree/_AllSkyFreeDemoEnvironment/AllSky_DemoEnvironment_Light.fbx using Guid(d9ad0f74d68824711bc800186cf63d22) Importer(815301076,1909f56bfc062723c751e8b465ee728b) (PreviewImporter) -> (artifact id: '5c331c8b6410e41736b95c88a2ed9ebf') in 0.0246846 seconds
Number of updated asset objects reloaded before import = 0Number of asset objects unloaded after import = 9

========================================================================
Received Import Request.
  Time since last request: 152.039183 seconds.
  path: Assets/AllSkyFree/Night MoonBurst/Materials/AllSky_Night_MoonBurst Equirect.mat
  artifactKey: Guid(802f14d80bd8bcb4bb45f0031e20c87b) Importer(2089858483,b0f066a214c2f5e87bad3c948f4d605d)
Start importing Assets/AllSkyFree/Night MoonBurst/Materials/AllSky_Night_MoonBurst Equirect.mat using Guid(802f14d80bd8bcb4bb45f0031e20c87b) Importer(2089858483,b0f066a214c2f5e87bad3c948f4d605d) (ScriptedImporter) -> (artifact id: '7466963ce72d28b08e1b2478bc63c49e') in 0.0338742 seconds
Number of updated asset objects reloaded before import = 0Number of asset objects unloaded after import = 2

========================================================================
Received Import Request.
  Time since last request: 13.271705 seconds.
  path: Assets/AllSkyFree/Cold Night/Materials/Cold Night Equirect.mat
  artifactKey: Guid(b1adefcfdce9b8e489163b060af54d89) Importer(2089858483,b0f066a214c2f5e87bad3c948f4d605d)
Start importing Assets/AllSkyFree/Cold Night/Materials/Cold Night Equirect.mat using Guid(b1adefcfdce9b8e489163b060af54d89) Importer(2089858483,b0f066a214c2f5e87bad3c948f4d605d) (ScriptedImporter) -> (artifact id: '0a1316a95fc0df7603b97c5095a2ee8f') in 0.0404609 seconds
Number of updated asset objects reloaded before import = 0Number of asset objects unloaded after import = 2

========================================================================
Received Import Request.
  Time since last request: 737.516622 seconds.
  path: Assets/JP Environmental Asset Pack/Prefabs/Rock Group.prefab
  artifactKey: Guid(f2ea49d0a51aea045a19d9ba5770c9df) Importer(2089858483,b0f066a214c2f5e87bad3c948f4d605d)
Start importing Assets/JP Environmental Asset Pack/Prefabs/Rock Group.prefab using Guid(f2ea49d0a51aea045a19d9ba5770c9df) Importer(2089858483,b0f066a214c2f5e87bad3c948f4d605d) (ScriptedImporter) -> (artifact id: '20a1a09880d603adb8b0c255c1ec9061') in 0.3697147 seconds
Number of updated asset objects reloaded before import = 0Number of asset objects unloaded after import = 9

========================================================================
Received Import Request.
  Time since last request: 0.000907 seconds.
  path: Assets/JP Environmental Asset Pack/Textures/Small Rock 4/Small Rock 4 RFS_DefaultMaterial_Normal.png
  artifactKey: Guid(7d88d4dfdc236554d9b11bf281901f31) Importer(2089858483,b0f066a214c2f5e87bad3c948f4d605d)
Start importing Assets/JP Environmental Asset Pack/Textures/Small Rock 4/Small Rock 4 RFS_DefaultMaterial_Normal.png using Guid(7d88d4dfdc236554d9b11bf281901f31) Importer(2089858483,b0f066a214c2f5e87bad3c948f4d605d) (ScriptedImporter) -> (artifact id: 'e70edbe402677ff77dbd328b6b93d0b4') in 0.1330397 seconds
Number of updated asset objects reloaded before import = 0Number of asset objects unloaded after import = 1

========================================================================
Received Import Request.
  Time since last request: 0.000041 seconds.
  path: Assets/JP Environmental Asset Pack/Models/Grass Patch Small.FBX
  artifactKey: Guid(7fbab33f680881043bae557540efff3e) Importer(2089858483,b0f066a214c2f5e87bad3c948f4d605d)
Start importing Assets/JP Environmental Asset Pack/Models/Grass Patch Small.FBX using Guid(7fbab33f680881043bae557540efff3e) Importer(2089858483,b0f066a214c2f5e87bad3c948f4d605d) (ScriptedImporter) -> (artifact id: '53f83aab2957cc2bba7fad565f684886') in 0.1324306 seconds
Number of updated asset objects reloaded before import = 0Number of asset objects unloaded after import = 9

========================================================================
Received Import Request.
  Time since last request: 0.000053 seconds.
  path: Assets/JP Environmental Asset Pack/Materials/Foliage 2
  artifactKey: Guid(a171c686f1b9afb40a83ff23096adc47) Importer(2089858483,b0f066a214c2f5e87bad3c948f4d605d)
Start importing Assets/JP Environmental Asset Pack/Materials/Foliage 2 using Guid(a171c686f1b9afb40a83ff23096adc47) Importer(2089858483,b0f066a214c2f5e87bad3c948f4d605d) (ScriptedImporter) -> (artifact id: '44da4d67ce70daf24cec9a4fa124737e') in 0.0108494 seconds
Number of updated asset objects reloaded before import = 0Number of asset objects unloaded after import = 1

========================================================================
Received Import Request.
  Time since last request: 0.000053 seconds.
  path: Assets/JP Environmental Asset Pack/Textures/Tree 3/Dead Tree 3 RFS_Tree 1 Mat_AlbedoTransparency.png
  artifactKey: Guid(47fe93e2a69ccd742a06f99fafd23dc7) Importer(2089858483,b0f066a214c2f5e87bad3c948f4d605d)
Start importing Assets/JP Environmental Asset Pack/Textures/Tree 3/Dead Tree 3 RFS_Tree 1 Mat_AlbedoTransparency.png using Guid(47fe93e2a69ccd742a06f99fafd23dc7) Importer(2089858483,b0f066a214c2f5e87bad3c948f4d605d) (ScriptedImporter) -> (artifact id: 'e65045380eac50efee155ca0a8f32c9b') in 0.0473543 seconds
Number of updated asset objects reloaded before import = 0Number of asset objects unloaded after import = 1

========================================================================
Received Import Request.
  Time since last request: 0.000057 seconds.
  path: Assets/JP Environmental Asset Pack/Materials/Tree 3/Tree 3 Branches.mat
  artifactKey: Guid(ce001724e9d21084084ee3c8f12c0a5c) Importer(2089858483,b0f066a214c2f5e87bad3c948f4d605d)
Start importing Assets/JP Environmental Asset Pack/Materials/Tree 3/Tree 3 Branches.mat using Guid(ce001724e9d21084084ee3c8f12c0a5c) Importer(2089858483,b0f066a214c2f5e87bad3c948f4d605d) (ScriptedImporter) -> (artifact id: '72cad2436fc1dd2379adcbaca25d4d01') in 0.2287129 seconds
Number of updated asset objects reloaded before import = 0Number of asset objects unloaded after import = 4

========================================================================
Received Import Request.
  Time since last request: 0.000052 seconds.
  path: Assets/JP Environmental Asset Pack/Textures/Ground Rocks 2/Ground 5_roughness.png
  artifactKey: Guid(51c055848b742fe458c11c16b95fd6e3) Importer(2089858483,b0f066a214c2f5e87bad3c948f4d605d)
Start importing Assets/JP Environmental Asset Pack/Textures/Ground Rocks 2/Ground 5_roughness.png using Guid(51c055848b742fe458c11c16b95fd6e3) Importer(2089858483,b0f066a214c2f5e87bad3c948f4d605d) (ScriptedImporter) -> (artifact id: '38c4aa10c500d1afe50ecb75ad284651') in 0.0234066 seconds
Number of updated asset objects reloaded before import = 0Number of asset objects unloaded after import = 1

========================================================================
Received Import Request.
  Time since last request: 0.000108 seconds.
  path: Assets/JP Environmental Asset Pack/Materials/Rock Group
  artifactKey: Guid(795000e340b875a4383f8616393c963d) Importer(2089858483,b0f066a214c2f5e87bad3c948f4d605d)
Start importing Assets/JP Environmental Asset Pack/Materials/Rock Group using Guid(795000e340b875a4383f8616393c963d) Importer(2089858483,b0f066a214c2f5e87bad3c948f4d605d) (ScriptedImporter) -> (artifact id: '949eeae6434d60774f0b2d2523aca869') in 0.0092676 seconds
Number of updated asset objects reloaded before import = 0Number of asset objects unloaded after import = 1

========================================================================
Received Import Request.
  Time since last request: 0.000036 seconds.
  path: Assets/JP Environmental Asset Pack/Textures/Tree 2/Dead Tree 2 RFS_Tree 1 Mat_MetallicSmoothness.png
  artifactKey: Guid(a5776df05c721f44e92017f62872f53d) Importer(2089858483,b0f066a214c2f5e87bad3c948f4d605d)
Start importing Assets/JP Environmental Asset Pack/Textures/Tree 2/Dead Tree 2 RFS_Tree 1 Mat_MetallicSmoothness.png using Guid(a5776df05c721f44e92017f62872f53d) Importer(2089858483,b0f066a214c2f5e87bad3c948f4d605d) (ScriptedImporter) -> (artifact id: 'b03c15f061738baf5c2ad38316a79e17') in 0.027713 seconds
Number of updated asset objects reloaded before import = 0Number of asset objects unloaded after import = 1

========================================================================
Received Import Request.
  Time since last request: 0.000037 seconds.
  path: Assets/JP Environmental Asset Pack/Materials/Tree 2/Tree 2 Branches.mat
  artifactKey: Guid(2341656973cb2df48b26cd31949f58ad) Importer(2089858483,b0f066a214c2f5e87bad3c948f4d605d)
Start importing Assets/JP Environmental Asset Pack/Materials/Tree 2/Tree 2 Branches.mat using Guid(2341656973cb2df48b26cd31949f58ad) Importer(2089858483,b0f066a214c2f5e87bad3c948f4d605d) (ScriptedImporter) -> (artifact id: 'b67d7d28513296ee7c641a3bc19c890d') in 0.0395438 seconds
Number of updated asset objects reloaded before import = 0Number of asset objects unloaded after import = 4

========================================================================
Received Import Request.
  Time since last request: 0.000050 seconds.
  path: Assets/JP Environmental Asset Pack/Textures/Tree 3/Tree 3 Branchs.png
  artifactKey: Guid(d5fec8a4daaaf524f87745a872e5f197) Importer(2089858483,b0f066a214c2f5e87bad3c948f4d605d)
Start importing Assets/JP Environmental Asset Pack/Textures/Tree 3/Tree 3 Branchs.png using Guid(d5fec8a4daaaf524f87745a872e5f197) Importer(2089858483,b0f066a214c2f5e87bad3c948f4d605d) (ScriptedImporter) -> (artifact id: 'c7d5ffbc8a2f4cebb64e237dc2abdd3a') in 0.0182757 seconds
Number of updated asset objects reloaded before import = 0Number of asset objects unloaded after import = 1

========================================================================
Received Import Request.
  Time since last request: 0.000096 seconds.
  path: Assets/JP Environmental Asset Pack/Shaders
  artifactKey: Guid(8168c3529b96c944383558220de93d3c) Importer(2089858483,b0f066a214c2f5e87bad3c948f4d605d)
Start importing Assets/JP Environmental Asset Pack/Shaders using Guid(8168c3529b96c944383558220de93d3c) Importer(2089858483,b0f066a214c2f5e87bad3c948f4d605d) (ScriptedImporter) -> (artifact id: 'c199b36f12ae7fe8f7d5957e642506c7') in 0.0049237 seconds
Number of updated asset objects reloaded before import = 0Number of asset objects unloaded after import = 1

========================================================================
Received Import Request.
  Time since last request: 0.000040 seconds.
  path: Assets/JP Environmental Asset Pack/Models/Tree 4.FBX
  artifactKey: Guid(c5f6ae5768117d74dbe1cb86f66bd9a2) Importer(2089858483,b0f066a214c2f5e87bad3c948f4d605d)
Start importing Assets/JP Environmental Asset Pack/Models/Tree 4.FBX using Guid(c5f6ae5768117d74dbe1cb86f66bd9a2) Importer(2089858483,b0f066a214c2f5e87bad3c948f4d605d) (ScriptedImporter) -> (artifact id: 'cd1228b7f208c08618c2fb4fb512aa14') in 0.0327557 seconds
Number of updated asset objects reloaded before import = 0Number of asset objects unloaded after import = 10

========================================================================
Received Import Request.
  Time since last request: 0.000043 seconds.
  path: Assets/JP Environmental Asset Pack/Materials/Grass/Grass Small.mat
  artifactKey: Guid(be1c4bfd0b0545e42b03ccbd1b2d480b) Importer(2089858483,b0f066a214c2f5e87bad3c948f4d605d)
Start importing Assets/JP Environmental Asset Pack/Materials/Grass/Grass Small.mat using Guid(be1c4bfd0b0545e42b03ccbd1b2d480b) Importer(2089858483,b0f066a214c2f5e87bad3c948f4d605d) (ScriptedImporter) -> (artifact id: 'fa845b4139dadec05bc41f2e7909520c') in 0.0351695 seconds
Number of updated asset objects reloaded before import = 0Number of asset objects unloaded after import = 4

========================================================================
Received Import Request.
  Time since last request: 0.000059 seconds.
  path: Assets/JP Environmental Asset Pack/Models/Rock Group.FBX
  artifactKey: Guid(8c9ba8b971bfa054a9cef1dc5125056b) Importer(2089858483,b0f066a214c2f5e87bad3c948f4d605d)
Start importing Assets/JP Environmental Asset Pack/Models/Rock Group.FBX using Guid(8c9ba8b971bfa054a9cef1dc5125056b) Importer(2089858483,b0f066a214c2f5e87bad3c948f4d605d) (ScriptedImporter) -> (artifact id: 'a7b48031ae2337b29a4a633cc0a51106') in 0.0236655 seconds
Number of updated asset objects reloaded before import = 0Number of asset objects unloaded after import = 8

========================================================================
Received Import Request.
  Time since last request: 0.000285 seconds.
  path: Assets/JP Environmental Asset Pack/Materials/Tree 2/Tree 2 Mat.mat
  artifactKey: Guid(8df13e90dd57318489f9b393316f55d5) Importer(2089858483,b0f066a214c2f5e87bad3c948f4d605d)
Start importing Assets/JP Environmental Asset Pack/Materials/Tree 2/Tree 2 Mat.mat using Guid(8df13e90dd57318489f9b393316f55d5) Importer(2089858483,b0f066a214c2f5e87bad3c948f4d605d) (ScriptedImporter) -> (artifact id: '5c65d9a3d9b765af461aba7a829b4c3b') in 0.0339822 seconds
Number of updated asset objects reloaded before import = 0Number of asset objects unloaded after import = 4

========================================================================
Received Import Request.
  Time since last request: 0.000055 seconds.
  path: Assets/JP Environmental Asset Pack/Textures/Foliage 2/Foliage 2_NRM.png
  artifactKey: Guid(1a1ea9e1c808b114bbae01568205646c) Importer(2089858483,b0f066a214c2f5e87bad3c948f4d605d)
Start importing Assets/JP Environmental Asset Pack/Textures/Foliage 2/Foliage 2_NRM.png using Guid(1a1ea9e1c808b114bbae01568205646c) Importer(2089858483,b0f066a214c2f5e87bad3c948f4d605d) (ScriptedImporter) -> (artifact id: 'cf6322b106c74d8b6598239ed8be6581') in 0.0190731 seconds
Number of updated asset objects reloaded before import = 0Number of asset objects unloaded after import = 1

========================================================================
Received Import Request.
  Time since last request: 0.000060 seconds.
  path: Assets/JP Environmental Asset Pack/Materials/Ground Materials/Grass Floor 2.mat
  artifactKey: Guid(d0c86399931d65c40ae1b437d71e557d) Importer(2089858483,b0f066a214c2f5e87bad3c948f4d605d)
Start importing Assets/JP Environmental Asset Pack/Materials/Ground Materials/Grass Floor 2.mat using Guid(d0c86399931d65c40ae1b437d71e557d) Importer(2089858483,b0f066a214c2f5e87bad3c948f4d605d) (ScriptedImporter) -> (artifact id: '5c759803326d4e0d736329061705d34d') in 0.082902 seconds
Number of updated asset objects reloaded before import = 0Number of asset objects unloaded after import = 6

========================================================================
Received Import Request.
  Time since last request: 0.000040 seconds.
  path: Assets/JP Environmental Asset Pack/Materials/Tree 1/Tree 1 Mat.mat
  artifactKey: Guid(cb1223280cfac854184017065d85e17e) Importer(2089858483,b0f066a214c2f5e87bad3c948f4d605d)
Start importing Assets/JP Environmental Asset Pack/Materials/Tree 1/Tree 1 Mat.mat using Guid(cb1223280cfac854184017065d85e17e) Importer(2089858483,b0f066a214c2f5e87bad3c948f4d605d) (ScriptedImporter) -> (artifact id: '12b973fc8952dfb6786d63d47e56327e') in 0.0240364 seconds
Number of updated asset objects reloaded before import = 0Number of asset objects unloaded after import = 4

========================================================================
Received Import Request.
  Time since last request: 0.000046 seconds.
  path: Assets/JP Environmental Asset Pack/Textures/Large Rock 1/Large Rock 1 RFS_DefaultMaterial_MetallicSmoothness.png
  artifactKey: Guid(0eef265fae8904443affc1b210af52d5) Importer(2089858483,b0f066a214c2f5e87bad3c948f4d605d)
Start importing Assets/JP Environmental Asset Pack/Textures/Large Rock 1/Large Rock 1 RFS_DefaultMaterial_MetallicSmoothness.png using Guid(0eef265fae8904443affc1b210af52d5) Importer(2089858483,b0f066a214c2f5e87bad3c948f4d605d) (ScriptedImporter) -> (artifact id: 'd489ca40c920e15d4b15a3cee78d0036') in 0.0188402 seconds
Number of updated asset objects reloaded before import = 0Number of asset objects unloaded after import = 1

========================================================================
Received Import Request.
  Time since last request: 0.000040 seconds.
  path: Assets/JP Environmental Asset Pack/Textures/Foliage 2/Foliage 2.png
  artifactKey: Guid(1a6ef109e223f7d469085048a224c613) Importer(2089858483,b0f066a214c2f5e87bad3c948f4d605d)
Start importing Assets/JP Environmental Asset Pack/Textures/Foliage 2/Foliage 2.png using Guid(1a6ef109e223f7d469085048a224c613) Importer(2089858483,b0f066a214c2f5e87bad3c948f4d605d) (ScriptedImporter) -> (artifact id: 'e4d2a586be392d7b2a195516797aac59') in 0.0180289 seconds
Number of updated asset objects reloaded before import = 0Number of asset objects unloaded after import = 1

========================================================================
Received Import Request.
  Time since last request: 0.000037 seconds.
  path: Assets/JP Environmental Asset Pack/Models/Tree 1.FBX
  artifactKey: Guid(fc64fc23d15a9cd43a59d4ba5fcc1735) Importer(2089858483,b0f066a214c2f5e87bad3c948f4d605d)
Start importing Assets/JP Environmental Asset Pack/Models/Tree 1.FBX using Guid(fc64fc23d15a9cd43a59d4ba5fcc1735) Importer(2089858483,b0f066a214c2f5e87bad3c948f4d605d) (ScriptedImporter) -> (artifact id: 'ac9db0dfd3ef75db04120a2257a011c7') in 0.0429949 seconds
Number of updated asset objects reloaded before import = 0Number of asset objects unloaded after import = 10

========================================================================
Received Import Request.
  Time since last request: 0.000041 seconds.
  path: Assets/JP Environmental Asset Pack/Materials/Grass
  artifactKey: Guid(051271c45c29fed4db47e2d703636ca9) Importer(2089858483,b0f066a214c2f5e87bad3c948f4d605d)
Start importing Assets/JP Environmental Asset Pack/Materials/Grass using Guid(051271c45c29fed4db47e2d703636ca9) Importer(2089858483,b0f066a214c2f5e87bad3c948f4d605d) (ScriptedImporter) -> (artifact id: '5c6ed814487c199023d2d9af5e648f39') in 0.0069069 seconds
Number of updated asset objects reloaded before import = 0Number of asset objects unloaded after import = 1

========================================================================
Received Import Request.
  Time since last request: 0.000075 seconds.
  path: Assets/JP Environmental Asset Pack/Textures/Small Rock 3
  artifactKey: Guid(a12d92f046085724ab01a6a13c191f9c) Importer(2089858483,b0f066a214c2f5e87bad3c948f4d605d)
Start importing Assets/JP Environmental Asset Pack/Textures/Small Rock 3 using Guid(a12d92f046085724ab01a6a13c191f9c) Importer(2089858483,b0f066a214c2f5e87bad3c948f4d605d) (ScriptedImporter) -> (artifact id: 'be080ed1c2151e8ab3120fcfefa7ae54') in 0.0056722 seconds
Number of updated asset objects reloaded before import = 0Number of asset objects unloaded after import = 1

========================================================================
Received Import Request.
  Time since last request: 0.000046 seconds.
  path: Assets/JP Environmental Asset Pack/Materials/Ground Materials/Grass Floor 3.mat
  artifactKey: Guid(d962ce535805c5a4cb27ee3888bb17af) Importer(2089858483,b0f066a214c2f5e87bad3c948f4d605d)
Start importing Assets/JP Environmental Asset Pack/Materials/Ground Materials/Grass Floor 3.mat using Guid(d962ce535805c5a4cb27ee3888bb17af) Importer(2089858483,b0f066a214c2f5e87bad3c948f4d605d) (ScriptedImporter) -> (artifact id: '511a770284095cabf28910ab49b505fb') in 0.0284791 seconds
Number of updated asset objects reloaded before import = 0Number of asset objects unloaded after import = 6

========================================================================
Received Import Request.
  Time since last request: 0.000043 seconds.
  path: Assets/JP Environmental Asset Pack/Materials/Foliage 1/Foliage 1.mat
  artifactKey: Guid(84aa5f7be4f6cad4e960fe90a5245135) Importer(2089858483,b0f066a214c2f5e87bad3c948f4d605d)
Start importing Assets/JP Environmental Asset Pack/Materials/Foliage 1/Foliage 1.mat using Guid(84aa5f7be4f6cad4e960fe90a5245135) Importer(2089858483,b0f066a214c2f5e87bad3c948f4d605d) (ScriptedImporter) -> (artifact id: 'b62f8a64709226a5651eaa3913493727') in 0.0405823 seconds
Number of updated asset objects reloaded before import = 0Number of asset objects unloaded after import = 4

========================================================================
Received Import Request.
  Time since last request: 0.000041 seconds.
  path: Assets/JP Environmental Asset Pack/Textures/Foliage 1/Foliage 2.png
  artifactKey: Guid(45794bd7712ffa64d9a1b92230dcd6f1) Importer(2089858483,b0f066a214c2f5e87bad3c948f4d605d)
Start importing Assets/JP Environmental Asset Pack/Textures/Foliage 1/Foliage 2.png using Guid(45794bd7712ffa64d9a1b92230dcd6f1) Importer(2089858483,b0f066a214c2f5e87bad3c948f4d605d) (ScriptedImporter) -> (artifact id: '229ae45e414eb76c1b4b6c9b5b910100') in 0.0276758 seconds
Number of updated asset objects reloaded before import = 0Number of asset objects unloaded after import = 1

========================================================================
Received Import Request.
  Time since last request: 0.000052 seconds.
  path: Assets/JP Environmental Asset Pack/Textures/Small Rock 3/Small Rock 3 RFS_DefaultMaterial_AlbedoTransparency.png
  artifactKey: Guid(cba9f01fff782104e9573924448f4dc8) Importer(2089858483,b0f066a214c2f5e87bad3c948f4d605d)
Start importing Assets/JP Environmental Asset Pack/Textures/Small Rock 3/Small Rock 3 RFS_DefaultMaterial_AlbedoTransparency.png using Guid(cba9f01fff782104e9573924448f4dc8) Importer(2089858483,b0f066a214c2f5e87bad3c948f4d605d) (ScriptedImporter) -> (artifact id: 'ae54eaa0faebdc76b385042fea179a55') in 0.0175014 seconds
Number of updated asset objects reloaded before import = 0Number of asset objects unloaded after import = 1

========================================================================
Received Import Request.
  Time since last request: 0.000032 seconds.
  path: Assets/JP Environmental Asset Pack/Textures/Small Rock 4/Small Rock 4 RFS_DefaultMaterial_MetallicSmoothness.png
  artifactKey: Guid(f0405012edb0dad45b5a49c540b74581) Importer(2089858483,b0f066a214c2f5e87bad3c948f4d605d)
Start importing Assets/JP Environmental Asset Pack/Textures/Small Rock 4/Small Rock 4 RFS_DefaultMaterial_MetallicSmoothness.png using Guid(f0405012edb0dad45b5a49c540b74581) Importer(2089858483,b0f066a214c2f5e87bad3c948f4d605d) (ScriptedImporter) -> (artifact id: '0b61cf4713a8aec8395466832f445f14') in 0.0169615 seconds
Number of updated asset objects reloaded before import = 0Number of asset objects unloaded after import = 1

========================================================================
Received Import Request.
  Time since last request: 0.000038 seconds.
  path: Assets/JP Environmental Asset Pack/Textures/Foliage 3
  artifactKey: Guid(42f0669268552c2418d0aa70a709d471) Importer(2089858483,b0f066a214c2f5e87bad3c948f4d605d)
Start importing Assets/JP Environmental Asset Pack/Textures/Foliage 3 using Guid(42f0669268552c2418d0aa70a709d471) Importer(2089858483,b0f066a214c2f5e87bad3c948f4d605d) (ScriptedImporter) -> (artifact id: '93d2f78083cd0e6c4ea35bdd78c6fd5a') in 0.0091705 seconds
Number of updated asset objects reloaded before import = 0Number of asset objects unloaded after import = 1

========================================================================
Received Import Request.
  Time since last request: 0.000051 seconds.
  path: Assets/JP Environmental Asset Pack/Textures/Small Rock 1/Small Rock 1 RFS_DefaultMaterial_MetallicSmoothness.png
  artifactKey: Guid(262e1fda3baeb49499408c39a5f62d01) Importer(2089858483,b0f066a214c2f5e87bad3c948f4d605d)
Start importing Assets/JP Environmental Asset Pack/Textures/Small Rock 1/Small Rock 1 RFS_DefaultMaterial_MetallicSmoothness.png using Guid(262e1fda3baeb49499408c39a5f62d01) Importer(2089858483,b0f066a214c2f5e87bad3c948f4d605d) (ScriptedImporter) -> (artifact id: '2d63ebcb46109191a5377bc0de280123') in 0.0172819 seconds
Number of updated asset objects reloaded before import = 0Number of asset objects unloaded after import = 1

========================================================================
Received Import Request.
  Time since last request: 0.000189 seconds.
  path: Assets/JP Environmental Asset Pack/Textures/Ground Rocks 2
  artifactKey: Guid(9b558cb59e2a20e4b8e0fb711ca53f83) Importer(2089858483,b0f066a214c2f5e87bad3c948f4d605d)
Start importing Assets/JP Environmental Asset Pack/Textures/Ground Rocks 2 using Guid(9b558cb59e2a20e4b8e0fb711ca53f83) Importer(2089858483,b0f066a214c2f5e87bad3c948f4d605d) (ScriptedImporter) -> (artifact id: '7e8fe4bff587973fd36591fa99ff8d3a') in 0.007113 seconds
Number of updated asset objects reloaded before import = 0Number of asset objects unloaded after import = 1

========================================================================
Received Import Request.
  Time since last request: 0.000039 seconds.
  path: Assets/JP Environmental Asset Pack/Textures/Rock Group
  artifactKey: Guid(bb720043e39bce146a7f809de18a4cf7) Importer(2089858483,b0f066a214c2f5e87bad3c948f4d605d)
Start importing Assets/JP Environmental Asset Pack/Textures/Rock Group using Guid(bb720043e39bce146a7f809de18a4cf7) Importer(2089858483,b0f066a214c2f5e87bad3c948f4d605d) (ScriptedImporter) -> (artifact id: '760cb8c1b5d5ee54bd3f4943a59cf26b') in 0.015896 seconds
Number of updated asset objects reloaded before import = 0Number of asset objects unloaded after import = 1

========================================================================
Received Import Request.
  Time since last request: 0.000058 seconds.
  path: Assets/JP Environmental Asset Pack/Models/Small Rock 2.FBX
  artifactKey: Guid(e2e276a85fbb9dd4d81082c1eb20521f) Importer(2089858483,b0f066a214c2f5e87bad3c948f4d605d)
Start importing Assets/JP Environmental Asset Pack/Models/Small Rock 2.FBX using Guid(e2e276a85fbb9dd4d81082c1eb20521f) Importer(2089858483,b0f066a214c2f5e87bad3c948f4d605d) (ScriptedImporter) -> (artifact id: '5b18591993e6cd5e7c0cbf27dd5f72c3') in 0.0184643 seconds
Number of updated asset objects reloaded before import = 0Number of asset objects unloaded after import = 8

========================================================================
Received Import Request.
  Time since last request: 0.000047 seconds.
  path: Assets/JP Environmental Asset Pack/Models
  artifactKey: Guid(8e4f9ae614e1fae4082e2da262f3adaa) Importer(2089858483,b0f066a214c2f5e87bad3c948f4d605d)
Start importing Assets/JP Environmental Asset Pack/Models using Guid(8e4f9ae614e1fae4082e2da262f3adaa) Importer(2089858483,b0f066a214c2f5e87bad3c948f4d605d) (ScriptedImporter) -> (artifact id: 'c70e31b9b0752684376ac6723ab45f98') in 0.006445 seconds
Number of updated asset objects reloaded before import = 0Number of asset objects unloaded after import = 1

========================================================================
Received Import Request.
  Time since last request: 0.000062 seconds.
  path: Assets/JP Environmental Asset Pack/Textures/Ground Grass 1
  artifactKey: Guid(b1a083e534572724fafbf305f253c964) Importer(2089858483,b0f066a214c2f5e87bad3c948f4d605d)
Start importing Assets/JP Environmental Asset Pack/Textures/Ground Grass 1 using Guid(b1a083e534572724fafbf305f253c964) Importer(2089858483,b0f066a214c2f5e87bad3c948f4d605d) (ScriptedImporter) -> (artifact id: '8764d6511d5a90ad4487abcdec0d9b0b') in 0.0051007 seconds
Number of updated asset objects reloaded before import = 0Number of asset objects unloaded after import = 1

========================================================================
Received Import Request.
  Time since last request: 0.000062 seconds.
  path: Assets/JP Environmental Asset Pack/Models/Foliage 1.FBX
  artifactKey: Guid(c99638a33bdcd1d4bb519b3e562bec0a) Importer(2089858483,b0f066a214c2f5e87bad3c948f4d605d)
Start importing Assets/JP Environmental Asset Pack/Models/Foliage 1.FBX using Guid(c99638a33bdcd1d4bb519b3e562bec0a) Importer(2089858483,b0f066a214c2f5e87bad3c948f4d605d) (ScriptedImporter) -> (artifact id: 'ef62b0c9bf4e5a3ac9964fc5bd89712d') in 0.0523012 seconds
Number of updated asset objects reloaded before import = 0Number of asset objects unloaded after import = 8

========================================================================
Received Import Request.
  Time since last request: 0.000036 seconds.
  path: Assets/JP Environmental Asset Pack/Textures/Small Rock 2/Small Rock 2 RFS_DefaultMaterial_AlbedoTransparency.png
  artifactKey: Guid(95a3c98ab744a744dba65137bf1f464a) Importer(2089858483,b0f066a214c2f5e87bad3c948f4d605d)
Start importing Assets/JP Environmental Asset Pack/Textures/Small Rock 2/Small Rock 2 RFS_DefaultMaterial_AlbedoTransparency.png using Guid(95a3c98ab744a744dba65137bf1f464a) Importer(2089858483,b0f066a214c2f5e87bad3c948f4d605d) (ScriptedImporter) -> (artifact id: '46235dd6b26182d180443d94cf3372d3') in 0.0296332 seconds
Number of updated asset objects reloaded before import = 0Number of asset objects unloaded after import = 1

========================================================================
Received Import Request.
  Time since last request: 0.000190 seconds.
  path: Assets/JP Environmental Asset Pack/Textures/Tree 1/Tree 1 RFS_DefaultMaterial_Normal.png
  artifactKey: Guid(0930a3da78b5cbd428169d021d4f9d26) Importer(2089858483,b0f066a214c2f5e87bad3c948f4d605d)
Start importing Assets/JP Environmental Asset Pack/Textures/Tree 1/Tree 1 RFS_DefaultMaterial_Normal.png using Guid(0930a3da78b5cbd428169d021d4f9d26) Importer(2089858483,b0f066a214c2f5e87bad3c948f4d605d) (ScriptedImporter) -> (artifact id: '3d7b70e639e0f2199996f51713e48b52') in 0.0243855 seconds
Number of updated asset objects reloaded before import = 0Number of asset objects unloaded after import = 1

========================================================================
Received Import Request.
  Time since last request: 0.000030 seconds.
  path: Assets/JP Environmental Asset Pack/Textures/Ground Grass 1/Grass 1_normal.png
  artifactKey: Guid(002b5e25593539148a70e3ab38414be0) Importer(2089858483,b0f066a214c2f5e87bad3c948f4d605d)
Start importing Assets/JP Environmental Asset Pack/Textures/Ground Grass 1/Grass 1_normal.png using Guid(002b5e25593539148a70e3ab38414be0) Importer(2089858483,b0f066a214c2f5e87bad3c948f4d605d) (ScriptedImporter) -> (artifact id: '93d66bb42d29d8b1d362cccb592c34a9') in 0.0229511 seconds
Number of updated asset objects reloaded before import = 0Number of asset objects unloaded after import = 1

========================================================================
Received Import Request.
  Time since last request: 0.000062 seconds.
  path: Assets/JP Environmental Asset Pack/Textures/Ground Grass 1/Grass 1_roughness.png
  artifactKey: Guid(b9f2e17c1a03fb04e882c55e0d61cd16) Importer(2089858483,b0f066a214c2f5e87bad3c948f4d605d)
Start importing Assets/JP Environmental Asset Pack/Textures/Ground Grass 1/Grass 1_roughness.png using Guid(b9f2e17c1a03fb04e882c55e0d61cd16) Importer(2089858483,b0f066a214c2f5e87bad3c948f4d605d) (ScriptedImporter) -> (artifact id: 'fccad7c6ff6a916db493a5c901d78167') in 0.0196916 seconds
Number of updated asset objects reloaded before import = 0Number of asset objects unloaded after import = 1

========================================================================
Received Import Request.
  Time since last request: 0.000041 seconds.
  path: Assets/JP Environmental Asset Pack/Shaders/DoubleSided.shader
  artifactKey: Guid(92f60417f0f33e9428efe6ede4fb222b) Importer(2089858483,b0f066a214c2f5e87bad3c948f4d605d)
Start importing Assets/JP Environmental Asset Pack/Shaders/DoubleSided.shader using Guid(92f60417f0f33e9428efe6ede4fb222b) Importer(2089858483,b0f066a214c2f5e87bad3c948f4d605d) (ScriptedImporter) -> (artifact id: '7221347b12053b7971d51f55218bcc4c') in 0.0226928 seconds
Number of updated asset objects reloaded before import = 0Number of asset objects unloaded after import = 1

========================================================================
Received Import Request.
  Time since last request: 0.000073 seconds.
  path: Assets/JP Environmental Asset Pack/Prefabs/Tree 3.prefab
  artifactKey: Guid(fb468437ddd8f1b4fa857e505c8400af) Importer(2089858483,b0f066a214c2f5e87bad3c948f4d605d)
Start importing Assets/JP Environmental Asset Pack/Prefabs/Tree 3.prefab using Guid(fb468437ddd8f1b4fa857e505c8400af) Importer(2089858483,b0f066a214c2f5e87bad3c948f4d605d) (ScriptedImporter) -> (artifact id: '646c41f5437020b7ca0a6683594b533f') in 0.0261467 seconds
Number of updated asset objects reloaded before import = 0Number of asset objects unloaded after import = 11

========================================================================
Received Import Request.
  Time since last request: 0.000255 seconds.
  path: Assets/JP Environmental Asset Pack/Prefabs/Foliage 1.prefab
  artifactKey: Guid(dfd4a7a5dfb2d0f418db69b31fed990f) Importer(2089858483,b0f066a214c2f5e87bad3c948f4d605d)
Start importing Assets/JP Environmental Asset Pack/Prefabs/Foliage 1.prefab using Guid(dfd4a7a5dfb2d0f418db69b31fed990f) Importer(2089858483,b0f066a214c2f5e87bad3c948f4d605d) (ScriptedImporter) -> (artifact id: '52e6800ecf40b5db539f868d496d70f6') in 0.020527 seconds
Number of updated asset objects reloaded before import = 0Number of asset objects unloaded after import = 10

========================================================================
Received Import Request.
  Time since last request: 0.000065 seconds.
  path: Assets/JP Environmental Asset Pack/Textures
  artifactKey: Guid(62a09d9a0bfccce43a2b778bbfa24408) Importer(2089858483,b0f066a214c2f5e87bad3c948f4d605d)
Start importing Assets/JP Environmental Asset Pack/Textures using Guid(62a09d9a0bfccce43a2b778bbfa24408) Importer(2089858483,b0f066a214c2f5e87bad3c948f4d605d) (ScriptedImporter) -> (artifact id: '635b6ecd66840ac9f0ab08c7fe08bee2') in 0.0162065 seconds
Number of updated asset objects reloaded before import = 0Number of asset objects unloaded after import = 1

========================================================================
Received Import Request.
  Time since last request: 0.000094 seconds.
  path: Assets/JP Environmental Asset Pack/Textures/Ground Grass 3/Ground 3_baseColor.png
  artifactKey: Guid(6e03ea39781e7b44fb4fb80363b2678f) Importer(2089858483,b0f066a214c2f5e87bad3c948f4d605d)
Start importing Assets/JP Environmental Asset Pack/Textures/Ground Grass 3/Ground 3_baseColor.png using Guid(6e03ea39781e7b44fb4fb80363b2678f) Importer(2089858483,b0f066a214c2f5e87bad3c948f4d605d) (ScriptedImporter) -> (artifact id: 'acee580f1829c2068719c53965e7e3c6') in 0.0356469 seconds
Number of updated asset objects reloaded before import = 0Number of asset objects unloaded after import = 1

========================================================================
Received Import Request.
  Time since last request: 0.000035 seconds.
  path: Assets/JP Environmental Asset Pack/Textures/Ground Grass 3/Ground 3_roughness.png
  artifactKey: Guid(13b2b0801c994234ea2227029a9e3ed4) Importer(2089858483,b0f066a214c2f5e87bad3c948f4d605d)
Start importing Assets/JP Environmental Asset Pack/Textures/Ground Grass 3/Ground 3_roughness.png using Guid(13b2b0801c994234ea2227029a9e3ed4) Importer(2089858483,b0f066a214c2f5e87bad3c948f4d605d) (ScriptedImporter) -> (artifact id: 'aa41823d8e9236dfb7f7ad5c7534c59e') in 0.0157811 seconds
Number of updated asset objects reloaded before import = 0Number of asset objects unloaded after import = 1

========================================================================
Received Import Request.
  Time since last request: 0.000069 seconds.
  path: Assets/JP Environmental Asset Pack/Textures/Ground Grass 2/Ground 2_metallic.png
  artifactKey: Guid(b191a1bfb7dabda46b42c0b913db4af8) Importer(2089858483,b0f066a214c2f5e87bad3c948f4d605d)
Start importing Assets/JP Environmental Asset Pack/Textures/Ground Grass 2/Ground 2_metallic.png using Guid(b191a1bfb7dabda46b42c0b913db4af8) Importer(2089858483,b0f066a214c2f5e87bad3c948f4d605d) (ScriptedImporter) -> (artifact id: 'b7f63bdee174a307055f19c8891ea55b') in 0.0268503 seconds
Number of updated asset objects reloaded before import = 0Number of asset objects unloaded after import = 1

========================================================================
Received Import Request.
  Time since last request: 0.000092 seconds.
  path: Assets/JP Environmental Asset Pack/Models/Tree 3.FBX
  artifactKey: Guid(0cacc2c0124e83d4d9f77b785eafe86e) Importer(2089858483,b0f066a214c2f5e87bad3c948f4d605d)
Start importing Assets/JP Environmental Asset Pack/Models/Tree 3.FBX using Guid(0cacc2c0124e83d4d9f77b785eafe86e) Importer(2089858483,b0f066a214c2f5e87bad3c948f4d605d) (ScriptedImporter) -> (artifact id: '29010104ed22b6f1d159b4c3029b5629') in 0.028499 seconds
Number of updated asset objects reloaded before import = 0Number of asset objects unloaded after import = 10

========================================================================
Received Import Request.
  Time since last request: 0.000043 seconds.
  path: Assets/JP Environmental Asset Pack/Textures/Tree 2/Dead Tree 2 RFS_Tree 1 Mat_AlbedoTransparency.png
  artifactKey: Guid(f81fea05d72361d44bdaeba00dace253) Importer(2089858483,b0f066a214c2f5e87bad3c948f4d605d)
Start importing Assets/JP Environmental Asset Pack/Textures/Tree 2/Dead Tree 2 RFS_Tree 1 Mat_AlbedoTransparency.png using Guid(f81fea05d72361d44bdaeba00dace253) Importer(2089858483,b0f066a214c2f5e87bad3c948f4d605d) (ScriptedImporter) -> (artifact id: 'f5b0112ebe55e328e72fffdf10fe77c6') in 0.0144864 seconds
Number of updated asset objects reloaded before import = 0Number of asset objects unloaded after import = 1

========================================================================
Received Import Request.
  Time since last request: 0.000185 seconds.
  path: Assets/JP Environmental Asset Pack/Materials/Small Rock 4 Moss/Small Rock 4 Moss.mat
  artifactKey: Guid(442fa6ed07e500444a0961b0930713a8) Importer(2089858483,b0f066a214c2f5e87bad3c948f4d605d)
Start importing Assets/JP Environmental Asset Pack/Materials/Small Rock 4 Moss/Small Rock 4 Moss.mat using Guid(442fa6ed07e500444a0961b0930713a8) Importer(2089858483,b0f066a214c2f5e87bad3c948f4d605d) (ScriptedImporter) -> (artifact id: 'c35e6ccd0b0c6a118698bbfb186a2334') in 0.0195156 seconds
Number of updated asset objects reloaded before import = 0Number of asset objects unloaded after import = 4

========================================================================
Received Import Request.
  Time since last request: 0.000052 seconds.
  path: Assets/JP Environmental Asset Pack/Materials/Large Rock 1/Large Rock 1.mat
  artifactKey: Guid(b6306c259b6f870469f9db775b800f81) Importer(2089858483,b0f066a214c2f5e87bad3c948f4d605d)
Start importing Assets/JP Environmental Asset Pack/Materials/Large Rock 1/Large Rock 1.mat using Guid(b6306c259b6f870469f9db775b800f81) Importer(2089858483,b0f066a214c2f5e87bad3c948f4d605d) (ScriptedImporter) -> (artifact id: '70615439e989090bbc87b4d9f275db52') in 0.0186887 seconds
Number of updated asset objects reloaded before import = 0Number of asset objects unloaded after import = 4

========================================================================
Received Import Request.
  Time since last request: 0.000042 seconds.
  path: Assets/JP Environmental Asset Pack/Textures/Small Rock 3/Small Rock 3 RFS_DefaultMaterial_MetallicSmoothness.png
  artifactKey: Guid(bcb39851709d6564eac038296b15a386) Importer(2089858483,b0f066a214c2f5e87bad3c948f4d605d)
Start importing Assets/JP Environmental Asset Pack/Textures/Small Rock 3/Small Rock 3 RFS_DefaultMaterial_MetallicSmoothness.png using Guid(bcb39851709d6564eac038296b15a386) Importer(2089858483,b0f066a214c2f5e87bad3c948f4d605d) (ScriptedImporter) -> (artifact id: '774c4e68149d394ff2299455eb124968') in 0.018585 seconds
Number of updated asset objects reloaded before import = 0Number of asset objects unloaded after import = 1

========================================================================
Received Import Request.
  Time since last request: 0.000029 seconds.
  path: Assets/JP Environmental Asset Pack/Materials
  artifactKey: Guid(fd244097e34e65641905920ddbb5b06d) Importer(2089858483,b0f066a214c2f5e87bad3c948f4d605d)
Start importing Assets/JP Environmental Asset Pack/Materials using Guid(fd244097e34e65641905920ddbb5b06d) Importer(2089858483,b0f066a214c2f5e87bad3c948f4d605d) (ScriptedImporter) -> (artifact id: 'cd0ebcd3c56c1be0408f7a1dc150f164') in 0.0062907 seconds
Number of updated asset objects reloaded before import = 0Number of asset objects unloaded after import = 1

========================================================================
Received Import Request.
  Time since last request: 0.000030 seconds.
  path: Assets/JP Environmental Asset Pack/Prefabs/Small Rock 1.prefab
  artifactKey: Guid(375204e43ad118e4bbc83b27192e3946) Importer(2089858483,b0f066a214c2f5e87bad3c948f4d605d)
Start importing Assets/JP Environmental Asset Pack/Prefabs/Small Rock 1.prefab using Guid(375204e43ad118e4bbc83b27192e3946) Importer(2089858483,b0f066a214c2f5e87bad3c948f4d605d) (ScriptedImporter) -> (artifact id: '1767305d986bad9a951cf33bf0b75844') in 0.0181357 seconds
Number of updated asset objects reloaded before import = 0Number of asset objects unloaded after import = 9

========================================================================
Received Import Request.
  Time since last request: 0.000046 seconds.
  path: Assets/JP Environmental Asset Pack/Textures/Tree 1/Tree 1 RFS_DefaultMaterial_MetallicSmoothness.png
  artifactKey: Guid(cb71793383bb2754c955cceeb16d9840) Importer(2089858483,b0f066a214c2f5e87bad3c948f4d605d)
Start importing Assets/JP Environmental Asset Pack/Textures/Tree 1/Tree 1 RFS_DefaultMaterial_MetallicSmoothness.png using Guid(cb71793383bb2754c955cceeb16d9840) Importer(2089858483,b0f066a214c2f5e87bad3c948f4d605d) (ScriptedImporter) -> (artifact id: 'b14bee1c8a6826409aafceeeeb23e134') in 0.0194559 seconds
Number of updated asset objects reloaded before import = 0Number of asset objects unloaded after import = 1

========================================================================
Received Import Request.
  Time since last request: 0.000042 seconds.
  path: Assets/JP Environmental Asset Pack/Textures/Tree 3/Dead Tree 3 RFS_Tree 1 Mat_MetallicSmoothness.png
  artifactKey: Guid(2dc732a1213395e4084d22324c9b89f0) Importer(2089858483,b0f066a214c2f5e87bad3c948f4d605d)
Start importing Assets/JP Environmental Asset Pack/Textures/Tree 3/Dead Tree 3 RFS_Tree 1 Mat_MetallicSmoothness.png using Guid(2dc732a1213395e4084d22324c9b89f0) Importer(2089858483,b0f066a214c2f5e87bad3c948f4d605d) (ScriptedImporter) -> (artifact id: 'f3988892808188f36d49ffb526a6f95f') in 0.0164346 seconds
Number of updated asset objects reloaded before import = 0Number of asset objects unloaded after import = 1

========================================================================
Received Import Request.
  Time since last request: 0.000034 seconds.
  path: Assets/JP Environmental Asset Pack/Textures/Foliage 1
  artifactKey: Guid(9ad80507c8311f548b871b7b4225b957) Importer(2089858483,b0f066a214c2f5e87bad3c948f4d605d)
Start importing Assets/JP Environmental Asset Pack/Textures/Foliage 1 using Guid(9ad80507c8311f548b871b7b4225b957) Importer(2089858483,b0f066a214c2f5e87bad3c948f4d605d) (ScriptedImporter) -> (artifact id: '082c1b699f4575cbbe06b12a7dc4f7a9') in 0.0129543 seconds
Number of updated asset objects reloaded before import = 0Number of asset objects unloaded after import = 1

========================================================================
Received Import Request.
  Time since last request: 0.000057 seconds.
  path: Assets/JP Environmental Asset Pack/Prefabs/Tree 1.prefab
  artifactKey: Guid(81c7dd4128008d84fbd14127f8cdc039) Importer(2089858483,b0f066a214c2f5e87bad3c948f4d605d)
Start importing Assets/JP Environmental Asset Pack/Prefabs/Tree 1.prefab using Guid(81c7dd4128008d84fbd14127f8cdc039) Importer(2089858483,b0f066a214c2f5e87bad3c948f4d605d) (ScriptedImporter) -> (artifact id: 'c0c4b66f1689febb2f920ea5087e06e7') in 0.0212791 seconds
Number of updated asset objects reloaded before import = 0Number of asset objects unloaded after import = 11

========================================================================
Received Import Request.
  Time since last request: 0.000044 seconds.
  path: Assets/JP Environmental Asset Pack/Textures/Small Rock 4/Small Rock 4 Moss RFS_DefaultMaterial_AlbedoTransparency.png
  artifactKey: Guid(2c4de51c7b836294ebb41e123dfa7858) Importer(2089858483,b0f066a214c2f5e87bad3c948f4d605d)
Start importing Assets/JP Environmental Asset Pack/Textures/Small Rock 4/Small Rock 4 Moss RFS_DefaultMaterial_AlbedoTransparency.png using Guid(2c4de51c7b836294ebb41e123dfa7858) Importer(2089858483,b0f066a214c2f5e87bad3c948f4d605d) (ScriptedImporter) -> (artifact id: 'a1f3602ebeb4ffdb57f19d5b1d88f56c') in 0.0391976 seconds
Number of updated asset objects reloaded before import = 0Number of asset objects unloaded after import = 1

========================================================================
Received Import Request.
  Time since last request: 0.000048 seconds.
  path: Assets/JP Environmental Asset Pack/Textures/Large Rock 2/Large Rock 2 RFS_DefaultMaterial_MetallicSmoothness.png
  artifactKey: Guid(0b153f377902c06448bcdf02a1e598ab) Importer(2089858483,b0f066a214c2f5e87bad3c948f4d605d)
Start importing Assets/JP Environmental Asset Pack/Textures/Large Rock 2/Large Rock 2 RFS_DefaultMaterial_MetallicSmoothness.png using Guid(0b153f377902c06448bcdf02a1e598ab) Importer(2089858483,b0f066a214c2f5e87bad3c948f4d605d) (ScriptedImporter) -> (artifact id: '7da3e9d88b628e8e0b78445865dd3004') in 0.0281581 seconds
Number of updated asset objects reloaded before import = 0Number of asset objects unloaded after import = 1

========================================================================
Received Import Request.
  Time since last request: 0.000103 seconds.
  path: Assets/JP Environmental Asset Pack/Textures/Tree 1/Tree 1 RFS_DefaultMaterial_AlbedoTransparency.png
  artifactKey: Guid(3d099ac7959bdb3488c11c0c2bc63e2f) Importer(2089858483,b0f066a214c2f5e87bad3c948f4d605d)
Start importing Assets/JP Environmental Asset Pack/Textures/Tree 1/Tree 1 RFS_DefaultMaterial_AlbedoTransparency.png using Guid(3d099ac7959bdb3488c11c0c2bc63e2f) Importer(2089858483,b0f066a214c2f5e87bad3c948f4d605d) (ScriptedImporter) -> (artifact id: 'b19f96ed972ec81a649e84fba9c175b4') in 0.0208284 seconds
Number of updated asset objects reloaded before import = 0Number of asset objects unloaded after import = 1

========================================================================
Received Import Request.
  Time since last request: 0.000034 seconds.
  path: Assets/JP Environmental Asset Pack/Textures/Small Rock 1/Small Rock 1 RFS_DefaultMaterial_AlbedoTransparency.png
  artifactKey: Guid(dd7f72b756861d2419b8fff498140741) Importer(2089858483,b0f066a214c2f5e87bad3c948f4d605d)
Start importing Assets/JP Environmental Asset Pack/Textures/Small Rock 1/Small Rock 1 RFS_DefaultMaterial_AlbedoTransparency.png using Guid(dd7f72b756861d2419b8fff498140741) Importer(2089858483,b0f066a214c2f5e87bad3c948f4d605d) (ScriptedImporter) -> (artifact id: '3e3d9082318b50f055b6a36d45fea5e7') in 0.0188604 seconds
Number of updated asset objects reloaded before import = 0Number of asset objects unloaded after import = 1

========================================================================
Received Import Request.
  Time since last request: 0.000040 seconds.
  path: Assets/JP Environmental Asset Pack/Textures/Ground Grass 1/Grass 1_metallic.png
  artifactKey: Guid(9c98aebbfc29d8d4cb14c8e41ed4f3ea) Importer(2089858483,b0f066a214c2f5e87bad3c948f4d605d)
Start importing Assets/JP Environmental Asset Pack/Textures/Ground Grass 1/Grass 1_metallic.png using Guid(9c98aebbfc29d8d4cb14c8e41ed4f3ea) Importer(2089858483,b0f066a214c2f5e87bad3c948f4d605d) (ScriptedImporter) -> (artifact id: '2b1bbcce84cae7be57c006bc0d283baa') in 0.013491 seconds
Number of updated asset objects reloaded before import = 0Number of asset objects unloaded after import = 1

========================================================================
Received Import Request.
  Time since last request: 0.000036 seconds.
  path: Assets/JP Environmental Asset Pack/Textures/Ground Rocks 1/Ground 4_metallic.png
  artifactKey: Guid(7c27682cc391e434686ded8ca47ddf40) Importer(2089858483,b0f066a214c2f5e87bad3c948f4d605d)
Start importing Assets/JP Environmental Asset Pack/Textures/Ground Rocks 1/Ground 4_metallic.png using Guid(7c27682cc391e434686ded8ca47ddf40) Importer(2089858483,b0f066a214c2f5e87bad3c948f4d605d) (ScriptedImporter) -> (artifact id: 'c191d48ad751cd0ddeb683550ef8923d') in 0.0258468 seconds
Number of updated asset objects reloaded before import = 0Number of asset objects unloaded after import = 1

========================================================================
Received Import Request.
  Time since last request: 0.000068 seconds.
  path: Assets/JP Environmental Asset Pack/Textures/Tree 3/Tree 3 Branchs_NRM.png
  artifactKey: Guid(40c9bb014dd5b1c4e957526bba86ac84) Importer(2089858483,b0f066a214c2f5e87bad3c948f4d605d)
Start importing Assets/JP Environmental Asset Pack/Textures/Tree 3/Tree 3 Branchs_NRM.png using Guid(40c9bb014dd5b1c4e957526bba86ac84) Importer(2089858483,b0f066a214c2f5e87bad3c948f4d605d) (ScriptedImporter) -> (artifact id: '0f966ed3564239a07cd796b35661ed75') in 0.0691671 seconds
Number of updated asset objects reloaded before import = 0Number of asset objects unloaded after import = 1

========================================================================
Received Import Request.
  Time since last request: 0.000054 seconds.
  path: Assets/JP Environmental Asset Pack/Materials/Tree 1
  artifactKey: Guid(cab85fca88643e647bfef25251fefd23) Importer(2089858483,b0f066a214c2f5e87bad3c948f4d605d)
Start importing Assets/JP Environmental Asset Pack/Materials/Tree 1 using Guid(cab85fca88643e647bfef25251fefd23) Importer(2089858483,b0f066a214c2f5e87bad3c948f4d605d) (ScriptedImporter) -> (artifact id: '00b25d17b494374843481c3c507508b9') in 0.0080166 seconds
Number of updated asset objects reloaded before import = 0Number of asset objects unloaded after import = 1

========================================================================
Received Import Request.
  Time since last request: 0.000099 seconds.
  path: Assets/JP Environmental Asset Pack/Textures/Tree 4/Dead Tree 4 RFS_Tree 2 Mat_AlbedoTransparency.png
  artifactKey: Guid(35d5cc473c6ed0746b69f87c369a5050) Importer(2089858483,b0f066a214c2f5e87bad3c948f4d605d)
Start importing Assets/JP Environmental Asset Pack/Textures/Tree 4/Dead Tree 4 RFS_Tree 2 Mat_AlbedoTransparency.png using Guid(35d5cc473c6ed0746b69f87c369a5050) Importer(2089858483,b0f066a214c2f5e87bad3c948f4d605d) (ScriptedImporter) -> (artifact id: '8ff1bbf5558ec4d6ffdeff34a77a5573') in 0.0405871 seconds
Number of updated asset objects reloaded before import = 0Number of asset objects unloaded after import = 1

========================================================================
Received Import Request.
  Time since last request: 0.000054 seconds.
  path: Assets/JP Environmental Asset Pack/Textures/Small Rock 1/Small Rock 1 RFS_DefaultMaterial_Normal.png
  artifactKey: Guid(1d4d9dceb188793439ed91629b101b66) Importer(2089858483,b0f066a214c2f5e87bad3c948f4d605d)
Start importing Assets/JP Environmental Asset Pack/Textures/Small Rock 1/Small Rock 1 RFS_DefaultMaterial_Normal.png using Guid(1d4d9dceb188793439ed91629b101b66) Importer(2089858483,b0f066a214c2f5e87bad3c948f4d605d) (ScriptedImporter) -> (artifact id: '89ed7a1158c76edc0d47b02fe7a847cb') in 0.0221614 seconds
Number of updated asset objects reloaded before import = 0Number of asset objects unloaded after import = 1

========================================================================
Received Import Request.
  Time since last request: 0.000035 seconds.
  path: Assets/JP Environmental Asset Pack/Materials/Terrain Materials/Grass 1.terrainlayer
  artifactKey: Guid(49b6d26bcaf5a3a499677263e288fe8d) Importer(2089858483,b0f066a214c2f5e87bad3c948f4d605d)
Start importing Assets/JP Environmental Asset Pack/Materials/Terrain Materials/Grass 1.terrainlayer using Guid(49b6d26bcaf5a3a499677263e288fe8d) Importer(2089858483,b0f066a214c2f5e87bad3c948f4d605d) (ScriptedImporter) -> (artifact id: 'da4c0c9df4ce555ac078c6642d867d13') in 0.0794106 seconds
Number of updated asset objects reloaded before import = 0Number of asset objects unloaded after import = 3

========================================================================
Received Import Request.
  Time since last request: 0.000047 seconds.
  path: Assets/JP Environmental Asset Pack/Textures/Ground Rocks 1
  artifactKey: Guid(6687d6f737f446e4fbd75876554db099) Importer(2089858483,b0f066a214c2f5e87bad3c948f4d605d)
Start importing Assets/JP Environmental Asset Pack/Textures/Ground Rocks 1 using Guid(6687d6f737f446e4fbd75876554db099) Importer(2089858483,b0f066a214c2f5e87bad3c948f4d605d) (ScriptedImporter) -> (artifact id: 'c3770479676aaf5292920c68711e3480') in 0.0100924 seconds
Number of updated asset objects reloaded before import = 0Number of asset objects unloaded after import = 1

========================================================================
Received Import Request.
  Time since last request: 0.000068 seconds.
  path: Assets/JP Environmental Asset Pack/Textures/Tree 4/Tree 4 Branchs_NRM.png
  artifactKey: Guid(c251a950392d55344a7e63f8dfa16288) Importer(2089858483,b0f066a214c2f5e87bad3c948f4d605d)
Start importing Assets/JP Environmental Asset Pack/Textures/Tree 4/Tree 4 Branchs_NRM.png using Guid(c251a950392d55344a7e63f8dfa16288) Importer(2089858483,b0f066a214c2f5e87bad3c948f4d605d) (ScriptedImporter) -> (artifact id: '3861037f7d8c0e82005346603e50a1f7') in 0.0214303 seconds
Number of updated asset objects reloaded before import = 0Number of asset objects unloaded after import = 1

========================================================================
Received Import Request.
  Time since last request: 0.000030 seconds.
  path: Assets/JP Environmental Asset Pack/Scenes/ForestExample.unity
  artifactKey: Guid(e0b0c202f0e294148938f0d777182238) Importer(2089858483,b0f066a214c2f5e87bad3c948f4d605d)
Start importing Assets/JP Environmental Asset Pack/Scenes/ForestExample.unity using Guid(e0b0c202f0e294148938f0d777182238) Importer(2089858483,b0f066a214c2f5e87bad3c948f4d605d) (ScriptedImporter) -> (artifact id: '61a794b237877da2eff27d1d8bc9797c') in 0.022747 seconds
Number of updated asset objects reloaded before import = 0Number of asset objects unloaded after import = 1

========================================================================
Received Import Request.
  Time since last request: 0.000058 seconds.
  path: Assets/JP Environmental Asset Pack/Prefabs/Tree 2.prefab
  artifactKey: Guid(2d813655b782eef45b7188afa2dfdb2e) Importer(2089858483,b0f066a214c2f5e87bad3c948f4d605d)
Start importing Assets/JP Environmental Asset Pack/Prefabs/Tree 2.prefab using Guid(2d813655b782eef45b7188afa2dfdb2e) Importer(2089858483,b0f066a214c2f5e87bad3c948f4d605d) (ScriptedImporter) -> (artifact id: '2adafbf7ad946cfe6d24b631aad1bd43') in 0.0246207 seconds
Number of updated asset objects reloaded before import = 0Number of asset objects unloaded after import = 11

========================================================================
Received Import Request.
  Time since last request: 0.000054 seconds.
  path: Assets/JP Environmental Asset Pack/Textures/Small Rock 4/Small Rock 4 Moss RFS_DefaultMaterial_MetallicSmoothness.png
  artifactKey: Guid(4a165b73459394740952d9703dfa484e) Importer(2089858483,b0f066a214c2f5e87bad3c948f4d605d)
Start importing Assets/JP Environmental Asset Pack/Textures/Small Rock 4/Small Rock 4 Moss RFS_DefaultMaterial_MetallicSmoothness.png using Guid(4a165b73459394740952d9703dfa484e) Importer(2089858483,b0f066a214c2f5e87bad3c948f4d605d) (ScriptedImporter) -> (artifact id: '3a0a079fb68656f3bf48a61116df1ec6') in 0.02223 seconds
Number of updated asset objects reloaded before import = 0Number of asset objects unloaded after import = 1

========================================================================
Received Import Request.
  Time since last request: 0.000030 seconds.
  path: Assets/JP Environmental Asset Pack/Textures/Grass/Grass 1.png
  artifactKey: Guid(d59c5dec13d003b4b9b0a64803a36734) Importer(2089858483,b0f066a214c2f5e87bad3c948f4d605d)
Start importing Assets/JP Environmental Asset Pack/Textures/Grass/Grass 1.png using Guid(d59c5dec13d003b4b9b0a64803a36734) Importer(2089858483,b0f066a214c2f5e87bad3c948f4d605d) (ScriptedImporter) -> (artifact id: '4f8d9955a7f4e6cb3d905b2c798a59e1') in 0.0202429 seconds
Number of updated asset objects reloaded before import = 0Number of asset objects unloaded after import = 1

========================================================================
Received Import Request.
  Time since last request: 0.000044 seconds.
  path: Assets/JP Environmental Asset Pack/Textures/Ground Rocks 1/Ground 4_roughness.png
  artifactKey: Guid(3432911f678d926459f3311f940e1f81) Importer(2089858483,b0f066a214c2f5e87bad3c948f4d605d)
Start importing Assets/JP Environmental Asset Pack/Textures/Ground Rocks 1/Ground 4_roughness.png using Guid(3432911f678d926459f3311f940e1f81) Importer(2089858483,b0f066a214c2f5e87bad3c948f4d605d) (ScriptedImporter) -> (artifact id: '883848f7d1789f885f1cdf0e8512f825') in 0.0201989 seconds
Number of updated asset objects reloaded before import = 0Number of asset objects unloaded after import = 1

========================================================================
Received Import Request.
  Time since last request: 0.000066 seconds.
  path: Assets/JP Environmental Asset Pack/Materials/Small Rock 2/Small Rock 2.mat
  artifactKey: Guid(dabe54f6d7a618b46b47a20a94dac76c) Importer(2089858483,b0f066a214c2f5e87bad3c948f4d605d)
Start importing Assets/JP Environmental Asset Pack/Materials/Small Rock 2/Small Rock 2.mat using Guid(dabe54f6d7a618b46b47a20a94dac76c) Importer(2089858483,b0f066a214c2f5e87bad3c948f4d605d) (ScriptedImporter) -> (artifact id: '0ee9a6238db52c843f4e86352ad5ad27') in 0.0260899 seconds
Number of updated asset objects reloaded before import = 0Number of asset objects unloaded after import = 4

========================================================================
Received Import Request.
  Time since last request: 0.000082 seconds.
  path: Assets/JP Environmental Asset Pack/Textures/Ground Grass 3/Ground 3_metallic.png
  artifactKey: Guid(24afc57870190e74fb521951f400ae00) Importer(2089858483,b0f066a214c2f5e87bad3c948f4d605d)
Start importing Assets/JP Environmental Asset Pack/Textures/Ground Grass 3/Ground 3_metallic.png using Guid(24afc57870190e74fb521951f400ae00) Importer(2089858483,b0f066a214c2f5e87bad3c948f4d605d) (ScriptedImporter) -> (artifact id: '5baf4370132e151dfdb82ea2f440a362') in 0.0254013 seconds
Number of updated asset objects reloaded before import = 0Number of asset objects unloaded after import = 1

========================================================================
Received Import Request.
  Time since last request: 0.000046 seconds.
  path: Assets/JP Environmental Asset Pack/Models/Grass Patch Large.FBX
  artifactKey: Guid(d7130bad559ee6f4ebc3641ee16370c8) Importer(2089858483,b0f066a214c2f5e87bad3c948f4d605d)
Start importing Assets/JP Environmental Asset Pack/Models/Grass Patch Large.FBX using Guid(d7130bad559ee6f4ebc3641ee16370c8) Importer(2089858483,b0f066a214c2f5e87bad3c948f4d605d) (ScriptedImporter) -> (artifact id: '70c18808bfa8614ef0095e3da302ae8a') in 0.0232492 seconds
Number of updated asset objects reloaded before import = 0Number of asset objects unloaded after import = 9

========================================================================
Received Import Request.
  Time since last request: 0.000045 seconds.
  path: Assets/JP Environmental Asset Pack/Textures/Small Rock 4/Small Rock 4 RFS_DefaultMaterial_AlbedoTransparency.png
  artifactKey: Guid(f03b36756b0c8b64082ceeab896b646e) Importer(2089858483,b0f066a214c2f5e87bad3c948f4d605d)
Start importing Assets/JP Environmental Asset Pack/Textures/Small Rock 4/Small Rock 4 RFS_DefaultMaterial_AlbedoTransparency.png using Guid(f03b36756b0c8b64082ceeab896b646e) Importer(2089858483,b0f066a214c2f5e87bad3c948f4d605d) (ScriptedImporter) -> (artifact id: '7d8b5fb63d0c7157ee9bfdacb3c2b3fe') in 0.0234072 seconds
Number of updated asset objects reloaded before import = 0Number of asset objects unloaded after import = 1

========================================================================
Received Import Request.
  Time since last request: 0.000047 seconds.
  path: Assets/JP Environmental Asset Pack/Textures/Ground Rocks 2/Ground 5_ambientOcclusion.png
  artifactKey: Guid(2861b8589d42f784eb829e64f501dc6d) Importer(2089858483,b0f066a214c2f5e87bad3c948f4d605d)
Start importing Assets/JP Environmental Asset Pack/Textures/Ground Rocks 2/Ground 5_ambientOcclusion.png using Guid(2861b8589d42f784eb829e64f501dc6d) Importer(2089858483,b0f066a214c2f5e87bad3c948f4d605d) (ScriptedImporter) -> (artifact id: 'c3ddb4c52bd6a28c501c7583e771f749') in 0.0171894 seconds
Number of updated asset objects reloaded before import = 0Number of asset objects unloaded after import = 1

========================================================================
Received Import Request.
  Time since last request: 0.000030 seconds.
  path: Assets/JP Environmental Asset Pack/Shaders/How to set up.pdf
  artifactKey: Guid(65819480b8fa32f4ca23d3142313516f) Importer(2089858483,b0f066a214c2f5e87bad3c948f4d605d)
Start importing Assets/JP Environmental Asset Pack/Shaders/How to set up.pdf using Guid(65819480b8fa32f4ca23d3142313516f) Importer(2089858483,b0f066a214c2f5e87bad3c948f4d605d) (ScriptedImporter) -> (artifact id: '555fb0decef00e85256be10c2724dc0f') in 0.0058406 seconds
Number of updated asset objects reloaded before import = 0Number of asset objects unloaded after import = 1

========================================================================
Received Import Request.
  Time since last request: 0.000048 seconds.
  path: Assets/JP Environmental Asset Pack/Textures/Ground Rocks 2/Ground 5_height.png
  artifactKey: Guid(99132c117151deb458ce3d2ac884a717) Importer(2089858483,b0f066a214c2f5e87bad3c948f4d605d)
Start importing Assets/JP Environmental Asset Pack/Textures/Ground Rocks 2/Ground 5_height.png using Guid(99132c117151deb458ce3d2ac884a717) Importer(2089858483,b0f066a214c2f5e87bad3c948f4d605d) (ScriptedImporter) -> (artifact id: 'ef85bca09ac912dd9fa47d9bfb48d740') in 0.0239517 seconds
Number of updated asset objects reloaded before import = 0Number of asset objects unloaded after import = 1

========================================================================
Received Import Request.
  Time since last request: 0.000050 seconds.
  path: Assets/JP Environmental Asset Pack/Materials/Terrain Materials/Rock Floor 1.terrainlayer
  artifactKey: Guid(e3baa8a7616a7fe4883e2ffd1b175218) Importer(2089858483,b0f066a214c2f5e87bad3c948f4d605d)
Start importing Assets/JP Environmental Asset Pack/Materials/Terrain Materials/Rock Floor 1.terrainlayer using Guid(e3baa8a7616a7fe4883e2ffd1b175218) Importer(2089858483,b0f066a214c2f5e87bad3c948f4d605d) (ScriptedImporter) -> (artifact id: '6a0c5ebab578134fc1d1f9a2ad407c5f') in 0.0133066 seconds
Number of updated asset objects reloaded before import = 0Number of asset objects unloaded after import = 3

========================================================================
Received Import Request.
  Time since last request: 0.000062 seconds.
  path: Assets/JP Environmental Asset Pack/Prefabs/Grass Patch Small.prefab
  artifactKey: Guid(975ca1de1ebfe964491f7f9df16a60be) Importer(2089858483,b0f066a214c2f5e87bad3c948f4d605d)
Start importing Assets/JP Environmental Asset Pack/Prefabs/Grass Patch Small.prefab using Guid(975ca1de1ebfe964491f7f9df16a60be) Importer(2089858483,b0f066a214c2f5e87bad3c948f4d605d) (ScriptedImporter) -> (artifact id: '00a35cf0f9cb659d87c62e157d2c6530') in 0.0168922 seconds
Number of updated asset objects reloaded before import = 0Number of asset objects unloaded after import = 10

========================================================================
Received Import Request.
  Time since last request: 0.000032 seconds.
  path: Assets/JP Environmental Asset Pack/Textures/Ground Rocks 2/Ground 5_baseColor.png
  artifactKey: Guid(62553132f98806e408de17af05444582) Importer(2089858483,b0f066a214c2f5e87bad3c948f4d605d)
Start importing Assets/JP Environmental Asset Pack/Textures/Ground Rocks 2/Ground 5_baseColor.png using Guid(62553132f98806e408de17af05444582) Importer(2089858483,b0f066a214c2f5e87bad3c948f4d605d) (ScriptedImporter) -> (artifact id: 'd2e11e0610a9f5fa2e69394cb2c1fe10') in 0.0142388 seconds
Number of updated asset objects reloaded before import = 0Number of asset objects unloaded after import = 1

========================================================================
Received Import Request.
  Time since last request: 0.000041 seconds.
  path: Assets/JP Environmental Asset Pack/Materials/Ground Materials
  artifactKey: Guid(2db8ae62267131e448d532748b306c4a) Importer(2089858483,b0f066a214c2f5e87bad3c948f4d605d)
Start importing Assets/JP Environmental Asset Pack/Materials/Ground Materials using Guid(2db8ae62267131e448d532748b306c4a) Importer(2089858483,b0f066a214c2f5e87bad3c948f4d605d) (ScriptedImporter) -> (artifact id: '887bb773727928484a76650a52ebdc93') in 0.0052764 seconds
Number of updated asset objects reloaded before import = 0Number of asset objects unloaded after import = 1

========================================================================
Received Import Request.
  Time since last request: 0.000042 seconds.
  path: Assets/JP Environmental Asset Pack/Materials/Foliage 3/Foliage 3.mat
  artifactKey: Guid(079c9919c8874554ea495e3896ccb229) Importer(2089858483,b0f066a214c2f5e87bad3c948f4d605d)
Start importing Assets/JP Environmental Asset Pack/Materials/Foliage 3/Foliage 3.mat using Guid(079c9919c8874554ea495e3896ccb229) Importer(2089858483,b0f066a214c2f5e87bad3c948f4d605d) (ScriptedImporter) -> (artifact id: '3c8c200862dca65eac30cea05a4a615d') in 0.0235626 seconds
Number of updated asset objects reloaded before import = 0Number of asset objects unloaded after import = 4

========================================================================
Received Import Request.
  Time since last request: 0.000060 seconds.
  path: Assets/JP Environmental Asset Pack/Textures/Grass
  artifactKey: Guid(451857eb25487644f919773f2c216de0) Importer(2089858483,b0f066a214c2f5e87bad3c948f4d605d)
Start importing Assets/JP Environmental Asset Pack/Textures/Grass using Guid(451857eb25487644f919773f2c216de0) Importer(2089858483,b0f066a214c2f5e87bad3c948f4d605d) (ScriptedImporter) -> (artifact id: 'b79b4f853d9a7afc8196438a74371588') in 0.005289 seconds
Number of updated asset objects reloaded before import = 0Number of asset objects unloaded after import = 1

========================================================================
Received Import Request.
  Time since last request: 0.000035 seconds.
  path: Assets/JP Environmental Asset Pack/Textures/Ground Rocks 1/Ground 4_normal.png
  artifactKey: Guid(89d30ef4c8cd4054f808fc8e3a165c05) Importer(2089858483,b0f066a214c2f5e87bad3c948f4d605d)
Start importing Assets/JP Environmental Asset Pack/Textures/Ground Rocks 1/Ground 4_normal.png using Guid(89d30ef4c8cd4054f808fc8e3a165c05) Importer(2089858483,b0f066a214c2f5e87bad3c948f4d605d) (ScriptedImporter) -> (artifact id: '7581693d17f98adc53a2c7ba2218b6b5') in 0.0168653 seconds
Number of updated asset objects reloaded before import = 0Number of asset objects unloaded after import = 1

========================================================================
Received Import Request.
  Time since last request: 0.000044 seconds.
  path: Assets/JP Environmental Asset Pack/Textures/Tree 2/Tree 2 Branchs_NRM.png
  artifactKey: Guid(953ad2c5d4dcc4b4887fdcc3110af65a) Importer(2089858483,b0f066a214c2f5e87bad3c948f4d605d)
Start importing Assets/JP Environmental Asset Pack/Textures/Tree 2/Tree 2 Branchs_NRM.png using Guid(953ad2c5d4dcc4b4887fdcc3110af65a) Importer(2089858483,b0f066a214c2f5e87bad3c948f4d605d) (ScriptedImporter) -> (artifact id: '13fd671ade3e581ddd4df6aea6624399') in 0.0164567 seconds
Number of updated asset objects reloaded before import = 0Number of asset objects unloaded after import = 1

========================================================================
Received Import Request.
  Time since last request: 0.000043 seconds.
  path: Assets/JP Environmental Asset Pack/Textures/Foliage 3/Foliage 3_NRM.png
  artifactKey: Guid(afe58e99c030bed47ad932b1df8a35e6) Importer(2089858483,b0f066a214c2f5e87bad3c948f4d605d)
Start importing Assets/JP Environmental Asset Pack/Textures/Foliage 3/Foliage 3_NRM.png using Guid(afe58e99c030bed47ad932b1df8a35e6) Importer(2089858483,b0f066a214c2f5e87bad3c948f4d605d) (ScriptedImporter) -> (artifact id: '49e44b079d4c647d27c9e199628aa433') in 0.018329 seconds
Number of updated asset objects reloaded before import = 0Number of asset objects unloaded after import = 1

========================================================================
Received Import Request.
  Time since last request: 0.000055 seconds.
  path: Assets/JP Environmental Asset Pack/Models/Small Rock 3.FBX
  artifactKey: Guid(dcb7c5186204b6542b6655eae66b7e72) Importer(2089858483,b0f066a214c2f5e87bad3c948f4d605d)
Start importing Assets/JP Environmental Asset Pack/Models/Small Rock 3.FBX using Guid(dcb7c5186204b6542b6655eae66b7e72) Importer(2089858483,b0f066a214c2f5e87bad3c948f4d605d) (ScriptedImporter) -> (artifact id: '7a2136d7659e196259702d4d7f878b9c') in 0.0282536 seconds
Number of updated asset objects reloaded before import = 0Number of asset objects unloaded after import = 8

========================================================================
Received Import Request.
  Time since last request: 0.000038 seconds.
  path: Assets/JP Environmental Asset Pack/Textures/Tree 4/Tree 4 Branchs.png
  artifactKey: Guid(4af512830e4f214418b08610641c1659) Importer(2089858483,b0f066a214c2f5e87bad3c948f4d605d)
Start importing Assets/JP Environmental Asset Pack/Textures/Tree 4/Tree 4 Branchs.png using Guid(4af512830e4f214418b08610641c1659) Importer(2089858483,b0f066a214c2f5e87bad3c948f4d605d) (ScriptedImporter) -> (artifact id: '025f06ff8b24b01f06c554ec9d6032d3') in 0.0154619 seconds
Number of updated asset objects reloaded before import = 0Number of asset objects unloaded after import = 1

========================================================================
Received Import Request.
  Time since last request: 82.744065 seconds.
  path: Assets/Suelo/Textures/Small Rock 4
  artifactKey: Guid(ca349a60b1b29424aab931056bef5ff2) Importer(2089858483,b0f066a214c2f5e87bad3c948f4d605d)
Start importing Assets/Suelo/Textures/Small Rock 4 using Guid(ca349a60b1b29424aab931056bef5ff2) Importer(2089858483,b0f066a214c2f5e87bad3c948f4d605d) (ScriptedImporter) -> (artifact id: '93a24085646abe5e75fac6ec0eb8d5df') in 0.0434418 seconds
Number of updated asset objects reloaded before import = 0Number of asset objects unloaded after import = 1

========================================================================
Received Import Request.
  Time since last request: 0.000158 seconds.
  path: Assets/Suelo/Materials/Tree 4
  artifactKey: Guid(e3f1f192b6521be4b8e3d3684ba4cd7a) Importer(2089858483,b0f066a214c2f5e87bad3c948f4d605d)
Start importing Assets/Suelo/Materials/Tree 4 using Guid(e3f1f192b6521be4b8e3d3684ba4cd7a) Importer(2089858483,b0f066a214c2f5e87bad3c948f4d605d) (ScriptedImporter) -> (artifact id: '7cf0642cbf484b91f152c40a02f8df0f') in 0.0088004 seconds
Number of updated asset objects reloaded before import = 0Number of asset objects unloaded after import = 1

========================================================================
Received Import Request.
  Time since last request: 0.000050 seconds.
  path: Assets/Suelo/Textures/Small Rock 4/Small Rock 4 RFS_DefaultMaterial_MetallicSmoothness.png
  artifactKey: Guid(f0405012edb0dad45b5a49c540b74581) Importer(2089858483,b0f066a214c2f5e87bad3c948f4d605d)
Start importing Assets/Suelo/Textures/Small Rock 4/Small Rock 4 RFS_DefaultMaterial_MetallicSmoothness.png using Guid(f0405012edb0dad45b5a49c540b74581) Importer(2089858483,b0f066a214c2f5e87bad3c948f4d605d) (ScriptedImporter) -> (artifact id: 'adc1e6b7d8948beb4b33ad2a79c1c5e4') in 0.0301085 seconds
Number of updated asset objects reloaded before import = 0Number of asset objects unloaded after import = 1

========================================================================
Received Import Request.
  Time since last request: 0.000038 seconds.
  path: Assets/Suelo/Models
  artifactKey: Guid(8e4f9ae614e1fae4082e2da262f3adaa) Importer(2089858483,b0f066a214c2f5e87bad3c948f4d605d)
Start importing Assets/Suelo/Models using Guid(8e4f9ae614e1fae4082e2da262f3adaa) Importer(2089858483,b0f066a214c2f5e87bad3c948f4d605d) (ScriptedImporter) -> (artifact id: '43d373fea49bb8307f13b0694720218f') in 0.0101328 seconds
Number of updated asset objects reloaded before import = 0Number of asset objects unloaded after import = 1

========================================================================
Received Import Request.
  Time since last request: 0.000119 seconds.
  path: Assets/Suelo/Textures/Tree 3/Dead Tree 3 RFS_Tree 1 Mat_AlbedoTransparency.png
  artifactKey: Guid(47fe93e2a69ccd742a06f99fafd23dc7) Importer(2089858483,b0f066a214c2f5e87bad3c948f4d605d)
Start importing Assets/Suelo/Textures/Tree 3/Dead Tree 3 RFS_Tree 1 Mat_AlbedoTransparency.png using Guid(47fe93e2a69ccd742a06f99fafd23dc7) Importer(2089858483,b0f066a214c2f5e87bad3c948f4d605d) (ScriptedImporter) -> (artifact id: 'b0049d114d28c120504155c6a7c037cc') in 0.0200758 seconds
Number of updated asset objects reloaded before import = 0Number of asset objects unloaded after import = 1

========================================================================
Received Import Request.
  Time since last request: 0.000077 seconds.
  path: Assets/Suelo/Textures/Small Rock 1
  artifactKey: Guid(0ed2b57245d62f74ab9e788be2bd696e) Importer(2089858483,b0f066a214c2f5e87bad3c948f4d605d)
Start importing Assets/Suelo/Textures/Small Rock 1 using Guid(0ed2b57245d62f74ab9e788be2bd696e) Importer(2089858483,b0f066a214c2f5e87bad3c948f4d605d) (ScriptedImporter) -> (artifact id: 'ec5846660f2da8791f024f8708317c6c') in 0.0078401 seconds
Number of updated asset objects reloaded before import = 0Number of asset objects unloaded after import = 1

========================================================================
Received Import Request.
  Time since last request: 0.000056 seconds.
  path: Assets/Suelo/Scenes/Demo.unity
  artifactKey: Guid(9fc0d4010bbf28b4594072e72b8655ab) Importer(2089858483,b0f066a214c2f5e87bad3c948f4d605d)
Start importing Assets/Suelo/Scenes/Demo.unity using Guid(9fc0d4010bbf28b4594072e72b8655ab) Importer(2089858483,b0f066a214c2f5e87bad3c948f4d605d) (ScriptedImporter) -> (artifact id: 'd70f49673509910dc636186bf815f049') in 0.013511 seconds
Number of updated asset objects reloaded before import = 0Number of asset objects unloaded after import = 1

========================================================================
Received Import Request.
  Time since last request: 0.000041 seconds.
  path: Assets/Suelo/Textures/Tree 3
  artifactKey: Guid(d77b1868bcbc8c34aa05326768247588) Importer(2089858483,b0f066a214c2f5e87bad3c948f4d605d)
Start importing Assets/Suelo/Textures/Tree 3 using Guid(d77b1868bcbc8c34aa05326768247588) Importer(2089858483,b0f066a214c2f5e87bad3c948f4d605d) (ScriptedImporter) -> (artifact id: 'ea6a6e1df9df0c77bc9473af5d93eadd') in 0.0059679 seconds
Number of updated asset objects reloaded before import = 0Number of asset objects unloaded after import = 1

========================================================================
Received Import Request.
  Time since last request: 0.000037 seconds.
  path: Assets/Suelo/Materials/Large Rock 1
  artifactKey: Guid(3d99fa962c2339a4fb047b53dddc4e28) Importer(2089858483,b0f066a214c2f5e87bad3c948f4d605d)
Start importing Assets/Suelo/Materials/Large Rock 1 using Guid(3d99fa962c2339a4fb047b53dddc4e28) Importer(2089858483,b0f066a214c2f5e87bad3c948f4d605d) (ScriptedImporter) -> (artifact id: '3ff58445c47a14257f2a28ea8d52308c') in 0.0061301 seconds
Number of updated asset objects reloaded before import = 0Number of asset objects unloaded after import = 1

========================================================================
Received Import Request.
  Time since last request: 0.000063 seconds.
  path: Assets/Suelo/Materials/Tree 2
  artifactKey: Guid(3f30741cf69b1484db2fc8f171f1f6a4) Importer(2089858483,b0f066a214c2f5e87bad3c948f4d605d)
Start importing Assets/Suelo/Materials/Tree 2 using Guid(3f30741cf69b1484db2fc8f171f1f6a4) Importer(2089858483,b0f066a214c2f5e87bad3c948f4d605d) (ScriptedImporter) -> (artifact id: '6e70c8b6c7bc70f734d3e001ff90bfdf') in 0.0050489 seconds
Number of updated asset objects reloaded before import = 0Number of asset objects unloaded after import = 1

========================================================================
Received Import Request.
  Time since last request: 0.000045 seconds.
  path: Assets/Suelo/Textures/Foliage 3
  artifactKey: Guid(42f0669268552c2418d0aa70a709d471) Importer(2089858483,b0f066a214c2f5e87bad3c948f4d605d)
Start importing Assets/Suelo/Textures/Foliage 3 using Guid(42f0669268552c2418d0aa70a709d471) Importer(2089858483,b0f066a214c2f5e87bad3c948f4d605d) (ScriptedImporter) -> (artifact id: '387e6105f4a8e3a11919aec4e174e768') in 0.0049466 seconds
Number of updated asset objects reloaded before import = 0Number of asset objects unloaded after import = 1

========================================================================
Received Import Request.
  Time since last request: 0.000246 seconds.
  path: Assets/Suelo/Textures/Ground Rocks 2/Ground 5_roughness.png
  artifactKey: Guid(51c055848b742fe458c11c16b95fd6e3) Importer(2089858483,b0f066a214c2f5e87bad3c948f4d605d)
Start importing Assets/Suelo/Textures/Ground Rocks 2/Ground 5_roughness.png using Guid(51c055848b742fe458c11c16b95fd6e3) Importer(2089858483,b0f066a214c2f5e87bad3c948f4d605d) (ScriptedImporter) -> (artifact id: 'a598af300e3ed90bee945c7b71a1e824') in 0.0156926 seconds
Number of updated asset objects reloaded before import = 0Number of asset objects unloaded after import = 1

========================================================================
Received Import Request.
  Time since last request: 0.000067 seconds.
  path: Assets/Suelo/Textures/Tree 1
  artifactKey: Guid(1cf65fc676ac48b4791a64ce628a7294) Importer(2089858483,b0f066a214c2f5e87bad3c948f4d605d)
Start importing Assets/Suelo/Textures/Tree 1 using Guid(1cf65fc676ac48b4791a64ce628a7294) Importer(2089858483,b0f066a214c2f5e87bad3c948f4d605d) (ScriptedImporter) -> (artifact id: '221506c18a74e516c02d554740307467') in 0.0066935 seconds
Number of updated asset objects reloaded before import = 0Number of asset objects unloaded after import = 1

========================================================================
Received Import Request.
  Time since last request: 0.000032 seconds.
  path: Assets/Suelo/Textures/Tree 3/Tree 3 Branchs.png
  artifactKey: Guid(d5fec8a4daaaf524f87745a872e5f197) Importer(2089858483,b0f066a214c2f5e87bad3c948f4d605d)
Start importing Assets/Suelo/Textures/Tree 3/Tree 3 Branchs.png using Guid(d5fec8a4daaaf524f87745a872e5f197) Importer(2089858483,b0f066a214c2f5e87bad3c948f4d605d) (ScriptedImporter) -> (artifact id: '4e7cdaf74724ede9c14aae3aef7a5212') in 0.0182577 seconds
Number of updated asset objects reloaded before import = 0Number of asset objects unloaded after import = 1

========================================================================
Received Import Request.
  Time since last request: 0.000047 seconds.
  path: Assets/Suelo/Models/Tree 4.FBX
  artifactKey: Guid(c5f6ae5768117d74dbe1cb86f66bd9a2) Importer(2089858483,b0f066a214c2f5e87bad3c948f4d605d)
Start importing Assets/Suelo/Models/Tree 4.FBX using Guid(c5f6ae5768117d74dbe1cb86f66bd9a2) Importer(2089858483,b0f066a214c2f5e87bad3c948f4d605d) (ScriptedImporter) -> (artifact id: '92a2d961d4e734e6237e3ec4bf53a110') in 0.0331815 seconds
Number of updated asset objects reloaded before import = 0Number of asset objects unloaded after import = 10

========================================================================
Received Import Request.
  Time since last request: 0.000129 seconds.
  path: Assets/Suelo/Textures/Ground Grass 1
  artifactKey: Guid(b1a083e534572724fafbf305f253c964) Importer(2089858483,b0f066a214c2f5e87bad3c948f4d605d)
Start importing Assets/Suelo/Textures/Ground Grass 1 using Guid(b1a083e534572724fafbf305f253c964) Importer(2089858483,b0f066a214c2f5e87bad3c948f4d605d) (ScriptedImporter) -> (artifact id: 'b0a42b675de5b4c39e34077bd8e7cf8e') in 0.0070367 seconds
Number of updated asset objects reloaded before import = 0Number of asset objects unloaded after import = 1

========================================================================
Received Import Request.
  Time since last request: 0.000058 seconds.
  path: Assets/Suelo/Textures/Foliage 2/Foliage 2_NRM.png
  artifactKey: Guid(1a1ea9e1c808b114bbae01568205646c) Importer(2089858483,b0f066a214c2f5e87bad3c948f4d605d)
Start importing Assets/Suelo/Textures/Foliage 2/Foliage 2_NRM.png using Guid(1a1ea9e1c808b114bbae01568205646c) Importer(2089858483,b0f066a214c2f5e87bad3c948f4d605d) (ScriptedImporter) -> (artifact id: 'd14d87c087c4d43faa9e3994da0f2f8b') in 0.0230685 seconds
Number of updated asset objects reloaded before import = 0Number of asset objects unloaded after import = 1

========================================================================
Received Import Request.
  Time since last request: 0.000036 seconds.
  path: Assets/Suelo/Textures/Ground Grass 3/Ground 3_height.png
  artifactKey: Guid(622c42c088e931148a7c60b02ea3b1bc) Importer(2089858483,b0f066a214c2f5e87bad3c948f4d605d)
Start importing Assets/Suelo/Textures/Ground Grass 3/Ground 3_height.png using Guid(622c42c088e931148a7c60b02ea3b1bc) Importer(2089858483,b0f066a214c2f5e87bad3c948f4d605d) (ScriptedImporter) -> (artifact id: 'e1e446e863a0ddf2f8f86ba295aee9e4') in 0.0183407 seconds
Number of updated asset objects reloaded before import = 0Number of asset objects unloaded after import = 1

========================================================================
Received Import Request.
  Time since last request: 0.000045 seconds.
  path: Assets/Suelo/Models/Foliage 3.FBX
  artifactKey: Guid(88aa96a7b6d9c914fa4929b0c32c44cc) Importer(2089858483,b0f066a214c2f5e87bad3c948f4d605d)
Start importing Assets/Suelo/Models/Foliage 3.FBX using Guid(88aa96a7b6d9c914fa4929b0c32c44cc) Importer(2089858483,b0f066a214c2f5e87bad3c948f4d605d) (ScriptedImporter) -> (artifact id: '03c239e1885cf4ed4b40375cd9dbc402') in 0.0242881 seconds
Number of updated asset objects reloaded before import = 0Number of asset objects unloaded after import = 9

========================================================================
Received Import Request.
  Time since last request: 0.000091 seconds.
  path: Assets/Suelo/Textures/Large Rock 2/Large Rock 2 RFS_DefaultMaterial_Normal.png
  artifactKey: Guid(e5f86957485a475499352d4e6bb30945) Importer(2089858483,b0f066a214c2f5e87bad3c948f4d605d)
Start importing Assets/Suelo/Textures/Large Rock 2/Large Rock 2 RFS_DefaultMaterial_Normal.png using Guid(e5f86957485a475499352d4e6bb30945) Importer(2089858483,b0f066a214c2f5e87bad3c948f4d605d) (ScriptedImporter) -> (artifact id: 'cd8ccfcc0694cb53e2e617bf011c2b77') in 0.024928 seconds
Number of updated asset objects reloaded before import = 0Number of asset objects unloaded after import = 1

========================================================================
Received Import Request.
  Time since last request: 0.000050 seconds.
  path: Assets/Suelo/Textures/Small Rock 4/Small Rock 4 Moss RFS_DefaultMaterial_Normal.png
  artifactKey: Guid(5df403a7d9842aa45bc482920b3c97af) Importer(2089858483,b0f066a214c2f5e87bad3c948f4d605d)
Start importing Assets/Suelo/Textures/Small Rock 4/Small Rock 4 Moss RFS_DefaultMaterial_Normal.png using Guid(5df403a7d9842aa45bc482920b3c97af) Importer(2089858483,b0f066a214c2f5e87bad3c948f4d605d) (ScriptedImporter) -> (artifact id: '6f23eb3de39a67e729ba7c1a424aceb1') in 0.0215983 seconds
Number of updated asset objects reloaded before import = 0Number of asset objects unloaded after import = 1

========================================================================
Received Import Request.
  Time since last request: 0.000055 seconds.
  path: Assets/Suelo/Materials/Grass
  artifactKey: Guid(051271c45c29fed4db47e2d703636ca9) Importer(2089858483,b0f066a214c2f5e87bad3c948f4d605d)
Start importing Assets/Suelo/Materials/Grass using Guid(051271c45c29fed4db47e2d703636ca9) Importer(2089858483,b0f066a214c2f5e87bad3c948f4d605d) (ScriptedImporter) -> (artifact id: '069f13dc00473c40424cab1831912a7c') in 0.0046912 seconds
Number of updated asset objects reloaded before import = 0Number of asset objects unloaded after import = 1

========================================================================
Received Import Request.
  Time since last request: 0.000056 seconds.
  path: Assets/Suelo/Materials/Ground Materials/Grass Floor 3.mat
  artifactKey: Guid(d962ce535805c5a4cb27ee3888bb17af) Importer(2089858483,b0f066a214c2f5e87bad3c948f4d605d)
Start importing Assets/Suelo/Materials/Ground Materials/Grass Floor 3.mat using Guid(d962ce535805c5a4cb27ee3888bb17af) Importer(2089858483,b0f066a214c2f5e87bad3c948f4d605d) (ScriptedImporter) -> (artifact id: '2f92d27c80fa8071660f6dde4424da1a') in 0.0468593 seconds
Number of updated asset objects reloaded before import = 0Number of asset objects unloaded after import = 6

========================================================================
Received Import Request.
  Time since last request: 0.000293 seconds.
  path: Assets/Suelo/Materials/Large Rock 2/Large Rock 2.mat
  artifactKey: Guid(dca61a30b9a7fab47a822df5bd74027f) Importer(2089858483,b0f066a214c2f5e87bad3c948f4d605d)
Start importing Assets/Suelo/Materials/Large Rock 2/Large Rock 2.mat using Guid(dca61a30b9a7fab47a822df5bd74027f) Importer(2089858483,b0f066a214c2f5e87bad3c948f4d605d) (ScriptedImporter) -> (artifact id: '54e656e34a3e0444a6c3c784c7063d7c') in 0.0338963 seconds
Number of updated asset objects reloaded before import = 0Number of asset objects unloaded after import = 4

========================================================================
Received Import Request.
  Time since last request: 0.000045 seconds.
  path: Assets/Suelo/Textures/Foliage 1/Foliage 2.png
  artifactKey: Guid(45794bd7712ffa64d9a1b92230dcd6f1) Importer(2089858483,b0f066a214c2f5e87bad3c948f4d605d)
Start importing Assets/Suelo/Textures/Foliage 1/Foliage 2.png using Guid(45794bd7712ffa64d9a1b92230dcd6f1) Importer(2089858483,b0f066a214c2f5e87bad3c948f4d605d) (ScriptedImporter) -> (artifact id: '935b4025869aec932796f7db222eb018') in 0.0171756 seconds
Number of updated asset objects reloaded before import = 0Number of asset objects unloaded after import = 1

========================================================================
Received Import Request.
  Time since last request: 0.000041 seconds.
  path: Assets/Suelo/Textures/Small Rock 2/Small Rock 2 RFS_DefaultMaterial_Normal.png
  artifactKey: Guid(e3653655f7cd0c84c80a6a23fc08b472) Importer(2089858483,b0f066a214c2f5e87bad3c948f4d605d)
Start importing Assets/Suelo/Textures/Small Rock 2/Small Rock 2 RFS_DefaultMaterial_Normal.png using Guid(e3653655f7cd0c84c80a6a23fc08b472) Importer(2089858483,b0f066a214c2f5e87bad3c948f4d605d) (ScriptedImporter) -> (artifact id: '8fb1ff6ae1f2e4be36be4f29bd416d0c') in 0.0178754 seconds
Number of updated asset objects reloaded before import = 0Number of asset objects unloaded after import = 1

========================================================================
Received Import Request.
  Time since last request: 0.000189 seconds.
  path: Assets/Suelo/Models/Small Rock 4.FBX
  artifactKey: Guid(55979968259078d439ab17fe180a5889) Importer(2089858483,b0f066a214c2f5e87bad3c948f4d605d)
Start importing Assets/Suelo/Models/Small Rock 4.FBX using Guid(55979968259078d439ab17fe180a5889) Importer(2089858483,b0f066a214c2f5e87bad3c948f4d605d) (ScriptedImporter) -> (artifact id: '0c2011d4c4efb087f3d45b6404d23863') in 0.0136937 seconds
Number of updated asset objects reloaded before import = 0Number of asset objects unloaded after import = 8

========================================================================
Received Import Request.
  Time since last request: 0.000105 seconds.
  path: Assets/Suelo/Textures/Ground Grass 2/Ground 2_baseColor.png
  artifactKey: Guid(f969cbe806866c045bf9796f832bb8e5) Importer(2089858483,b0f066a214c2f5e87bad3c948f4d605d)
Start importing Assets/Suelo/Textures/Ground Grass 2/Ground 2_baseColor.png using Guid(f969cbe806866c045bf9796f832bb8e5) Importer(2089858483,b0f066a214c2f5e87bad3c948f4d605d) (ScriptedImporter) -> (artifact id: '86774b22aa2d8c99ca25ac596f7effe2') in 0.0212276 seconds
Number of updated asset objects reloaded before import = 0Number of asset objects unloaded after import = 1

========================================================================
Received Import Request.
  Time since last request: 0.000030 seconds.
  path: Assets/Suelo/Materials/Tree 1/Tree 1 Mat.mat
  artifactKey: Guid(cb1223280cfac854184017065d85e17e) Importer(2089858483,b0f066a214c2f5e87bad3c948f4d605d)
Start importing Assets/Suelo/Materials/Tree 1/Tree 1 Mat.mat using Guid(cb1223280cfac854184017065d85e17e) Importer(2089858483,b0f066a214c2f5e87bad3c948f4d605d) (ScriptedImporter) -> (artifact id: '37eb67449b8dba565a23a49fa5e53cd7') in 0.0337155 seconds
Number of updated asset objects reloaded before import = 0Number of asset objects unloaded after import = 4

========================================================================
Received Import Request.
  Time since last request: 0.000083 seconds.
  path: Assets/Suelo/Textures/Foliage 2/Foliage 2.png
  artifactKey: Guid(1a6ef109e223f7d469085048a224c613) Importer(2089858483,b0f066a214c2f5e87bad3c948f4d605d)
Start importing Assets/Suelo/Textures/Foliage 2/Foliage 2.png using Guid(1a6ef109e223f7d469085048a224c613) Importer(2089858483,b0f066a214c2f5e87bad3c948f4d605d) (ScriptedImporter) -> (artifact id: 'b482e4ff0593d0fe9e95d9d70f12b6e4') in 0.0209021 seconds
Number of updated asset objects reloaded before import = 0Number of asset objects unloaded after import = 1

========================================================================
Received Import Request.
  Time since last request: 0.000051 seconds.
  path: Assets/Suelo/Textures/Ground Grass 3/Ground 3_baseColor.png
  artifactKey: Guid(6e03ea39781e7b44fb4fb80363b2678f) Importer(2089858483,b0f066a214c2f5e87bad3c948f4d605d)
Start importing Assets/Suelo/Textures/Ground Grass 3/Ground 3_baseColor.png using Guid(6e03ea39781e7b44fb4fb80363b2678f) Importer(2089858483,b0f066a214c2f5e87bad3c948f4d605d) (ScriptedImporter) -> (artifact id: 'd218fbf846feb4d39757750ee026fdab') in 0.015972 seconds
Number of updated asset objects reloaded before import = 0Number of asset objects unloaded after import = 1

========================================================================
Received Import Request.
  Time since last request: 0.000098 seconds.
  path: Assets/Suelo/Textures/Rock Group
  artifactKey: Guid(bb720043e39bce146a7f809de18a4cf7) Importer(2089858483,b0f066a214c2f5e87bad3c948f4d605d)
Start importing Assets/Suelo/Textures/Rock Group using Guid(bb720043e39bce146a7f809de18a4cf7) Importer(2089858483,b0f066a214c2f5e87bad3c948f4d605d) (ScriptedImporter) -> (artifact id: 'cea8729e51438515b01f18b1d0a71106') in 0.006507 seconds
Number of updated asset objects reloaded before import = 0Number of asset objects unloaded after import = 1

========================================================================
Received Import Request.
  Time since last request: 0.000051 seconds.
  path: Assets/Suelo/Materials/Tree 2/Tree 2 Branches.mat
  artifactKey: Guid(2341656973cb2df48b26cd31949f58ad) Importer(2089858483,b0f066a214c2f5e87bad3c948f4d605d)
Start importing Assets/Suelo/Materials/Tree 2/Tree 2 Branches.mat using Guid(2341656973cb2df48b26cd31949f58ad) Importer(2089858483,b0f066a214c2f5e87bad3c948f4d605d) (ScriptedImporter) -> (artifact id: '7b735e0ba79e2076294a350bf872a5e9') in 0.0322625 seconds
Number of updated asset objects reloaded before import = 0Number of asset objects unloaded after import = 4

========================================================================
Received Import Request.
  Time since last request: 0.000079 seconds.
  path: Assets/Suelo/Models/Rock Group.FBX
  artifactKey: Guid(8c9ba8b971bfa054a9cef1dc5125056b) Importer(2089858483,b0f066a214c2f5e87bad3c948f4d605d)
Start importing Assets/Suelo/Models/Rock Group.FBX using Guid(8c9ba8b971bfa054a9cef1dc5125056b) Importer(2089858483,b0f066a214c2f5e87bad3c948f4d605d) (ScriptedImporter) -> (artifact id: 'b3fd8559b0e72c585f8c6424401333ba') in 0.0204892 seconds
Number of updated asset objects reloaded before import = 0Number of asset objects unloaded after import = 8

========================================================================
Received Import Request.
  Time since last request: 0.000063 seconds.
  path: Assets/Suelo/Models/Foliage 2.FBX
  artifactKey: Guid(7447eb077c417414c9d696399d0ac291) Importer(2089858483,b0f066a214c2f5e87bad3c948f4d605d)
Start importing Assets/Suelo/Models/Foliage 2.FBX using Guid(7447eb077c417414c9d696399d0ac291) Importer(2089858483,b0f066a214c2f5e87bad3c948f4d605d) (ScriptedImporter) -> (artifact id: '0018d466249a6cbd80b61bfa0936046e') in 0.0201539 seconds
Number of updated asset objects reloaded before import = 0Number of asset objects unloaded after import = 9

========================================================================
Received Import Request.
  Time since last request: 0.000087 seconds.
  path: Assets/Suelo/Models/Small Rock 2.FBX
  artifactKey: Guid(e2e276a85fbb9dd4d81082c1eb20521f) Importer(2089858483,b0f066a214c2f5e87bad3c948f4d605d)
Start importing Assets/Suelo/Models/Small Rock 2.FBX using Guid(e2e276a85fbb9dd4d81082c1eb20521f) Importer(2089858483,b0f066a214c2f5e87bad3c948f4d605d) (ScriptedImporter) -> (artifact id: 'b9c1629dc6798a3a588f147bace34c4c') in 0.0147274 seconds
Number of updated asset objects reloaded before import = 0Number of asset objects unloaded after import = 8

========================================================================
Received Import Request.
  Time since last request: 0.000061 seconds.
  path: Assets/Suelo/Models/Foliage 1.FBX
  artifactKey: Guid(c99638a33bdcd1d4bb519b3e562bec0a) Importer(2089858483,b0f066a214c2f5e87bad3c948f4d605d)
Start importing Assets/Suelo/Models/Foliage 1.FBX using Guid(c99638a33bdcd1d4bb519b3e562bec0a) Importer(2089858483,b0f066a214c2f5e87bad3c948f4d605d) (ScriptedImporter) -> (artifact id: '14e9fb5b5bec2378765468f142e04be2') in 0.0145383 seconds
Number of updated asset objects reloaded before import = 0Number of asset objects unloaded after import = 8

========================================================================
Received Import Request.
  Time since last request: 0.000070 seconds.
  path: Assets/Suelo/Textures/Small Rock 2/Small Rock 2 RFS_DefaultMaterial_AlbedoTransparency.png
  artifactKey: Guid(95a3c98ab744a744dba65137bf1f464a) Importer(2089858483,b0f066a214c2f5e87bad3c948f4d605d)
Start importing Assets/Suelo/Textures/Small Rock 2/Small Rock 2 RFS_DefaultMaterial_AlbedoTransparency.png using Guid(95a3c98ab744a744dba65137bf1f464a) Importer(2089858483,b0f066a214c2f5e87bad3c948f4d605d) (ScriptedImporter) -> (artifact id: '77c53a795d9a933fba9dc8a4cae52d30') in 0.0138437 seconds
Number of updated asset objects reloaded before import = 0Number of asset objects unloaded after import = 1

========================================================================
Received Import Request.
  Time since last request: 0.000050 seconds.
  path: Assets/Suelo/Prefabs/Small Rock 4.prefab
  artifactKey: Guid(84d3236b8e04fd042b4f2e14744e2af7) Importer(2089858483,b0f066a214c2f5e87bad3c948f4d605d)
Start importing Assets/Suelo/Prefabs/Small Rock 4.prefab using Guid(84d3236b8e04fd042b4f2e14744e2af7) Importer(2089858483,b0f066a214c2f5e87bad3c948f4d605d) (ScriptedImporter) -> (artifact id: '97247c71d2e45639134093e172cd369e') in 0.0119357 seconds
Number of updated asset objects reloaded before import = 0Number of asset objects unloaded after import = 9

========================================================================
Received Import Request.
  Time since last request: 0.000124 seconds.
  path: Assets/Suelo/Textures/Ground Grass 2/Ground 2_normal.png
  artifactKey: Guid(63efd4abeef176b42b58bb6df89525b9) Importer(2089858483,b0f066a214c2f5e87bad3c948f4d605d)
Start importing Assets/Suelo/Textures/Ground Grass 2/Ground 2_normal.png using Guid(63efd4abeef176b42b58bb6df89525b9) Importer(2089858483,b0f066a214c2f5e87bad3c948f4d605d) (ScriptedImporter) -> (artifact id: 'd7d6ed312c3735c9def780bca67b7209') in 0.0170179 seconds
Number of updated asset objects reloaded before import = 0Number of asset objects unloaded after import = 1

========================================================================
Received Import Request.
  Time since last request: 0.000083 seconds.
  path: Assets/Suelo/Textures/Small Rock 1/Small Rock 1 RFS_DefaultMaterial_MetallicSmoothness.png
  artifactKey: Guid(262e1fda3baeb49499408c39a5f62d01) Importer(2089858483,b0f066a214c2f5e87bad3c948f4d605d)
Start importing Assets/Suelo/Textures/Small Rock 1/Small Rock 1 RFS_DefaultMaterial_MetallicSmoothness.png using Guid(262e1fda3baeb49499408c39a5f62d01) Importer(2089858483,b0f066a214c2f5e87bad3c948f4d605d) (ScriptedImporter) -> (artifact id: 'f37259027efed01a15db252703a57cf6') in 0.0182234 seconds
Number of updated asset objects reloaded before import = 0Number of asset objects unloaded after import = 1

========================================================================
Received Import Request.
  Time since last request: 0.000049 seconds.
  path: Assets/Suelo/Models/Tree 2.FBX
  artifactKey: Guid(320316bb06a9fc34cb1e5840c72ba325) Importer(2089858483,b0f066a214c2f5e87bad3c948f4d605d)
Start importing Assets/Suelo/Models/Tree 2.FBX using Guid(320316bb06a9fc34cb1e5840c72ba325) Importer(2089858483,b0f066a214c2f5e87bad3c948f4d605d) (ScriptedImporter) -> (artifact id: 'df51fac542c1411166f069b4fed8a55d') in 0.0286751 seconds
Number of updated asset objects reloaded before import = 0Number of asset objects unloaded after import = 10

========================================================================
Received Import Request.
  Time since last request: 0.000074 seconds.
  path: Assets/Suelo/Shaders/DoubleSided.shader
  artifactKey: Guid(92f60417f0f33e9428efe6ede4fb222b) Importer(2089858483,b0f066a214c2f5e87bad3c948f4d605d)
Start importing Assets/Suelo/Shaders/DoubleSided.shader using Guid(92f60417f0f33e9428efe6ede4fb222b) Importer(2089858483,b0f066a214c2f5e87bad3c948f4d605d) (ScriptedImporter) -> (artifact id: 'ee30ad5549cc49d42e94fa58b003b656') in 0.0119895 seconds
Number of updated asset objects reloaded before import = 0Number of asset objects unloaded after import = 1

========================================================================
Received Import Request.
  Time since last request: 0.000195 seconds.
  path: Assets/Suelo/Prefabs/Tree 3.prefab
  artifactKey: Guid(fb468437ddd8f1b4fa857e505c8400af) Importer(2089858483,b0f066a214c2f5e87bad3c948f4d605d)
Start importing Assets/Suelo/Prefabs/Tree 3.prefab using Guid(fb468437ddd8f1b4fa857e505c8400af) Importer(2089858483,b0f066a214c2f5e87bad3c948f4d605d) (ScriptedImporter) -> (artifact id: '677cb2de55608f8648cbe798b127e190') in 0.0207407 seconds
Number of updated asset objects reloaded before import = 0Number of asset objects unloaded after import = 11

========================================================================
Received Import Request.
  Time since last request: 0.000055 seconds.
  path: Assets/Suelo/Prefabs/Foliage 3.prefab
  artifactKey: Guid(9c8fae5eecdacf14d9ed2944f332564c) Importer(2089858483,b0f066a214c2f5e87bad3c948f4d605d)
Start importing Assets/Suelo/Prefabs/Foliage 3.prefab using Guid(9c8fae5eecdacf14d9ed2944f332564c) Importer(2089858483,b0f066a214c2f5e87bad3c948f4d605d) (ScriptedImporter) -> (artifact id: 'cf7c115f493455bda5ade15b0a252712') in 0.0213048 seconds
Number of updated asset objects reloaded before import = 0Number of asset objects unloaded after import = 10

========================================================================
Received Import Request.
  Time since last request: 0.000064 seconds.
  path: Assets/Suelo/Textures/Tree 4/Dead Tree 4 RFS_Tree 2 Mat_MetallicSmoothness.png
  artifactKey: Guid(0aa75cec7b722b14a8479c7596a5b05f) Importer(2089858483,b0f066a214c2f5e87bad3c948f4d605d)
Start importing Assets/Suelo/Textures/Tree 4/Dead Tree 4 RFS_Tree 2 Mat_MetallicSmoothness.png using Guid(0aa75cec7b722b14a8479c7596a5b05f) Importer(2089858483,b0f066a214c2f5e87bad3c948f4d605d) (ScriptedImporter) -> (artifact id: '6bb7b58a90e0669bc9237ca51b8f5b9f') in 0.0169116 seconds
Number of updated asset objects reloaded before import = 0Number of asset objects unloaded after import = 1

========================================================================
Received Import Request.
  Time since last request: 0.000053 seconds.
  path: Assets/Suelo/Textures/Rock Group/Rock Group RFS_DefaultMaterial_AlbedoTransparency.png
  artifactKey: Guid(7fb044ae83da39341aa42dee1627dbaf) Importer(2089858483,b0f066a214c2f5e87bad3c948f4d605d)
Start importing Assets/Suelo/Textures/Rock Group/Rock Group RFS_DefaultMaterial_AlbedoTransparency.png using Guid(7fb044ae83da39341aa42dee1627dbaf) Importer(2089858483,b0f066a214c2f5e87bad3c948f4d605d) (ScriptedImporter) -> (artifact id: '4b953133952f09067d35b93889d606c5') in 0.026586 seconds
Number of updated asset objects reloaded before import = 0Number of asset objects unloaded after import = 1

========================================================================
Received Import Request.
  Time since last request: 0.000055 seconds.
  path: Assets/Suelo/Textures/Ground Grass 1/Grass 1_roughness.png
  artifactKey: Guid(b9f2e17c1a03fb04e882c55e0d61cd16) Importer(2089858483,b0f066a214c2f5e87bad3c948f4d605d)
Start importing Assets/Suelo/Textures/Ground Grass 1/Grass 1_roughness.png using Guid(b9f2e17c1a03fb04e882c55e0d61cd16) Importer(2089858483,b0f066a214c2f5e87bad3c948f4d605d) (ScriptedImporter) -> (artifact id: '1da72c8fbb9aca72de41a89d57177ff4') in 0.0633029 seconds
Number of updated asset objects reloaded before import = 0Number of asset objects unloaded after import = 1

========================================================================
Received Import Request.
  Time since last request: 0.000029 seconds.
  path: Assets/Suelo/Materials/Large Rock 2
  artifactKey: Guid(5d8e3f2309c36a94a9e45f711c0bdc5e) Importer(2089858483,b0f066a214c2f5e87bad3c948f4d605d)
Start importing Assets/Suelo/Materials/Large Rock 2 using Guid(5d8e3f2309c36a94a9e45f711c0bdc5e) Importer(2089858483,b0f066a214c2f5e87bad3c948f4d605d) (ScriptedImporter) -> (artifact id: 'bc6e4c4f350d7bf9ddd01002a58ba5ba') in 0.006875 seconds
Number of updated asset objects reloaded before import = 0Number of asset objects unloaded after import = 1

========================================================================
Received Import Request.
  Time since last request: 0.000116 seconds.
  path: Assets/Suelo/Materials/Small Rock 4 Moss/Small Rock 4 Moss.mat
  artifactKey: Guid(442fa6ed07e500444a0961b0930713a8) Importer(2089858483,b0f066a214c2f5e87bad3c948f4d605d)
Start importing Assets/Suelo/Materials/Small Rock 4 Moss/Small Rock 4 Moss.mat using Guid(442fa6ed07e500444a0961b0930713a8) Importer(2089858483,b0f066a214c2f5e87bad3c948f4d605d) (ScriptedImporter) -> (artifact id: 'cc9c0045f2979b3b8c0c3d870a5efc20') in 0.0381501 seconds
Number of updated asset objects reloaded before import = 0Number of asset objects unloaded after import = 4

========================================================================
Received Import Request.
  Time since last request: 0.000050 seconds.
  path: Assets/Suelo/Textures/Small Rock 4/Small Rock 4 RFS_DefaultMaterial_Normal.png
  artifactKey: Guid(7d88d4dfdc236554d9b11bf281901f31) Importer(2089858483,b0f066a214c2f5e87bad3c948f4d605d)
Start importing Assets/Suelo/Textures/Small Rock 4/Small Rock 4 RFS_DefaultMaterial_Normal.png using Guid(7d88d4dfdc236554d9b11bf281901f31) Importer(2089858483,b0f066a214c2f5e87bad3c948f4d605d) (ScriptedImporter) -> (artifact id: '3e6a37d1823d34a599c5772623ce2547') in 0.0277938 seconds
Number of updated asset objects reloaded before import = 0Number of asset objects unloaded after import = 1

========================================================================
Received Import Request.
  Time since last request: 0.000075 seconds.
  path: Assets/Suelo/Textures/Ground Grass 2/Ground 2_metallic.png
  artifactKey: Guid(b191a1bfb7dabda46b42c0b913db4af8) Importer(2089858483,b0f066a214c2f5e87bad3c948f4d605d)
Start importing Assets/Suelo/Textures/Ground Grass 2/Ground 2_metallic.png using Guid(b191a1bfb7dabda46b42c0b913db4af8) Importer(2089858483,b0f066a214c2f5e87bad3c948f4d605d) (ScriptedImporter) -> (artifact id: 'a22974cecf548dafeb5cdaf74b21c644') in 0.0101325 seconds
Number of updated asset objects reloaded before import = 0Number of asset objects unloaded after import = 1

========================================================================
Received Import Request.
  Time since last request: 0.000055 seconds.
  path: Assets/Suelo/Textures/Large Rock 1/Large Rock 1 RFS_DefaultMaterial_MetallicSmoothness.png
  artifactKey: Guid(0eef265fae8904443affc1b210af52d5) Importer(2089858483,b0f066a214c2f5e87bad3c948f4d605d)
Start importing Assets/Suelo/Textures/Large Rock 1/Large Rock 1 RFS_DefaultMaterial_MetallicSmoothness.png using Guid(0eef265fae8904443affc1b210af52d5) Importer(2089858483,b0f066a214c2f5e87bad3c948f4d605d) (ScriptedImporter) -> (artifact id: 'a80e5463354bd5c684620f1833103234') in 0.0184648 seconds
Number of updated asset objects reloaded before import = 0Number of asset objects unloaded after import = 1

========================================================================
Received Import Request.
  Time since last request: 0.000032 seconds.
  path: Assets/Suelo/Textures/Ground Grass 3/Ground 3_normal.png
  artifactKey: Guid(fc1e3afe71174d7469277ce97cfb6848) Importer(2089858483,b0f066a214c2f5e87bad3c948f4d605d)
Start importing Assets/Suelo/Textures/Ground Grass 3/Ground 3_normal.png using Guid(fc1e3afe71174d7469277ce97cfb6848) Importer(2089858483,b0f066a214c2f5e87bad3c948f4d605d) (ScriptedImporter) -> (artifact id: '6bfc17e2c59d4caebd033153708c3371') in 0.0121653 seconds
Number of updated asset objects reloaded before import = 0Number of asset objects unloaded after import = 1

========================================================================
Received Import Request.
  Time since last request: 0.000049 seconds.
  path: Assets/Suelo/Models/Large Rock 2.FBX
  artifactKey: Guid(7e5d03776b0f987408a89f8e9e9252f2) Importer(2089858483,b0f066a214c2f5e87bad3c948f4d605d)
Start importing Assets/Suelo/Models/Large Rock 2.FBX using Guid(7e5d03776b0f987408a89f8e9e9252f2) Importer(2089858483,b0f066a214c2f5e87bad3c948f4d605d) (ScriptedImporter) -> (artifact id: '76b018882e78440bb7b81170dafa26ae') in 0.0148075 seconds
Number of updated asset objects reloaded before import = 0Number of asset objects unloaded after import = 8

========================================================================
Received Import Request.
  Time since last request: 0.000041 seconds.
  path: Assets/Suelo/Textures/Small Rock 3/Small Rock 3 RFS_DefaultMaterial_MetallicSmoothness.png
  artifactKey: Guid(bcb39851709d6564eac038296b15a386) Importer(2089858483,b0f066a214c2f5e87bad3c948f4d605d)
Start importing Assets/Suelo/Textures/Small Rock 3/Small Rock 3 RFS_DefaultMaterial_MetallicSmoothness.png using Guid(bcb39851709d6564eac038296b15a386) Importer(2089858483,b0f066a214c2f5e87bad3c948f4d605d) (ScriptedImporter) -> (artifact id: '0f2f041f6a1ae26b9557556c15464a22') in 0.0144497 seconds
Number of updated asset objects reloaded before import = 0Number of asset objects unloaded after import = 1

========================================================================
Received Import Request.
  Time since last request: 0.000055 seconds.
  path: Assets/Suelo/Materials
  artifactKey: Guid(fd244097e34e65641905920ddbb5b06d) Importer(2089858483,b0f066a214c2f5e87bad3c948f4d605d)
Start importing Assets/Suelo/Materials using Guid(fd244097e34e65641905920ddbb5b06d) Importer(2089858483,b0f066a214c2f5e87bad3c948f4d605d) (ScriptedImporter) -> (artifact id: 'b9997d71042f7d22fe744f46726ea527') in 0.0039817 seconds
Number of updated asset objects reloaded before import = 0Number of asset objects unloaded after import = 1

========================================================================
Received Import Request.
  Time since last request: 0.000037 seconds.
  path: Assets/Suelo/Textures/Ground Grass 1/Grass 1_height.png
  artifactKey: Guid(4012e2e59c1ad174caeadcc30fddfa04) Importer(2089858483,b0f066a214c2f5e87bad3c948f4d605d)
Start importing Assets/Suelo/Textures/Ground Grass 1/Grass 1_height.png using Guid(4012e2e59c1ad174caeadcc30fddfa04) Importer(2089858483,b0f066a214c2f5e87bad3c948f4d605d) (ScriptedImporter) -> (artifact id: 'b6596602e1c18b605ec1c7e4dbf21dc4') in 0.0190493 seconds
Number of updated asset objects reloaded before import = 0Number of asset objects unloaded after import = 1

========================================================================
Received Import Request.
  Time since last request: 0.000056 seconds.
  path: Assets/Suelo/Prefabs/Tree 4.prefab
  artifactKey: Guid(a73e9680647acdd40b863c4b6d3982b0) Importer(2089858483,b0f066a214c2f5e87bad3c948f4d605d)
Start importing Assets/Suelo/Prefabs/Tree 4.prefab using Guid(a73e9680647acdd40b863c4b6d3982b0) Importer(2089858483,b0f066a214c2f5e87bad3c948f4d605d) (ScriptedImporter) -> (artifact id: 'b49ef32a9b48106444a20deac1b93b6c') in 0.0155262 seconds
Number of updated asset objects reloaded before import = 0Number of asset objects unloaded after import = 11

========================================================================
Received Import Request.
  Time since last request: 0.000030 seconds.
  path: Assets/Suelo/Models/Small Rock 1.FBX
  artifactKey: Guid(9f49a3cb181b0b94d9ea3268738f6fee) Importer(2089858483,b0f066a214c2f5e87bad3c948f4d605d)
Start importing Assets/Suelo/Models/Small Rock 1.FBX using Guid(9f49a3cb181b0b94d9ea3268738f6fee) Importer(2089858483,b0f066a214c2f5e87bad3c948f4d605d) (ScriptedImporter) -> (artifact id: 'c34c6dfc809064c3571fb1f213dd5d00') in 0.0176526 seconds
Number of updated asset objects reloaded before import = 0Number of asset objects unloaded after import = 8

========================================================================
Received Import Request.
  Time since last request: 0.000032 seconds.
  path: Assets/Suelo/Prefabs/Tree 1.prefab
  artifactKey: Guid(81c7dd4128008d84fbd14127f8cdc039) Importer(2089858483,b0f066a214c2f5e87bad3c948f4d605d)
Start importing Assets/Suelo/Prefabs/Tree 1.prefab using Guid(81c7dd4128008d84fbd14127f8cdc039) Importer(2089858483,b0f066a214c2f5e87bad3c948f4d605d) (ScriptedImporter) -> (artifact id: 'bae0dc05f9f669c94138f1a695ce426b') in 0.021184 seconds
Number of updated asset objects reloaded before import = 0Number of asset objects unloaded after import = 11

========================================================================
Received Import Request.
  Time since last request: 0.000057 seconds.
  path: Assets/Suelo/Textures/Small Rock 4/Small Rock 4 Moss RFS_DefaultMaterial_AlbedoTransparency.png
  artifactKey: Guid(2c4de51c7b836294ebb41e123dfa7858) Importer(2089858483,b0f066a214c2f5e87bad3c948f4d605d)
Start importing Assets/Suelo/Textures/Small Rock 4/Small Rock 4 Moss RFS_DefaultMaterial_AlbedoTransparency.png using Guid(2c4de51c7b836294ebb41e123dfa7858) Importer(2089858483,b0f066a214c2f5e87bad3c948f4d605d) (ScriptedImporter) -> (artifact id: '583947bd71af877290eb7d547944ad76') in 0.0160143 seconds
Number of updated asset objects reloaded before import = 0Number of asset objects unloaded after import = 1

========================================================================
Received Import Request.
  Time since last request: 0.000044 seconds.
  path: Assets/Suelo/Textures/Large Rock 2/Large Rock 2 RFS_DefaultMaterial_MetallicSmoothness.png
  artifactKey: Guid(0b153f377902c06448bcdf02a1e598ab) Importer(2089858483,b0f066a214c2f5e87bad3c948f4d605d)
Start importing Assets/Suelo/Textures/Large Rock 2/Large Rock 2 RFS_DefaultMaterial_MetallicSmoothness.png using Guid(0b153f377902c06448bcdf02a1e598ab) Importer(2089858483,b0f066a214c2f5e87bad3c948f4d605d) (ScriptedImporter) -> (artifact id: '0555410a376656ad68ebca6d4fac71dd') in 0.0123939 seconds
Number of updated asset objects reloaded before import = 0Number of asset objects unloaded after import = 1

========================================================================
Received Import Request.
  Time since last request: 0.000044 seconds.
  path: Assets/Suelo/Materials/Terrain Materials/Grass 3.terrainlayer
  artifactKey: Guid(d7e90793c90db084f86209132eaca03b) Importer(2089858483,b0f066a214c2f5e87bad3c948f4d605d)
Start importing Assets/Suelo/Materials/Terrain Materials/Grass 3.terrainlayer using Guid(d7e90793c90db084f86209132eaca03b) Importer(2089858483,b0f066a214c2f5e87bad3c948f4d605d) (ScriptedImporter) -> (artifact id: '7674f6e30dd7880325d2e5a19ccc23c3') in 0.0186684 seconds
Number of updated asset objects reloaded before import = 0Number of asset objects unloaded after import = 3

========================================================================
Received Import Request.
  Time since last request: 0.000035 seconds.
  path: Assets/Suelo/Textures/Tree 1/Tree 1 RFS_DefaultMaterial_AlbedoTransparency.png
  artifactKey: Guid(3d099ac7959bdb3488c11c0c2bc63e2f) Importer(2089858483,b0f066a214c2f5e87bad3c948f4d605d)
Start importing Assets/Suelo/Textures/Tree 1/Tree 1 RFS_DefaultMaterial_AlbedoTransparency.png using Guid(3d099ac7959bdb3488c11c0c2bc63e2f) Importer(2089858483,b0f066a214c2f5e87bad3c948f4d605d) (ScriptedImporter) -> (artifact id: 'aa69124125e4efdcb53064cca819c597') in 0.0102718 seconds
Number of updated asset objects reloaded before import = 0Number of asset objects unloaded after import = 1

========================================================================
Received Import Request.
  Time since last request: 0.000036 seconds.
  path: Assets/Suelo/Textures/Small Rock 1/Small Rock 1 RFS_DefaultMaterial_AlbedoTransparency.png
  artifactKey: Guid(dd7f72b756861d2419b8fff498140741) Importer(2089858483,b0f066a214c2f5e87bad3c948f4d605d)
Start importing Assets/Suelo/Textures/Small Rock 1/Small Rock 1 RFS_DefaultMaterial_AlbedoTransparency.png using Guid(dd7f72b756861d2419b8fff498140741) Importer(2089858483,b0f066a214c2f5e87bad3c948f4d605d) (ScriptedImporter) -> (artifact id: '55dff2d0b39708ad058bec9a4dcc8e6a') in 0.0128782 seconds
Number of updated asset objects reloaded before import = 0Number of asset objects unloaded after import = 1

========================================================================
Received Import Request.
  Time since last request: 0.000078 seconds.
  path: Assets/Suelo/Textures/Ground Grass 1/Grass 1_metallic.png
  artifactKey: Guid(9c98aebbfc29d8d4cb14c8e41ed4f3ea) Importer(2089858483,b0f066a214c2f5e87bad3c948f4d605d)
Start importing Assets/Suelo/Textures/Ground Grass 1/Grass 1_metallic.png using Guid(9c98aebbfc29d8d4cb14c8e41ed4f3ea) Importer(2089858483,b0f066a214c2f5e87bad3c948f4d605d) (ScriptedImporter) -> (artifact id: '8a8ee127df706b3f739065ee72cb7968') in 0.0137326 seconds
Number of updated asset objects reloaded before import = 0Number of asset objects unloaded after import = 1

========================================================================
Received Import Request.
  Time since last request: 0.000038 seconds.
  path: Assets/Suelo/Textures/Ground Rocks 1/Ground 4_metallic.png
  artifactKey: Guid(7c27682cc391e434686ded8ca47ddf40) Importer(2089858483,b0f066a214c2f5e87bad3c948f4d605d)
Start importing Assets/Suelo/Textures/Ground Rocks 1/Ground 4_metallic.png using Guid(7c27682cc391e434686ded8ca47ddf40) Importer(2089858483,b0f066a214c2f5e87bad3c948f4d605d) (ScriptedImporter) -> (artifact id: 'd57e2db54b36435c49de0c168e2ee543') in 0.0149115 seconds
Number of updated asset objects reloaded before import = 0Number of asset objects unloaded after import = 1

========================================================================
Received Import Request.
  Time since last request: 0.000040 seconds.
  path: Assets/Suelo/Textures/Tree 3/Tree 3 Branchs_NRM.png
  artifactKey: Guid(40c9bb014dd5b1c4e957526bba86ac84) Importer(2089858483,b0f066a214c2f5e87bad3c948f4d605d)
Start importing Assets/Suelo/Textures/Tree 3/Tree 3 Branchs_NRM.png using Guid(40c9bb014dd5b1c4e957526bba86ac84) Importer(2089858483,b0f066a214c2f5e87bad3c948f4d605d) (ScriptedImporter) -> (artifact id: 'e344e27cb0026840a36f0dc8800c2e52') in 0.0131093 seconds
Number of updated asset objects reloaded before import = 0Number of asset objects unloaded after import = 1

========================================================================
Received Import Request.
  Time since last request: 0.000043 seconds.
  path: Assets/Suelo/Materials/Tree 1
  artifactKey: Guid(cab85fca88643e647bfef25251fefd23) Importer(2089858483,b0f066a214c2f5e87bad3c948f4d605d)
Start importing Assets/Suelo/Materials/Tree 1 using Guid(cab85fca88643e647bfef25251fefd23) Importer(2089858483,b0f066a214c2f5e87bad3c948f4d605d) (ScriptedImporter) -> (artifact id: '01c9c034213934dec82a08d7d7748ef6') in 0.0033257 seconds
Number of updated asset objects reloaded before import = 0Number of asset objects unloaded after import = 1

========================================================================
Received Import Request.
  Time since last request: 0.000042 seconds.
  path: Assets/Suelo/Materials/Small Rock 4
  artifactKey: Guid(b6583b1ebff8ace4d814bbe8fe71e4cb) Importer(2089858483,b0f066a214c2f5e87bad3c948f4d605d)
Start importing Assets/Suelo/Materials/Small Rock 4 using Guid(b6583b1ebff8ace4d814bbe8fe71e4cb) Importer(2089858483,b0f066a214c2f5e87bad3c948f4d605d) (ScriptedImporter) -> (artifact id: 'd379342704f80854426d3afb31efd31a') in 0.0039792 seconds
Number of updated asset objects reloaded before import = 0Number of asset objects unloaded after import = 1

========================================================================
Received Import Request.
  Time since last request: 0.000246 seconds.
  path: Assets/Suelo/Materials/Ground Materials/Grass Floor 1.mat
  artifactKey: Guid(bc7542fa398d07c40a1a88ff877c9ee6) Importer(2089858483,b0f066a214c2f5e87bad3c948f4d605d)
Start importing Assets/Suelo/Materials/Ground Materials/Grass Floor 1.mat using Guid(bc7542fa398d07c40a1a88ff877c9ee6) Importer(2089858483,b0f066a214c2f5e87bad3c948f4d605d) (ScriptedImporter) -> (artifact id: '8f1816ee1675f1ca1db8693e080a31a1') in 0.020639 seconds
Number of updated asset objects reloaded before import = 0Number of asset objects unloaded after import = 5

========================================================================
Received Import Request.
  Time since last request: 0.000057 seconds.
  path: Assets/Suelo/Textures/Small Rock 2/Small Rock 2 RFS_DefaultMaterial_MetallicSmoothness.png
  artifactKey: Guid(4497f3f2ffe19cc489a7bff07c613a91) Importer(2089858483,b0f066a214c2f5e87bad3c948f4d605d)
Start importing Assets/Suelo/Textures/Small Rock 2/Small Rock 2 RFS_DefaultMaterial_MetallicSmoothness.png using Guid(4497f3f2ffe19cc489a7bff07c613a91) Importer(2089858483,b0f066a214c2f5e87bad3c948f4d605d) (ScriptedImporter) -> (artifact id: '3325c635493ec823f3c541775c12b006') in 0.0219617 seconds
Number of updated asset objects reloaded before import = 0Number of asset objects unloaded after import = 1

========================================================================
Received Import Request.
  Time since last request: 0.000038 seconds.
  path: Assets/Suelo/Textures/Ground Rocks 1
  artifactKey: Guid(6687d6f737f446e4fbd75876554db099) Importer(2089858483,b0f066a214c2f5e87bad3c948f4d605d)
Start importing Assets/Suelo/Textures/Ground Rocks 1 using Guid(6687d6f737f446e4fbd75876554db099) Importer(2089858483,b0f066a214c2f5e87bad3c948f4d605d) (ScriptedImporter) -> (artifact id: '8081a2102066cde819f89f1a130f33be') in 0.0061724 seconds
Number of updated asset objects reloaded before import = 0Number of asset objects unloaded after import = 1

========================================================================
Received Import Request.
  Time since last request: 0.000035 seconds.
  path: Assets/Suelo/Textures/Tree 4/Tree 4 Branchs_NRM.png
  artifactKey: Guid(c251a950392d55344a7e63f8dfa16288) Importer(2089858483,b0f066a214c2f5e87bad3c948f4d605d)
Start importing Assets/Suelo/Textures/Tree 4/Tree 4 Branchs_NRM.png using Guid(c251a950392d55344a7e63f8dfa16288) Importer(2089858483,b0f066a214c2f5e87bad3c948f4d605d) (ScriptedImporter) -> (artifact id: '917dc49d44a6b54eb7836a3ecca4a258') in 0.0146982 seconds
Number of updated asset objects reloaded before import = 0Number of asset objects unloaded after import = 1

========================================================================
Received Import Request.
  Time since last request: 0.000065 seconds.
  path: Assets/Suelo/Materials/Ground Materials/Rock Floor 1.mat
  artifactKey: Guid(dba1b385d51554b4f9372291b6d45c00) Importer(2089858483,b0f066a214c2f5e87bad3c948f4d605d)
Start importing Assets/Suelo/Materials/Ground Materials/Rock Floor 1.mat using Guid(dba1b385d51554b4f9372291b6d45c00) Importer(2089858483,b0f066a214c2f5e87bad3c948f4d605d) (ScriptedImporter) -> (artifact id: 'b85e5bfc519f6d7412384c2582805528') in 0.0350762 seconds
Number of updated asset objects reloaded before import = 0Number of asset objects unloaded after import = 6

========================================================================
Received Import Request.
  Time since last request: 0.000043 seconds.
  path: Assets/Suelo/Textures/Tree 4
  artifactKey: Guid(9acfd345626cf73469a060f1426e2086) Importer(2089858483,b0f066a214c2f5e87bad3c948f4d605d)
Start importing Assets/Suelo/Textures/Tree 4 using Guid(9acfd345626cf73469a060f1426e2086) Importer(2089858483,b0f066a214c2f5e87bad3c948f4d605d) (ScriptedImporter) -> (artifact id: 'ffb329651114e220858c4a90272898d7') in 0.0046252 seconds
Number of updated asset objects reloaded before import = 0Number of asset objects unloaded after import = 1

========================================================================
Received Import Request.
  Time since last request: 0.000033 seconds.
  path: Assets/Suelo/Textures/Small Rock 4/Small Rock 4 Moss RFS_DefaultMaterial_MetallicSmoothness.png
  artifactKey: Guid(4a165b73459394740952d9703dfa484e) Importer(2089858483,b0f066a214c2f5e87bad3c948f4d605d)
Start importing Assets/Suelo/Textures/Small Rock 4/Small Rock 4 Moss RFS_DefaultMaterial_MetallicSmoothness.png using Guid(4a165b73459394740952d9703dfa484e) Importer(2089858483,b0f066a214c2f5e87bad3c948f4d605d) (ScriptedImporter) -> (artifact id: 'f10380fa7d847206f7fdea5dbf53dd14') in 0.0135037 seconds
Number of updated asset objects reloaded before import = 0Number of asset objects unloaded after import = 1

========================================================================
Received Import Request.
  Time since last request: 0.000048 seconds.
  path: Assets/Suelo/Textures/Ground Grass 1/Grass 1_ambientOcclusion.png
  artifactKey: Guid(db806c2348bf0404cb2de178f8d6c598) Importer(2089858483,b0f066a214c2f5e87bad3c948f4d605d)
Start importing Assets/Suelo/Textures/Ground Grass 1/Grass 1_ambientOcclusion.png using Guid(db806c2348bf0404cb2de178f8d6c598) Importer(2089858483,b0f066a214c2f5e87bad3c948f4d605d) (ScriptedImporter) -> (artifact id: 'd9e52e89096aa5beb52410e45fe8506a') in 0.0166665 seconds
Number of updated asset objects reloaded before import = 0Number of asset objects unloaded after import = 1

========================================================================
Received Import Request.
  Time since last request: 0.000050 seconds.
  path: Assets/Suelo/Materials/Small Rock 2/Small Rock 2.mat
  artifactKey: Guid(dabe54f6d7a618b46b47a20a94dac76c) Importer(2089858483,b0f066a214c2f5e87bad3c948f4d605d)
Start importing Assets/Suelo/Materials/Small Rock 2/Small Rock 2.mat using Guid(dabe54f6d7a618b46b47a20a94dac76c) Importer(2089858483,b0f066a214c2f5e87bad3c948f4d605d) (ScriptedImporter) -> (artifact id: '1008aee5f4fb796c190ff146b8865036') in 0.0206503 seconds
Number of updated asset objects reloaded before import = 0Number of asset objects unloaded after import = 4

========================================================================
Received Import Request.
  Time since last request: 0.000049 seconds.
  path: Assets/Suelo/Textures/Foliage 3/Foliage 3.png
  artifactKey: Guid(8b04778ae68cfa141b07963c6a5aafb3) Importer(2089858483,b0f066a214c2f5e87bad3c948f4d605d)
Start importing Assets/Suelo/Textures/Foliage 3/Foliage 3.png using Guid(8b04778ae68cfa141b07963c6a5aafb3) Importer(2089858483,b0f066a214c2f5e87bad3c948f4d605d) (ScriptedImporter) -> (artifact id: '6977be86b215da17d95d0bf53bec4100') in 0.0161517 seconds
Number of updated asset objects reloaded before import = 0Number of asset objects unloaded after import = 1

========================================================================
Received Import Request.
  Time since last request: 0.000045 seconds.
  path: Assets/Suelo/Materials/Small Rock 1
  artifactKey: Guid(06adf8a84972393439c701f63c28b91c) Importer(2089858483,b0f066a214c2f5e87bad3c948f4d605d)
Start importing Assets/Suelo/Materials/Small Rock 1 using Guid(06adf8a84972393439c701f63c28b91c) Importer(2089858483,b0f066a214c2f5e87bad3c948f4d605d) (ScriptedImporter) -> (artifact id: '67fca0fa537af6df884ab6957a0c452e') in 0.0049473 seconds
Number of updated asset objects reloaded before import = 0Number of asset objects unloaded after import = 1

========================================================================
Received Import Request.
  Time since last request: 0.000046 seconds.
  path: Assets/Suelo/Textures/Tree 2/Tree 2 Branchs.png
  artifactKey: Guid(a5397fe1d5927814e8725cb1e586c9d9) Importer(2089858483,b0f066a214c2f5e87bad3c948f4d605d)
Start importing Assets/Suelo/Textures/Tree 2/Tree 2 Branchs.png using Guid(a5397fe1d5927814e8725cb1e586c9d9) Importer(2089858483,b0f066a214c2f5e87bad3c948f4d605d) (ScriptedImporter) -> (artifact id: '3810c045e4199589385134639895a5af') in 0.0123879 seconds
Number of updated asset objects reloaded before import = 0Number of asset objects unloaded after import = 1

========================================================================
Received Import Request.
  Time since last request: 0.000040 seconds.
  path: Assets/Suelo/Textures/Small Rock 4/Small Rock 4 RFS_DefaultMaterial_AlbedoTransparency.png
  artifactKey: Guid(f03b36756b0c8b64082ceeab896b646e) Importer(2089858483,b0f066a214c2f5e87bad3c948f4d605d)
Start importing Assets/Suelo/Textures/Small Rock 4/Small Rock 4 RFS_DefaultMaterial_AlbedoTransparency.png using Guid(f03b36756b0c8b64082ceeab896b646e) Importer(2089858483,b0f066a214c2f5e87bad3c948f4d605d) (ScriptedImporter) -> (artifact id: '116554ddc3e47e67dbe2a57bab5a40d9') in 0.0115238 seconds
Number of updated asset objects reloaded before import = 0Number of asset objects unloaded after import = 1

========================================================================
Received Import Request.
  Time since last request: 0.000046 seconds.
  path: Assets/Suelo/Textures/Ground Rocks 2/Ground 5_ambientOcclusion.png
  artifactKey: Guid(2861b8589d42f784eb829e64f501dc6d) Importer(2089858483,b0f066a214c2f5e87bad3c948f4d605d)
Start importing Assets/Suelo/Textures/Ground Rocks 2/Ground 5_ambientOcclusion.png using Guid(2861b8589d42f784eb829e64f501dc6d) Importer(2089858483,b0f066a214c2f5e87bad3c948f4d605d) (ScriptedImporter) -> (artifact id: '9f454f147b4a6e1da166c8a2282154d2') in 0.0130892 seconds
Number of updated asset objects reloaded before import = 0Number of asset objects unloaded after import = 1

========================================================================
Received Import Request.
  Time since last request: 0.000127 seconds.
  path: Assets/Suelo/Textures/Grass/Grass 1_NRM.png
  artifactKey: Guid(d0b796a46ea0614479cbf46cb9b8bca2) Importer(2089858483,b0f066a214c2f5e87bad3c948f4d605d)
Start importing Assets/Suelo/Textures/Grass/Grass 1_NRM.png using Guid(d0b796a46ea0614479cbf46cb9b8bca2) Importer(2089858483,b0f066a214c2f5e87bad3c948f4d605d) (ScriptedImporter) -> (artifact id: 'ba04121e87a4cfad9bfd22ecb1b90aba') in 0.0148984 seconds
Number of updated asset objects reloaded before import = 0Number of asset objects unloaded after import = 1

========================================================================
Received Import Request.
  Time since last request: 0.000049 seconds.
  path: Assets/Suelo/Materials/Terrain Materials/Grass 2.terrainlayer
  artifactKey: Guid(5468b1d74800fce42841a39f5c42dbe1) Importer(2089858483,b0f066a214c2f5e87bad3c948f4d605d)
Start importing Assets/Suelo/Materials/Terrain Materials/Grass 2.terrainlayer using Guid(5468b1d74800fce42841a39f5c42dbe1) Importer(2089858483,b0f066a214c2f5e87bad3c948f4d605d) (ScriptedImporter) -> (artifact id: 'de849dadc5332529a69f4073ca20dfd9') in 0.0183947 seconds
Number of updated asset objects reloaded before import = 0Number of asset objects unloaded after import = 3

========================================================================
Received Import Request.
  Time since last request: 0.000036 seconds.
  path: Assets/Suelo/Textures/Large Rock 1
  artifactKey: Guid(600bd228df1dd1f4ca4e8d9b05e28b1d) Importer(2089858483,b0f066a214c2f5e87bad3c948f4d605d)
Start importing Assets/Suelo/Textures/Large Rock 1 using Guid(600bd228df1dd1f4ca4e8d9b05e28b1d) Importer(2089858483,b0f066a214c2f5e87bad3c948f4d605d) (ScriptedImporter) -> (artifact id: '4cbc08e024c93e0397b76ad350d615ff') in 0.005164 seconds
Number of updated asset objects reloaded before import = 0Number of asset objects unloaded after import = 1

========================================================================
Received Import Request.
  Time since last request: 0.000043 seconds.
  path: Assets/Suelo/Textures/Tree 2
  artifactKey: Guid(18010909562623649a9de892e433c876) Importer(2089858483,b0f066a214c2f5e87bad3c948f4d605d)
Start importing Assets/Suelo/Textures/Tree 2 using Guid(18010909562623649a9de892e433c876) Importer(2089858483,b0f066a214c2f5e87bad3c948f4d605d) (ScriptedImporter) -> (artifact id: 'c1b0c63acfe7552dcc4036bb168e9ece') in 0.0052304 seconds
Number of updated asset objects reloaded before import = 0Number of asset objects unloaded after import = 1

========================================================================
Received Import Request.
  Time since last request: 0.000033 seconds.
  path: Assets/Suelo/Textures/Ground Rocks 2/Ground 5_baseColor.png
  artifactKey: Guid(62553132f98806e408de17af05444582) Importer(2089858483,b0f066a214c2f5e87bad3c948f4d605d)
Start importing Assets/Suelo/Textures/Ground Rocks 2/Ground 5_baseColor.png using Guid(62553132f98806e408de17af05444582) Importer(2089858483,b0f066a214c2f5e87bad3c948f4d605d) (ScriptedImporter) -> (artifact id: 'a2556f650c8e16bc6ce67d811deb5288') in 0.0122111 seconds
Number of updated asset objects reloaded before import = 0Number of asset objects unloaded after import = 1

========================================================================
Received Import Request.
  Time since last request: 0.000029 seconds.
  path: Assets/Suelo/Textures/Ground Grass 2/Ground 2_roughness.png
  artifactKey: Guid(d457fa8da941a0c4184c0432455000de) Importer(2089858483,b0f066a214c2f5e87bad3c948f4d605d)
Start importing Assets/Suelo/Textures/Ground Grass 2/Ground 2_roughness.png using Guid(d457fa8da941a0c4184c0432455000de) Importer(2089858483,b0f066a214c2f5e87bad3c948f4d605d) (ScriptedImporter) -> (artifact id: '04e49b02fd195540b1de3c002d1ecb99') in 0.0156934 seconds
Number of updated asset objects reloaded before import = 0Number of asset objects unloaded after import = 1

========================================================================
Received Import Request.
  Time since last request: 0.000049 seconds.
  path: Assets/Suelo/Materials/Foliage 3/Foliage 3.mat
  artifactKey: Guid(079c9919c8874554ea495e3896ccb229) Importer(2089858483,b0f066a214c2f5e87bad3c948f4d605d)
Start importing Assets/Suelo/Materials/Foliage 3/Foliage 3.mat using Guid(079c9919c8874554ea495e3896ccb229) Importer(2089858483,b0f066a214c2f5e87bad3c948f4d605d) (ScriptedImporter) -> (artifact id: '3ed06a75416a4852f742ac2ed4491855') in 0.0303263 seconds
Number of updated asset objects reloaded before import = 0Number of asset objects unloaded after import = 4

========================================================================
Received Import Request.
  Time since last request: 0.000097 seconds.
  path: Assets/Suelo/Textures/Grass
  artifactKey: Guid(451857eb25487644f919773f2c216de0) Importer(2089858483,b0f066a214c2f5e87bad3c948f4d605d)
Start importing Assets/Suelo/Textures/Grass using Guid(451857eb25487644f919773f2c216de0) Importer(2089858483,b0f066a214c2f5e87bad3c948f4d605d) (ScriptedImporter) -> (artifact id: '810904387d56bab044cb33f07f3d77c5') in 0.0061657 seconds
Number of updated asset objects reloaded before import = 0Number of asset objects unloaded after import = 1

========================================================================
Received Import Request.
  Time since last request: 0.000061 seconds.
  path: Assets/Suelo/Textures/Ground Rocks 1/Ground 4_normal.png
  artifactKey: Guid(89d30ef4c8cd4054f808fc8e3a165c05) Importer(2089858483,b0f066a214c2f5e87bad3c948f4d605d)
Start importing Assets/Suelo/Textures/Ground Rocks 1/Ground 4_normal.png using Guid(89d30ef4c8cd4054f808fc8e3a165c05) Importer(2089858483,b0f066a214c2f5e87bad3c948f4d605d) (ScriptedImporter) -> (artifact id: 'd61e4ecca2fc8631460f9f265cf7c8d7') in 0.0132589 seconds
Number of updated asset objects reloaded before import = 0Number of asset objects unloaded after import = 1

========================================================================
Received Import Request.
  Time since last request: 0.000064 seconds.
  path: Assets/Suelo/Prefabs/Small Rock 3.prefab
  artifactKey: Guid(e5a5fd945677a3f43bc08c44bf38e61f) Importer(2089858483,b0f066a214c2f5e87bad3c948f4d605d)
Start importing Assets/Suelo/Prefabs/Small Rock 3.prefab using Guid(e5a5fd945677a3f43bc08c44bf38e61f) Importer(2089858483,b0f066a214c2f5e87bad3c948f4d605d) (ScriptedImporter) -> (artifact id: 'cf68d8849fefff257d65b6f407c9cdd2') in 0.0152639 seconds
Number of updated asset objects reloaded before import = 0Number of asset objects unloaded after import = 9

========================================================================
Received Import Request.
  Time since last request: 0.000056 seconds.
  path: Assets/Suelo/Textures/Foliage 3/Foliage 3_NRM.png
  artifactKey: Guid(afe58e99c030bed47ad932b1df8a35e6) Importer(2089858483,b0f066a214c2f5e87bad3c948f4d605d)
Start importing Assets/Suelo/Textures/Foliage 3/Foliage 3_NRM.png using Guid(afe58e99c030bed47ad932b1df8a35e6) Importer(2089858483,b0f066a214c2f5e87bad3c948f4d605d) (ScriptedImporter) -> (artifact id: '938b6674804e7bfd491d7fcbb2c49c63') in 0.0165576 seconds
Number of updated asset objects reloaded before import = 0Number of asset objects unloaded after import = 1

========================================================================
Received Import Request.
  Time since last request: 0.000034 seconds.
  path: Assets/Suelo/Materials/Small Rock 3
  artifactKey: Guid(cc5a39b5c9d68004eaa7dd3895bc6585) Importer(2089858483,b0f066a214c2f5e87bad3c948f4d605d)
Start importing Assets/Suelo/Materials/Small Rock 3 using Guid(cc5a39b5c9d68004eaa7dd3895bc6585) Importer(2089858483,b0f066a214c2f5e87bad3c948f4d605d) (ScriptedImporter) -> (artifact id: '95ace5dc2be2ff5bd12cbab8fe78a254') in 0.0062815 seconds
Number of updated asset objects reloaded before import = 0Number of asset objects unloaded after import = 1

========================================================================
Received Import Request.
  Time since last request: 0.000031 seconds.
  path: Assets/Suelo/Textures/Tree 4/Tree 4 Branchs.png
  artifactKey: Guid(4af512830e4f214418b08610641c1659) Importer(2089858483,b0f066a214c2f5e87bad3c948f4d605d)
Start importing Assets/Suelo/Textures/Tree 4/Tree 4 Branchs.png using Guid(4af512830e4f214418b08610641c1659) Importer(2089858483,b0f066a214c2f5e87bad3c948f4d605d) (ScriptedImporter) -> (artifact id: 'cf7cece19d186bc1590f0021fc461d12') in 0.0136381 seconds
Number of updated asset objects reloaded before import = 0Number of asset objects unloaded after import = 1

========================================================================
Received Prepare
Refreshing native plugins compatible for Editor in 1.82 ms, found 3 plugins.
Preloading 0 native plugins for Editor in 0.00 ms.
Unloading 84 Unused Serialized files (Serialized files now loaded: 0)
Unloading 6299 unused Assets / (11.6 MB). Loaded Objects now: 7244.
Memory consumption went from 178.6 MB to 167.0 MB.
Total: 423.177900 ms (FindLiveObjects: 3.651300 ms CreateObjectMapping: 1.026300 ms MarkObjects: 404.901600 ms  DeleteObjects: 13.594800 ms)

Prepare: number of updated asset objects reloaded= 0
========================================================================
Received Import Request.
  Time since last request: 15.300931 seconds.
  path: Assets/First_Person/FirstPersonControllerPro/Scenes/Polugon_test
  artifactKey: Guid(0879a268abbe69748af308e06c91e6ec) Importer(2089858483,b0f066a214c2f5e87bad3c948f4d605d)
Start importing Assets/First_Person/FirstPersonControllerPro/Scenes/Polugon_test using Guid(0879a268abbe69748af308e06c91e6ec) Importer(2089858483,b0f066a214c2f5e87bad3c948f4d605d) (ScriptedImporter) -> (artifact id: 'b78c58e58bb5f7a45eef63bbbdba5c71') in 0.2336727 seconds
Number of updated asset objects reloaded before import = 0Number of asset objects unloaded after import = 1

========================================================================
Received Import Request.
  Time since last request: 0.000041 seconds.
  path: Assets/First_Person/FirstPersonControllerPro/FirstPersonControllerPro - Documentation.pdf
  artifactKey: Guid(6cd1d6f84fdb5c44fb77c777f7b9f502) Importer(2089858483,b0f066a214c2f5e87bad3c948f4d605d)
Start importing Assets/First_Person/FirstPersonControllerPro/FirstPersonControllerPro - Documentation.pdf using Guid(6cd1d6f84fdb5c44fb77c777f7b9f502) Importer(2089858483,b0f066a214c2f5e87bad3c948f4d605d) (ScriptedImporter) -> (artifact id: 'a1c85c854e43d78ad7bcc2d7b99b99b1') in 0.0057869 seconds
Number of updated asset objects reloaded before import = 0Number of asset objects unloaded after import = 1

========================================================================
Received Import Request.
  Time since last request: 0.000076 seconds.
  path: Assets/First_Person/FirstPersonControllerPro/Mesh/slide.fbx
  artifactKey: Guid(c1af8749b53394245b61c885b3bb06a7) Importer(2089858483,b0f066a214c2f5e87bad3c948f4d605d)
Start importing Assets/First_Person/FirstPersonControllerPro/Mesh/slide.fbx using Guid(c1af8749b53394245b61c885b3bb06a7) Importer(2089858483,b0f066a214c2f5e87bad3c948f4d605d) (ScriptedImporter) -> (artifact id: '867980c0d3d2b8d13d46e061b5474727') in 0.0458825 seconds
Number of updated asset objects reloaded before import = 0Number of asset objects unloaded after import = 8

========================================================================
Received Import Request.
  Time since last request: 0.000072 seconds.
  path: Assets/First_Person/FirstPersonControllerPro/Textures
  artifactKey: Guid(99b9606d6d98a4847bcfd54e29517ffc) Importer(2089858483,b0f066a214c2f5e87bad3c948f4d605d)
Start importing Assets/First_Person/FirstPersonControllerPro/Textures using Guid(99b9606d6d98a4847bcfd54e29517ffc) Importer(2089858483,b0f066a214c2f5e87bad3c948f4d605d) (ScriptedImporter) -> (artifact id: 'b9535d2cde9f7e5cd1d2aebca966c307') in 0.005223 seconds
Number of updated asset objects reloaded before import = 0Number of asset objects unloaded after import = 1

========================================================================
Received Import Request.
  Time since last request: 0.000048 seconds.
  path: Assets/First_Person/FirstPersonControllerPro/Player/Prefab
  artifactKey: Guid(27cf871a549d44c46aac0628ff68d589) Importer(2089858483,b0f066a214c2f5e87bad3c948f4d605d)
Start importing Assets/First_Person/FirstPersonControllerPro/Player/Prefab using Guid(27cf871a549d44c46aac0628ff68d589) Importer(2089858483,b0f066a214c2f5e87bad3c948f4d605d) (ScriptedImporter) -> (artifact id: 'e22f7ff2a149bf76465d28f15759a45c') in 0.009013 seconds
Number of updated asset objects reloaded before import = 0Number of asset objects unloaded after import = 1

========================================================================
Received Import Request.
  Time since last request: 0.000072 seconds.
  path: Assets/First_Person/FirstPersonControllerPro/Materials/baseboards.mat
  artifactKey: Guid(975bd4659596b434591ca1bc5250e210) Importer(2089858483,b0f066a214c2f5e87bad3c948f4d605d)
Start importing Assets/First_Person/FirstPersonControllerPro/Materials/baseboards.mat using Guid(975bd4659596b434591ca1bc5250e210) Importer(2089858483,b0f066a214c2f5e87bad3c948f4d605d) (ScriptedImporter) -> (artifact id: '2222b4b8cc57530d92894cc05c0a91e7') in 0.0080852 seconds
Number of updated asset objects reloaded before import = 0Number of asset objects unloaded after import = 1

========================================================================
Received Import Request.
  Time since last request: 0.000057 seconds.
  path: Assets/First_Person/FirstPersonControllerPro/Player
  artifactKey: Guid(a36d1df1960e649428c36867a6525473) Importer(2089858483,b0f066a214c2f5e87bad3c948f4d605d)
Start importing Assets/First_Person/FirstPersonControllerPro/Player using Guid(a36d1df1960e649428c36867a6525473) Importer(2089858483,b0f066a214c2f5e87bad3c948f4d605d) (ScriptedImporter) -> (artifact id: '896640bb8e9eb403ea25af1f7aff51a7') in 0.0226807 seconds
Number of updated asset objects reloaded before import = 0Number of asset objects unloaded after import = 1

========================================================================
Received Import Request.
  Time since last request: 0.000040 seconds.
  path: Assets/First_Person/FirstPersonControllerPro/Player/Song/grass.wav
  artifactKey: Guid(b57d1f12d2c8bbc4792280119c2cfa2e) Importer(2089858483,b0f066a214c2f5e87bad3c948f4d605d)
Start importing Assets/First_Person/FirstPersonControllerPro/Player/Song/grass.wav using Guid(b57d1f12d2c8bbc4792280119c2cfa2e) Importer(2089858483,b0f066a214c2f5e87bad3c948f4d605d) (ScriptedImporter) -> (artifact id: 'a392e73e13a21dc81197570bf105b234') in 0.039716 seconds
Number of updated asset objects reloaded before import = 0Number of asset objects unloaded after import = 1

========================================================================
Received Import Request.
  Time since last request: 0.000051 seconds.
  path: Assets/First_Person/FirstPersonControllerPro/Scripts/VisualEffects
  artifactKey: Guid(5712794e31637ae4a8cbe96aefb72e65) Importer(2089858483,b0f066a214c2f5e87bad3c948f4d605d)
Start importing Assets/First_Person/FirstPersonControllerPro/Scripts/VisualEffects using Guid(5712794e31637ae4a8cbe96aefb72e65) Importer(2089858483,b0f066a214c2f5e87bad3c948f4d605d) (ScriptedImporter) -> (artifact id: 'e8ecab636a3b7413468ecd0151e7ab82') in 0.007639 seconds
Number of updated asset objects reloaded before import = 0Number of asset objects unloaded after import = 1

========================================================================
Received Import Request.
  Time since last request: 0.000057 seconds.
  path: Assets/First_Person/FirstPersonControllerPro/Scripts/PlayerSystem
  artifactKey: Guid(d35f086e05c414d42bed091d3366d4a3) Importer(2089858483,b0f066a214c2f5e87bad3c948f4d605d)
Start importing Assets/First_Person/FirstPersonControllerPro/Scripts/PlayerSystem using Guid(d35f086e05c414d42bed091d3366d4a3) Importer(2089858483,b0f066a214c2f5e87bad3c948f4d605d) (ScriptedImporter) -> (artifact id: 'dd0f7f2d3cd3e221862df91e51b680fb') in 0.0079332 seconds
Number of updated asset objects reloaded before import = 0Number of asset objects unloaded after import = 1

========================================================================
Received Import Request.
  Time since last request: 0.000131 seconds.
  path: Assets/First_Person/FirstPersonControllerPro/Prefab_polygon/box (1).prefab
  artifactKey: Guid(1a5daac666119f04d822487b27cd5985) Importer(2089858483,b0f066a214c2f5e87bad3c948f4d605d)
Start importing Assets/First_Person/FirstPersonControllerPro/Prefab_polygon/box (1).prefab using Guid(1a5daac666119f04d822487b27cd5985) Importer(2089858483,b0f066a214c2f5e87bad3c948f4d605d) (ScriptedImporter) -> (artifact id: 'aad01f33818037cb14ffe925e6798f5b') in 0.0185614 seconds
Number of updated asset objects reloaded before import = 0Number of asset objects unloaded after import = 9

========================================================================
Received Import Request.
  Time since last request: 0.000065 seconds.
  path: Assets/First_Person/FirstPersonControllerPro/Scripts/PlayerSystem/PlayerMusic.cs
  artifactKey: Guid(805c39ae8f5117b499d598acf1d53ebf) Importer(2089858483,b0f066a214c2f5e87bad3c948f4d605d)
Start importing Assets/First_Person/FirstPersonControllerPro/Scripts/PlayerSystem/PlayerMusic.cs using Guid(805c39ae8f5117b499d598acf1d53ebf) Importer(2089858483,b0f066a214c2f5e87bad3c948f4d605d) (ScriptedImporter) -> (artifact id: '906a42762ac55f7a5083ae148f78e18f') in 0.010229 seconds
Number of updated asset objects reloaded before import = 0Number of asset objects unloaded after import = 0

========================================================================
Received Import Request.
  Time since last request: 0.000038 seconds.
  path: Assets/First_Person/FirstPersonControllerPro/Scenes/Polugon_test_Profiles/Post-process Volume Profile.asset
  artifactKey: Guid(da4e8468dd8f1b54cae1f6ee4f494700) Importer(2089858483,b0f066a214c2f5e87bad3c948f4d605d)
Start importing Assets/First_Person/FirstPersonControllerPro/Scenes/Polugon_test_Profiles/Post-process Volume Profile.asset using Guid(da4e8468dd8f1b54cae1f6ee4f494700) Importer(2089858483,b0f066a214c2f5e87bad3c948f4d605d) (ScriptedImporter) -> (artifact id: 'ebb2c2d0034d906f90f6e60b1597a6e9') in 0.0104079 seconds
Number of updated asset objects reloaded before import = 0Number of asset objects unloaded after import = 1

========================================================================
Received Import Request.
  Time since last request: 0.000064 seconds.
  path: Assets/First_Person
  artifactKey: Guid(b416fc0a8f79f0b4bb1730db6d358438) Importer(2089858483,b0f066a214c2f5e87bad3c948f4d605d)
Start importing Assets/First_Person using Guid(b416fc0a8f79f0b4bb1730db6d358438) Importer(2089858483,b0f066a214c2f5e87bad3c948f4d605d) (ScriptedImporter) -> (artifact id: '772917b7630003fb101587e592c7cdff') in 0.0041177 seconds
Number of updated asset objects reloaded before import = 0Number of asset objects unloaded after import = 1

========================================================================
Received Import Request.
  Time since last request: 0.000076 seconds.
  path: Assets/First_Person/FirstPersonControllerPro/Prefab_polygon
  artifactKey: Guid(ce6c79867516a3b4aa7412e5e4720c49) Importer(2089858483,b0f066a214c2f5e87bad3c948f4d605d)
Start importing Assets/First_Person/FirstPersonControllerPro/Prefab_polygon using Guid(ce6c79867516a3b4aa7412e5e4720c49) Importer(2089858483,b0f066a214c2f5e87bad3c948f4d605d) (ScriptedImporter) -> (artifact id: '46a990c7e142ab46aa25d93bf8129fe4') in 0.0083848 seconds
Number of updated asset objects reloaded before import = 0Number of asset objects unloaded after import = 1

========================================================================
Received Import Request.
  Time since last request: 0.000037 seconds.
  path: Assets/First_Person/FirstPersonControllerPro/Scenes/Polugon_test.unity
  artifactKey: Guid(aedf074826556ff429451bcee36ca2b5) Importer(2089858483,b0f066a214c2f5e87bad3c948f4d605d)
Start importing Assets/First_Person/FirstPersonControllerPro/Scenes/Polugon_test.unity using Guid(aedf074826556ff429451bcee36ca2b5) Importer(2089858483,b0f066a214c2f5e87bad3c948f4d605d) (ScriptedImporter) -> (artifact id: '59bd2eacaff3df57dffae9c17da5b1a7') in 0.0160075 seconds
Number of updated asset objects reloaded before import = 0Number of asset objects unloaded after import = 1

========================================================================
Received Import Request.
  Time since last request: 0.000061 seconds.
  path: Assets/First_Person/FirstPersonControllerPro
  artifactKey: Guid(7a394eced9eeb754fbf815d8e3209a43) Importer(2089858483,b0f066a214c2f5e87bad3c948f4d605d)
Start importing Assets/First_Person/FirstPersonControllerPro using Guid(7a394eced9eeb754fbf815d8e3209a43) Importer(2089858483,b0f066a214c2f5e87bad3c948f4d605d) (ScriptedImporter) -> (artifact id: '98a767bdbf4c74af6079df014b4a2b8b') in 0.0099585 seconds
Number of updated asset objects reloaded before import = 0Number of asset objects unloaded after import = 1

========================================================================
Received Import Request.
  Time since last request: 0.000069 seconds.
  path: Assets/First_Person/FirstPersonControllerPro/Scripts/VisualEffects/RGBMaterialEffect.cs
  artifactKey: Guid(03824e443a7791d4db8884629a9c0c5b) Importer(2089858483,b0f066a214c2f5e87bad3c948f4d605d)
Start importing Assets/First_Person/FirstPersonControllerPro/Scripts/VisualEffects/RGBMaterialEffect.cs using Guid(03824e443a7791d4db8884629a9c0c5b) Importer(2089858483,b0f066a214c2f5e87bad3c948f4d605d) (ScriptedImporter) -> (artifact id: '6103467cb5668d04758046bcd58a9bae') in 0.0106947 seconds
Number of updated asset objects reloaded before import = 0Number of asset objects unloaded after import = 0

========================================================================
Received Import Request.
  Time since last request: 0.000049 seconds.
  path: Assets/First_Person/FirstPersonControllerPro/Scripts/PlayerSystem/PlayerController.cs
  artifactKey: Guid(c5aea22a45d35674d8c7940217b0fbc2) Importer(2089858483,b0f066a214c2f5e87bad3c948f4d605d)
Start importing Assets/First_Person/FirstPersonControllerPro/Scripts/PlayerSystem/PlayerController.cs using Guid(c5aea22a45d35674d8c7940217b0fbc2) Importer(2089858483,b0f066a214c2f5e87bad3c948f4d605d) (ScriptedImporter) -> (artifact id: '46e0475a51cd61902456492d2db72840') in 0.0067861 seconds
Number of updated asset objects reloaded before import = 0Number of asset objects unloaded after import = 0

========================================================================
Received Import Request.
  Time since last request: 0.000051 seconds.
  path: Assets/First_Person/FirstPersonControllerPro/Textures/Metal.PNG
  artifactKey: Guid(4f49b402a5064ac4bae3b4ba8bf1387d) Importer(2089858483,b0f066a214c2f5e87bad3c948f4d605d)
Start importing Assets/First_Person/FirstPersonControllerPro/Textures/Metal.PNG using Guid(4f49b402a5064ac4bae3b4ba8bf1387d) Importer(2089858483,b0f066a214c2f5e87bad3c948f4d605d) (ScriptedImporter) -> (artifact id: 'a44aee341e9fc30dbb984102c0b4888c') in 0.0098556 seconds
Number of updated asset objects reloaded before import = 0Number of asset objects unloaded after import = 1

========================================================================
Received Import Request.
  Time since last request: 0.000056 seconds.
  path: Assets/First_Person/FirstPersonControllerPro/Player/Song/metal.wav
  artifactKey: Guid(b234a6f5d3cb7f7428209c4f9c62b386) Importer(2089858483,b0f066a214c2f5e87bad3c948f4d605d)
Start importing Assets/First_Person/FirstPersonControllerPro/Player/Song/metal.wav using Guid(b234a6f5d3cb7f7428209c4f9c62b386) Importer(2089858483,b0f066a214c2f5e87bad3c948f4d605d) (ScriptedImporter) -> (artifact id: 'ce1d08baf3d300efc15c74b81658f798') in 0.045755 seconds
Number of updated asset objects reloaded before import = 0Number of asset objects unloaded after import = 1

========================================================================
Received Import Request.
  Time since last request: 0.000073 seconds.
  path: Assets/First_Person/FirstPersonControllerPro/Scripts
  artifactKey: Guid(ecdb85c1c32fc4d4f8365d5484f34da4) Importer(2089858483,b0f066a214c2f5e87bad3c948f4d605d)
Start importing Assets/First_Person/FirstPersonControllerPro/Scripts using Guid(ecdb85c1c32fc4d4f8365d5484f34da4) Importer(2089858483,b0f066a214c2f5e87bad3c948f4d605d) (ScriptedImporter) -> (artifact id: 'df58891d2b67f38991cebbc484bd47cb') in 0.0095456 seconds
Number of updated asset objects reloaded before import = 0Number of asset objects unloaded after import = 1

========================================================================
Received Import Request.
  Time since last request: 0.000191 seconds.
  path: Assets/First_Person/FirstPersonControllerPro/Scenes/Polugon_test/ReflectionProbe-0.exr
  artifactKey: Guid(570f84270800f194ba3333177ef0f0b9) Importer(2089858483,b0f066a214c2f5e87bad3c948f4d605d)
Start importing Assets/First_Person/FirstPersonControllerPro/Scenes/Polugon_test/ReflectionProbe-0.exr using Guid(570f84270800f194ba3333177ef0f0b9) Importer(2089858483,b0f066a214c2f5e87bad3c948f4d605d) (ScriptedImporter) -> (artifact id: '08657bd2ef5519c9e0bf9f49776e8ec4') in 0.0176331 seconds
Number of updated asset objects reloaded before import = 0Number of asset objects unloaded after import = 1

========================================================================
Received Import Request.
  Time since last request: 0.000033 seconds.
  path: Assets/First_Person/FirstPersonControllerPro/Textures/Grass.png
  artifactKey: Guid(9e7809b746da3bf4d82e39234425f604) Importer(2089858483,b0f066a214c2f5e87bad3c948f4d605d)
Start importing Assets/First_Person/FirstPersonControllerPro/Textures/Grass.png using Guid(9e7809b746da3bf4d82e39234425f604) Importer(2089858483,b0f066a214c2f5e87bad3c948f4d605d) (ScriptedImporter) -> (artifact id: '80525025a210132337d75df26304d857') in 0.0077132 seconds
Number of updated asset objects reloaded before import = 0Number of asset objects unloaded after import = 1

========================================================================
Received Import Request.
  Time since last request: 0.000060 seconds.
  path: Assets/First_Person/FirstPersonControllerPro/Scenes/Polugon_test/ReflectionProbe-1.exr
  artifactKey: Guid(e262dc17adec5cb49bc1f65556302099) Importer(2089858483,b0f066a214c2f5e87bad3c948f4d605d)
Start importing Assets/First_Person/FirstPersonControllerPro/Scenes/Polugon_test/ReflectionProbe-1.exr using Guid(e262dc17adec5cb49bc1f65556302099) Importer(2089858483,b0f066a214c2f5e87bad3c948f4d605d) (ScriptedImporter) -> (artifact id: '6d5f5e950726007931dd6bd793f0a0c2') in 0.0136455 seconds
Number of updated asset objects reloaded before import = 0Number of asset objects unloaded after import = 1

========================================================================
Received Prepare
Begin MonoManager ReloadAssembly
[Licensing::Client] Successfully resolved entitlement details
- Loaded All Assemblies, in  2.979 seconds
Refreshing native plugins compatible for Editor in 1.37 ms, found 3 plugins.
Native extension for WindowsStandalone target not found
Native extension for WebGL target not found
[Package Manager] Failed to launch server process. Reason: Unity was launched with the -noUpm command-line argument
[Package Manager] Unable to send message (not connected to server process).
[Package Manager] Cannot connect to Unity Package Manager local server
ScheduleIndexationOnStartup MainProcess:False IndexOnStartup:True
Mono: successfully reloaded assembly
- Finished resetting the current domain, in  1.412 seconds
Domain Reload Profiling: 4397ms
	BeginReloadAssembly (1127ms)
		ExecutionOrderSort (0ms)
		DisableScriptedObjects (210ms)
		BackupInstance (0ms)
		ReleaseScriptingObjects (2ms)
		CreateAndSetChildDomain (478ms)
	RebuildCommonClasses (66ms)
	RebuildNativeTypeToScriptingClass (13ms)
	initialDomainReloadingComplete (58ms)
	LoadAllAssembliesAndSetupDomain (1721ms)
		LoadAssemblies (1499ms)
		RebuildTransferFunctionScriptingTraits (0ms)
		AnalyzeDomain (455ms)
			TypeCache.Refresh (50ms)
				TypeCache.ScanAssembly (2ms)
			BuildScriptInfoCaches (350ms)
			ResolveRequiredComponents (25ms)
	FinalizeReload (1413ms)
		ReleaseScriptCaches (0ms)
		RebuildScriptCaches (0ms)
		SetupLoadedEditorAssemblies (1025ms)
			LogAssemblyErrors (0ms)
			InitializePlatformSupportModulesInManaged (8ms)
			SetLoadedEditorAssemblies (13ms)
			BeforeProcessingInitializeOnLoad (403ms)
			ProcessInitializeOnLoadAttributes (523ms)
			ProcessInitializeOnLoadMethodAttributes (71ms)
			AfterProcessingInitializeOnLoad (6ms)
			EditorAssembliesLoaded (1ms)
		ExecutionOrderSort2 (0ms)
		AwakeInstancesAfterBackupRestoration (16ms)
Refreshing native plugins compatible for Editor in 1.24 ms, found 3 plugins.
Preloading 0 native plugins for Editor in 0.00 ms.
Unloading 83 Unused Serialized files (Serialized files now loaded: 0)
Unloading 6303 unused Assets / (11.9 MB). Loaded Objects now: 7155.
Memory consumption went from 172.7 MB to 160.8 MB.
Total: 23.979100 ms (FindLiveObjects: 2.636300 ms CreateObjectMapping: 0.991100 ms MarkObjects: 11.195700 ms  DeleteObjects: 9.153000 ms)

Prepare: number of updated asset objects reloaded= 0
========================================================================
Received Prepare
Refreshing native plugins compatible for Editor in 2.65 ms, found 3 plugins.
Preloading 0 native plugins for Editor in 0.00 ms.
Unloading 83 Unused Serialized files (Serialized files now loaded: 0)
Unloading 6296 unused Assets / (11.5 MB). Loaded Objects now: 7155.
Memory consumption went from 172.7 MB to 161.2 MB.
Total: 26.314100 ms (FindLiveObjects: 1.217500 ms CreateObjectMapping: 2.299800 ms MarkObjects: 12.562600 ms  DeleteObjects: 10.231100 ms)

Prepare: number of updated asset objects reloaded= 0
========================================================================
Received Prepare
Begin MonoManager ReloadAssembly
- Loaded All Assemblies, in  1.274 seconds
Refreshing native plugins compatible for Editor in 0.98 ms, found 3 plugins.
Native extension for WindowsStandalone target not found
Native extension for WebGL target not found
[Package Manager] Failed to launch server process. Reason: Unity was launched with the -noUpm command-line argument
[Package Manager] Unable to send message (not connected to server process).
[Package Manager] Cannot connect to Unity Package Manager local server
ScheduleIndexationOnStartup MainProcess:False IndexOnStartup:True
Mono: successfully reloaded assembly
- Finished resetting the current domain, in  0.937 seconds
Domain Reload Profiling: 2217ms
	BeginReloadAssembly (353ms)
		ExecutionOrderSort (0ms)
		DisableScriptedObjects (9ms)
		BackupInstance (0ms)
		ReleaseScriptingObjects (0ms)
		CreateAndSetChildDomain (101ms)
	RebuildCommonClasses (61ms)
	RebuildNativeTypeToScriptingClass (17ms)
	initialDomainReloadingComplete (44ms)
	LoadAllAssembliesAndSetupDomain (804ms)
		LoadAssemblies (596ms)
		RebuildTransferFunctionScriptingTraits (0ms)
		AnalyzeDomain (357ms)
			TypeCache.Refresh (22ms)
				TypeCache.ScanAssembly (1ms)
			BuildScriptInfoCaches (310ms)
			ResolveRequiredComponents (16ms)
	FinalizeReload (938ms)
		ReleaseScriptCaches (0ms)
		RebuildScriptCaches (0ms)
		SetupLoadedEditorAssemblies (704ms)
			LogAssemblyErrors (0ms)
			InitializePlatformSupportModulesInManaged (5ms)
			SetLoadedEditorAssemblies (7ms)
			BeforeProcessingInitializeOnLoad (216ms)
			ProcessInitializeOnLoadAttributes (395ms)
			ProcessInitializeOnLoadMethodAttributes (74ms)
			AfterProcessingInitializeOnLoad (6ms)
			EditorAssembliesLoaded (1ms)
		ExecutionOrderSort2 (0ms)
		AwakeInstancesAfterBackupRestoration (21ms)
Refreshing native plugins compatible for Editor in 0.99 ms, found 3 plugins.
Preloading 0 native plugins for Editor in 0.00 ms.
Unloading 83 Unused Serialized files (Serialized files now loaded: 0)
Unloading 6302 unused Assets / (11.3 MB). Loaded Objects now: 7158.
Memory consumption went from 172.6 MB to 161.3 MB.
Total: 19.173400 ms (FindLiveObjects: 1.325800 ms CreateObjectMapping: 0.889900 ms MarkObjects: 7.693500 ms  DeleteObjects: 9.262500 ms)

Prepare: number of updated asset objects reloaded= 0
========================================================================
Received Import Request.
  Time since last request: 66.543525 seconds.
  path: Assets/Suelo/Materials/Terrain Materials/Grass 1.terrainlayer
  artifactKey: Guid(49b6d26bcaf5a3a499677263e288fe8d) Importer(815301076,1909f56bfc062723c751e8b465ee728b)
Start importing Assets/Suelo/Materials/Terrain Materials/Grass 1.terrainlayer using Guid(49b6d26bcaf5a3a499677263e288fe8d) Importer(815301076,1909f56bfc062723c751e8b465ee728b) (PreviewImporter) -> (artifact id: 'c4fc629a05a0bca1a48eba6359182892') in 0.3265265 seconds
Number of updated asset objects reloaded before import = 0Number of asset objects unloaded after import = 4

========================================================================
Received Import Request.
  Time since last request: 0.000052 seconds.
  path: Assets/Suelo/Materials/Terrain Materials/Rock Floor 1.terrainlayer
  artifactKey: Guid(e3baa8a7616a7fe4883e2ffd1b175218) Importer(815301076,1909f56bfc062723c751e8b465ee728b)
Start importing Assets/Suelo/Materials/Terrain Materials/Rock Floor 1.terrainlayer using Guid(e3baa8a7616a7fe4883e2ffd1b175218) Importer(815301076,1909f56bfc062723c751e8b465ee728b) (PreviewImporter) -> (artifact id: '743800d62cc7e4e191cd765b76df67d7') in 0.0589066 seconds
Number of updated asset objects reloaded before import = 0Number of asset objects unloaded after import = 4

========================================================================
Received Import Request.
  Time since last request: 0.000050 seconds.
  path: Assets/Suelo/Materials/Terrain Materials/Rock Floor 2.terrainlayer
  artifactKey: Guid(34abe2e61374fb749a5e1d25d14b5cc4) Importer(815301076,1909f56bfc062723c751e8b465ee728b)
Start importing Assets/Suelo/Materials/Terrain Materials/Rock Floor 2.terrainlayer using Guid(34abe2e61374fb749a5e1d25d14b5cc4) Importer(815301076,1909f56bfc062723c751e8b465ee728b) (PreviewImporter) -> (artifact id: '97f45c42bf03caf9840fbaf246244ac7') in 0.0296388 seconds
Number of updated asset objects reloaded before import = 0Number of asset objects unloaded after import = 4

========================================================================
Received Import Request.
  Time since last request: 12.273213 seconds.
  path: Assets/Suelo/Prefabs/Foliage 2.prefab
  artifactKey: Guid(48877448f3a5a7b42956199437be7a1a) Importer(815301076,1909f56bfc062723c751e8b465ee728b)
Start importing Assets/Suelo/Prefabs/Foliage 2.prefab using Guid(48877448f3a5a7b42956199437be7a1a) Importer(815301076,1909f56bfc062723c751e8b465ee728b) (PreviewImporter) -> (artifact id: '180509ccb649ef0a5fe34c7e4c4e8a23') in 0.5887966 seconds
Number of updated asset objects reloaded before import = 0Number of asset objects unloaded after import = 11

========================================================================
Received Import Request.
  Time since last request: 0.000049 seconds.
  path: Assets/Suelo/Prefabs/Small Rock 4.prefab
  artifactKey: Guid(84d3236b8e04fd042b4f2e14744e2af7) Importer(815301076,1909f56bfc062723c751e8b465ee728b)
Start importing Assets/Suelo/Prefabs/Small Rock 4.prefab using Guid(84d3236b8e04fd042b4f2e14744e2af7) Importer(815301076,1909f56bfc062723c751e8b465ee728b) (PreviewImporter) -> (artifact id: 'c3a062be90dbc38440987aeb8236af7b') in 0.0492054 seconds
Number of updated asset objects reloaded before import = 0Number of asset objects unloaded after import = 12

========================================================================
Received Import Request.
  Time since last request: 0.000112 seconds.
  path: Assets/Suelo/Prefabs/Large Rock 2.prefab
  artifactKey: Guid(e5c358a373d2fa840a2b94c42d8966af) Importer(815301076,1909f56bfc062723c751e8b465ee728b)
Start importing Assets/Suelo/Prefabs/Large Rock 2.prefab using Guid(e5c358a373d2fa840a2b94c42d8966af) Importer(815301076,1909f56bfc062723c751e8b465ee728b) (PreviewImporter) -> (artifact id: '819d1b76c49d890e6a9f7f9519afff76') in 0.0419496 seconds
Number of updated asset objects reloaded before import = 0Number of asset objects unloaded after import = 12

========================================================================
Received Import Request.
  Time since last request: 0.000042 seconds.
  path: Assets/Suelo/Prefabs/Grass Patch Large.prefab
  artifactKey: Guid(98a359d63c95b74479b90b53b0631766) Importer(815301076,1909f56bfc062723c751e8b465ee728b)
Start importing Assets/Suelo/Prefabs/Grass Patch Large.prefab using Guid(98a359d63c95b74479b90b53b0631766) Importer(815301076,1909f56bfc062723c751e8b465ee728b) (PreviewImporter) -> (artifact id: '78eea8447ef254d8321a477d6b72b582') in 0.0360714 seconds
Number of updated asset objects reloaded before import = 0Number of asset objects unloaded after import = 11

========================================================================
Received Import Request.
  Time since last request: 0.000040 seconds.
  path: Assets/Suelo/Prefabs/Small Rock 1.prefab
  artifactKey: Guid(375204e43ad118e4bbc83b27192e3946) Importer(815301076,1909f56bfc062723c751e8b465ee728b)
Start importing Assets/Suelo/Prefabs/Small Rock 1.prefab using Guid(375204e43ad118e4bbc83b27192e3946) Importer(815301076,1909f56bfc062723c751e8b465ee728b) (PreviewImporter) -> (artifact id: '10e1b5a4f133caa0af987f25febf56a1') in 0.0478869 seconds
Number of updated asset objects reloaded before import = 0Number of asset objects unloaded after import = 12

========================================================================
Received Import Request.
  Time since last request: 0.000045 seconds.
  path: Assets/Suelo/Prefabs/Small Rock 3.prefab
  artifactKey: Guid(e5a5fd945677a3f43bc08c44bf38e61f) Importer(815301076,1909f56bfc062723c751e8b465ee728b)
Start importing Assets/Suelo/Prefabs/Small Rock 3.prefab using Guid(e5a5fd945677a3f43bc08c44bf38e61f) Importer(815301076,1909f56bfc062723c751e8b465ee728b) (PreviewImporter) -> (artifact id: '782b47d666e99e8dbc6bb6b097f534ea') in 0.0449158 seconds
Number of updated asset objects reloaded before import = 0Number of asset objects unloaded after import = 12

========================================================================
Received Import Request.
  Time since last request: 0.000045 seconds.
  path: Assets/Suelo/Prefabs/Foliage 3.prefab
  artifactKey: Guid(9c8fae5eecdacf14d9ed2944f332564c) Importer(815301076,1909f56bfc062723c751e8b465ee728b)
Start importing Assets/Suelo/Prefabs/Foliage 3.prefab using Guid(9c8fae5eecdacf14d9ed2944f332564c) Importer(815301076,1909f56bfc062723c751e8b465ee728b) (PreviewImporter) -> (artifact id: '4d389783fb0a83335127f2c66e0fa189') in 0.0401285 seconds
Number of updated asset objects reloaded before import = 0Number of asset objects unloaded after import = 11

========================================================================
Received Import Request.
  Time since last request: 0.000048 seconds.
  path: Assets/Suelo/Prefabs/Small Rock 2.prefab
  artifactKey: Guid(b10cc6f9768e47f48814e5902fe068eb) Importer(815301076,1909f56bfc062723c751e8b465ee728b)
Start importing Assets/Suelo/Prefabs/Small Rock 2.prefab using Guid(b10cc6f9768e47f48814e5902fe068eb) Importer(815301076,1909f56bfc062723c751e8b465ee728b) (PreviewImporter) -> (artifact id: '815d8e05c2d7a2dbffb78ca938aa29aa') in 0.0432313 seconds
Number of updated asset objects reloaded before import = 0Number of asset objects unloaded after import = 12

========================================================================
Received Import Request.
  Time since last request: 0.000042 seconds.
  path: Assets/Suelo/Prefabs/Large Rock 1.prefab
  artifactKey: Guid(79d04eb1ecfb2d741a1da8434557a623) Importer(815301076,1909f56bfc062723c751e8b465ee728b)
Start importing Assets/Suelo/Prefabs/Large Rock 1.prefab using Guid(79d04eb1ecfb2d741a1da8434557a623) Importer(815301076,1909f56bfc062723c751e8b465ee728b) (PreviewImporter) -> (artifact id: '54487bdc0095a4cec58566fddd6f3c7f') in 0.0381703 seconds
Number of updated asset objects reloaded before import = 0Number of asset objects unloaded after import = 12

========================================================================
Received Import Request.
  Time since last request: 8.757888 seconds.
  path: Assets/Suelo/Textures/Grass/Grass 1_NRM.png
  artifactKey: Guid(d0b796a46ea0614479cbf46cb9b8bca2) Importer(815301076,1909f56bfc062723c751e8b465ee728b)
Start importing Assets/Suelo/Textures/Grass/Grass 1_NRM.png using Guid(d0b796a46ea0614479cbf46cb9b8bca2) Importer(815301076,1909f56bfc062723c751e8b465ee728b) (PreviewImporter) -> (artifact id: '8809eb715c18d267b0e36dd7cb9978a7') in 0.0342089 seconds
Number of updated asset objects reloaded before import = 0Number of asset objects unloaded after import = 2

========================================================================
Received Import Request.
  Time since last request: 15.712457 seconds.
  path: Assets/Suelo/Materials/Grass/Grass Small.mat
  artifactKey: Guid(be1c4bfd0b0545e42b03ccbd1b2d480b) Importer(815301076,1909f56bfc062723c751e8b465ee728b)
Start importing Assets/Suelo/Materials/Grass/Grass Small.mat using Guid(be1c4bfd0b0545e42b03ccbd1b2d480b) Importer(815301076,1909f56bfc062723c751e8b465ee728b) (PreviewImporter) -> (artifact id: '669f81b99a66f5115f726e53749b537e') in 0.0561092 seconds
Number of updated asset objects reloaded before import = 0Number of asset objects unloaded after import = 3

========================================================================
Received Import Request.
  Time since last request: 19.691909 seconds.
  path: Assets/Slender/Example/Environment/Materials/Branches.png
  artifactKey: Guid(95782c17eafb411eb86b0d25d01ca1c7) Importer(815301076,1909f56bfc062723c751e8b465ee728b)
Start importing Assets/Slender/Example/Environment/Materials/Branches.png using Guid(95782c17eafb411eb86b0d25d01ca1c7) Importer(815301076,1909f56bfc062723c751e8b465ee728b) (PreviewImporter) -> (artifact id: 'b2104b746bdafccbc2a7e3144cf33a37') in 0.0240767 seconds
Number of updated asset objects reloaded before import = 0Number of asset objects unloaded after import = 2

========================================================================
Received Import Request.
  Time since last request: 1.442327 seconds.
  path: Assets/Slender/Example/Environment/Standard Assets/Effects/ImageEffects/Textures/ContrastEnhanced3D16.png
  artifactKey: Guid(8345e20fa28c42bd854aff1a9cae7ae7) Importer(815301076,1909f56bfc062723c751e8b465ee728b)
Start importing Assets/Slender/Example/Environment/Standard Assets/Effects/ImageEffects/Textures/ContrastEnhanced3D16.png using Guid(8345e20fa28c42bd854aff1a9cae7ae7) Importer(815301076,1909f56bfc062723c751e8b465ee728b) (PreviewImporter) -> (artifact id: 'd6d1dba20abbdb4df7eb649e7aa0cc7f') in 0.017394 seconds
Number of updated asset objects reloaded before import = 0Number of asset objects unloaded after import = 2

========================================================================
Received Import Request.
  Time since last request: 0.353463 seconds.
  path: Assets/Suelo/Textures/Tree 2/Dead Tree 2 RFS_Tree 1 Mat_Normal.png
  artifactKey: Guid(a1337f04a0828ab4cbaa3af2423f0b82) Importer(815301076,1909f56bfc062723c751e8b465ee728b)
Start importing Assets/Suelo/Textures/Tree 2/Dead Tree 2 RFS_Tree 1 Mat_Normal.png using Guid(a1337f04a0828ab4cbaa3af2423f0b82) Importer(815301076,1909f56bfc062723c751e8b465ee728b) (PreviewImporter) -> (artifact id: '3226fcc23ac752c6b8e3b867878c6c57') in 0.0306284 seconds
Number of updated asset objects reloaded before import = 0Number of asset objects unloaded after import = 2

========================================================================
Received Import Request.
  Time since last request: 3.049486 seconds.
  path: Assets/Suelo/Textures/Tree 3/Dead Tree 3 RFS_Tree 1 Mat_Normal.png
  artifactKey: Guid(91a9c16b65ff4914eb1679683f859f4a) Importer(815301076,1909f56bfc062723c751e8b465ee728b)
Start importing Assets/Suelo/Textures/Tree 3/Dead Tree 3 RFS_Tree 1 Mat_Normal.png using Guid(91a9c16b65ff4914eb1679683f859f4a) Importer(815301076,1909f56bfc062723c751e8b465ee728b) (PreviewImporter) -> (artifact id: '00a3b5daf910b225ae732fdeb9324589') in 0.0206005 seconds
Number of updated asset objects reloaded before import = 0Number of asset objects unloaded after import = 2

========================================================================
Received Import Request.
  Time since last request: 0.002178 seconds.
  path: Assets/Suelo/Textures/Tree 4/Dead Tree 4 RFS_Tree 2 Mat_MetallicSmoothness.png
  artifactKey: Guid(0aa75cec7b722b14a8479c7596a5b05f) Importer(815301076,1909f56bfc062723c751e8b465ee728b)
Start importing Assets/Suelo/Textures/Tree 4/Dead Tree 4 RFS_Tree 2 Mat_MetallicSmoothness.png using Guid(0aa75cec7b722b14a8479c7596a5b05f) Importer(815301076,1909f56bfc062723c751e8b465ee728b) (PreviewImporter) -> (artifact id: '42e398135ab73425f3e79a63a9725c0e') in 0.0176469 seconds
Number of updated asset objects reloaded before import = 0Number of asset objects unloaded after import = 2

========================================================================
Received Import Request.
  Time since last request: 1.917030 seconds.
  path: Assets/Suelo/Textures/Foliage 2/Foliage 2.png
  artifactKey: Guid(1a6ef109e223f7d469085048a224c613) Importer(815301076,1909f56bfc062723c751e8b465ee728b)
Start importing Assets/Suelo/Textures/Foliage 2/Foliage 2.png using Guid(1a6ef109e223f7d469085048a224c613) Importer(815301076,1909f56bfc062723c751e8b465ee728b) (PreviewImporter) -> (artifact id: 'c942c663ef7602e3344ed752186751e8') in 0.0319664 seconds
Number of updated asset objects reloaded before import = 0Number of asset objects unloaded after import = 2

========================================================================
Received Import Request.
  Time since last request: 0.000039 seconds.
  path: Assets/Suelo/Textures/Foliage 2/Foliage 2_NRM.png
  artifactKey: Guid(1a1ea9e1c808b114bbae01568205646c) Importer(815301076,1909f56bfc062723c751e8b465ee728b)
Start importing Assets/Suelo/Textures/Foliage 2/Foliage 2_NRM.png using Guid(1a1ea9e1c808b114bbae01568205646c) Importer(815301076,1909f56bfc062723c751e8b465ee728b) (PreviewImporter) -> (artifact id: '565621bc8e450bc08106168384613bf4') in 0.0256862 seconds
Number of updated asset objects reloaded before import = 0Number of asset objects unloaded after import = 2

========================================================================
Received Import Request.
  Time since last request: 0.000038 seconds.
  path: Assets/Suelo/Textures/Foliage 3/Foliage 3.png
  artifactKey: Guid(8b04778ae68cfa141b07963c6a5aafb3) Importer(815301076,1909f56bfc062723c751e8b465ee728b)
Start importing Assets/Suelo/Textures/Foliage 3/Foliage 3.png using Guid(8b04778ae68cfa141b07963c6a5aafb3) Importer(815301076,1909f56bfc062723c751e8b465ee728b) (PreviewImporter) -> (artifact id: '2c6a9ed646e72cf5b7912649f6ea8e07') in 0.0201244 seconds
Number of updated asset objects reloaded before import = 0Number of asset objects unloaded after import = 2

========================================================================
Received Import Request.
  Time since last request: 0.123749 seconds.
  path: Assets/First_Person/FirstPersonControllerPro/Textures/Grass.png
  artifactKey: Guid(9e7809b746da3bf4d82e39234425f604) Importer(815301076,1909f56bfc062723c751e8b465ee728b)
Start importing Assets/First_Person/FirstPersonControllerPro/Textures/Grass.png using Guid(9e7809b746da3bf4d82e39234425f604) Importer(815301076,1909f56bfc062723c751e8b465ee728b) (PreviewImporter) -> (artifact id: 'a06b400c01d5b0784393794bdb8bc172') in 0.0155497 seconds
Number of updated asset objects reloaded before import = 0Number of asset objects unloaded after import = 2

========================================================================
Received Import Request.
  Time since last request: 0.000035 seconds.
  path: Assets/Suelo/Textures/Ground Grass 1/Grass 1_ambientOcclusion.png
  artifactKey: Guid(db806c2348bf0404cb2de178f8d6c598) Importer(815301076,1909f56bfc062723c751e8b465ee728b)
Start importing Assets/Suelo/Textures/Ground Grass 1/Grass 1_ambientOcclusion.png using Guid(db806c2348bf0404cb2de178f8d6c598) Importer(815301076,1909f56bfc062723c751e8b465ee728b) (PreviewImporter) -> (artifact id: '2ae611b42e88cf4791ed955f92b6dae3') in 0.0198384 seconds
Number of updated asset objects reloaded before import = 0Number of asset objects unloaded after import = 2

========================================================================
Received Import Request.
  Time since last request: 0.171155 seconds.
  path: Assets/Suelo/Textures/Ground Grass 1/Grass 1_metallic.png
  artifactKey: Guid(9c98aebbfc29d8d4cb14c8e41ed4f3ea) Importer(815301076,1909f56bfc062723c751e8b465ee728b)
Start importing Assets/Suelo/Textures/Ground Grass 1/Grass 1_metallic.png using Guid(9c98aebbfc29d8d4cb14c8e41ed4f3ea) Importer(815301076,1909f56bfc062723c751e8b465ee728b) (PreviewImporter) -> (artifact id: 'ac12c96ca39517c5e72336548fe2fa3e') in 0.0222327 seconds
Number of updated asset objects reloaded before import = 0Number of asset objects unloaded after import = 2

========================================================================
Received Import Request.
  Time since last request: 0.000071 seconds.
  path: Assets/Suelo/Textures/Ground Grass 1/Grass 1_normal.png
  artifactKey: Guid(002b5e25593539148a70e3ab38414be0) Importer(815301076,1909f56bfc062723c751e8b465ee728b)
Start importing Assets/Suelo/Textures/Ground Grass 1/Grass 1_normal.png using Guid(002b5e25593539148a70e3ab38414be0) Importer(815301076,1909f56bfc062723c751e8b465ee728b) (PreviewImporter) -> (artifact id: '10df4ef2e41291f3b3948abb3769e2b9') in 0.0148987 seconds
Number of updated asset objects reloaded before import = 0Number of asset objects unloaded after import = 2

========================================================================
Received Import Request.
  Time since last request: 2.489471 seconds.
  path: Assets/Slender/Example/Environment/Standard Assets/Effects/ImageEffects/Textures/grayscale ramp.png
  artifactKey: Guid(402968a5c078445ab26472cfb0705808) Importer(815301076,1909f56bfc062723c751e8b465ee728b)
Start importing Assets/Slender/Example/Environment/Standard Assets/Effects/ImageEffects/Textures/grayscale ramp.png using Guid(402968a5c078445ab26472cfb0705808) Importer(815301076,1909f56bfc062723c751e8b465ee728b) (PreviewImporter) -> (artifact id: '1951d2d0816af693c8f10d2d2fca00a0') in 0.0205939 seconds
Number of updated asset objects reloaded before import = 0Number of asset objects unloaded after import = 2

========================================================================
Received Import Request.
  Time since last request: 0.000028 seconds.
  path: Assets/Slender/Example/Environment/Standard Assets/Effects/ImageEffects/Textures/NoiseEffectGrain.png
  artifactKey: Guid(698c13ae89df40739f71b672cb824c26) Importer(815301076,1909f56bfc062723c751e8b465ee728b)
Start importing Assets/Slender/Example/Environment/Standard Assets/Effects/ImageEffects/Textures/NoiseEffectGrain.png using Guid(698c13ae89df40739f71b672cb824c26) Importer(815301076,1909f56bfc062723c751e8b465ee728b) (PreviewImporter) -> (artifact id: '84cec18bdd5bdd3590ba7f65bc597131') in 0.0268266 seconds
Number of updated asset objects reloaded before import = 0Number of asset objects unloaded after import = 2

========================================================================
Received Import Request.
  Time since last request: 121.436728 seconds.
  path: Assets/First_Person/FirstPersonControllerPro/Materials/First Person Controller.mat
  artifactKey: Guid(9b778d7815a0e9d4698d9c3a2aff0e96) Importer(815301076,1909f56bfc062723c751e8b465ee728b)
Start importing Assets/First_Person/FirstPersonControllerPro/Materials/First Person Controller.mat using Guid(9b778d7815a0e9d4698d9c3a2aff0e96) Importer(815301076,1909f56bfc062723c751e8b465ee728b) (PreviewImporter) -> (artifact id: 'de4c8d522a0e5a592083677227bc83ba') in 0.0223682 seconds
Number of updated asset objects reloaded before import = 0Number of asset objects unloaded after import = 1

========================================================================
Received Import Request.
  Time since last request: 0.000046 seconds.
  path: Assets/First_Person/FirstPersonControllerPro/Materials/Spawn.mat
  artifactKey: Guid(fc4f0b615a4abb443b55b6c847d909a6) Importer(815301076,1909f56bfc062723c751e8b465ee728b)
Start importing Assets/First_Person/FirstPersonControllerPro/Materials/Spawn.mat using Guid(fc4f0b615a4abb443b55b6c847d909a6) Importer(815301076,1909f56bfc062723c751e8b465ee728b) (PreviewImporter) -> (artifact id: 'af507fe13a82c2951580270cda7d7170') in 0.0198324 seconds
Number of updated asset objects reloaded before import = 0Number of asset objects unloaded after import = 2

========================================================================
Received Import Request.
  Time since last request: 0.000028 seconds.
  path: Assets/First_Person/FirstPersonControllerPro/Materials/Grass.mat
  artifactKey: Guid(5877940fdb7e44c4d8507e04cfe0b190) Importer(815301076,1909f56bfc062723c751e8b465ee728b)
Start importing Assets/First_Person/FirstPersonControllerPro/Materials/Grass.mat using Guid(5877940fdb7e44c4d8507e04cfe0b190) Importer(815301076,1909f56bfc062723c751e8b465ee728b) (PreviewImporter) -> (artifact id: 'ba8142bfd89c80273b3c0138a4dd392b') in 0.0189999 seconds
Number of updated asset objects reloaded before import = 0Number of asset objects unloaded after import = 2

========================================================================
Received Import Request.
  Time since last request: 0.000045 seconds.
  path: Assets/First_Person/FirstPersonControllerPro/Materials/floor.mat
  artifactKey: Guid(dfab38290f576e24aa5ee5c5b83d0f1e) Importer(815301076,1909f56bfc062723c751e8b465ee728b)
Start importing Assets/First_Person/FirstPersonControllerPro/Materials/floor.mat using Guid(dfab38290f576e24aa5ee5c5b83d0f1e) Importer(815301076,1909f56bfc062723c751e8b465ee728b) (PreviewImporter) -> (artifact id: '527297419d31b1fd12389576a9500e7e') in 0.0230923 seconds
Number of updated asset objects reloaded before import = 0Number of asset objects unloaded after import = 2

========================================================================
Received Import Request.
  Time since last request: 42.835684 seconds.
  path: Assets/Suelo/Models/Foliage 2.FBX
  artifactKey: Guid(7447eb077c417414c9d696399d0ac291) Importer(815301076,1909f56bfc062723c751e8b465ee728b)
Start importing Assets/Suelo/Models/Foliage 2.FBX using Guid(7447eb077c417414c9d696399d0ac291) Importer(815301076,1909f56bfc062723c751e8b465ee728b) (PreviewImporter) -> (artifact id: 'e9b3fa7becfe2d4ec2e0aa4f37c04fbe') in 0.1415407 seconds
Number of updated asset objects reloaded before import = 0Number of asset objects unloaded after import = 9

========================================================================
Received Import Request.
  Time since last request: 0.000043 seconds.
  path: Assets/Suelo/Models/Small Rock 4.FBX
  artifactKey: Guid(55979968259078d439ab17fe180a5889) Importer(815301076,1909f56bfc062723c751e8b465ee728b)
Start importing Assets/Suelo/Models/Small Rock 4.FBX using Guid(55979968259078d439ab17fe180a5889) Importer(815301076,1909f56bfc062723c751e8b465ee728b) (PreviewImporter) -> (artifact id: '08fd10c418376a327b767142de93039c') in 0.0524283 seconds
Number of updated asset objects reloaded before import = 0Number of asset objects unloaded after import = 8

========================================================================
Received Import Request.
  Time since last request: 0.000048 seconds.
  path: Assets/Suelo/Models/Tree 4.FBX
  artifactKey: Guid(c5f6ae5768117d74dbe1cb86f66bd9a2) Importer(815301076,1909f56bfc062723c751e8b465ee728b)
Start importing Assets/Suelo/Models/Tree 4.FBX using Guid(c5f6ae5768117d74dbe1cb86f66bd9a2) Importer(815301076,1909f56bfc062723c751e8b465ee728b) (PreviewImporter) -> (artifact id: 'db0c91b5432a70d557fb5818eb576b01') in 0.0827733 seconds
Number of updated asset objects reloaded before import = 0Number of asset objects unloaded after import = 10

========================================================================
Received Import Request.
  Time since last request: 0.000041 seconds.
  path: Assets/Suelo/Models/Large Rock 2.FBX
  artifactKey: Guid(7e5d03776b0f987408a89f8e9e9252f2) Importer(815301076,1909f56bfc062723c751e8b465ee728b)
Start importing Assets/Suelo/Models/Large Rock 2.FBX using Guid(7e5d03776b0f987408a89f8e9e9252f2) Importer(815301076,1909f56bfc062723c751e8b465ee728b) (PreviewImporter) -> (artifact id: '30440d3b9c00fe125b86859cb1e3c27e') in 0.0289967 seconds
Number of updated asset objects reloaded before import = 0Number of asset objects unloaded after import = 8

========================================================================
Received Import Request.
  Time since last request: 0.000032 seconds.
  path: Assets/Suelo/Models/Large Rock 1.FBX
  artifactKey: Guid(33bfff9c871cd694f8602aff8bc06f9d) Importer(815301076,1909f56bfc062723c751e8b465ee728b)
Start importing Assets/Suelo/Models/Large Rock 1.FBX using Guid(33bfff9c871cd694f8602aff8bc06f9d) Importer(815301076,1909f56bfc062723c751e8b465ee728b) (PreviewImporter) -> (artifact id: '5c9a6d5310fb72f07e36a2e0d51cffde') in 0.0302821 seconds
Number of updated asset objects reloaded before import = 0Number of asset objects unloaded after import = 8

========================================================================
Received Import Request.
  Time since last request: 0.000063 seconds.
  path: Assets/Suelo/Models/Rock Group.FBX
  artifactKey: Guid(8c9ba8b971bfa054a9cef1dc5125056b) Importer(815301076,1909f56bfc062723c751e8b465ee728b)
Start importing Assets/Suelo/Models/Rock Group.FBX using Guid(8c9ba8b971bfa054a9cef1dc5125056b) Importer(815301076,1909f56bfc062723c751e8b465ee728b) (PreviewImporter) -> (artifact id: '9fbb58cbfc610bc59a350927cc672c5a') in 0.0273863 seconds
Number of updated asset objects reloaded before import = 0Number of asset objects unloaded after import = 8

========================================================================
Received Import Request.
  Time since last request: 0.000041 seconds.
  path: Assets/Suelo/Models/Small Rock 3.FBX
  artifactKey: Guid(dcb7c5186204b6542b6655eae66b7e72) Importer(815301076,1909f56bfc062723c751e8b465ee728b)
Start importing Assets/Suelo/Models/Small Rock 3.FBX using Guid(dcb7c5186204b6542b6655eae66b7e72) Importer(815301076,1909f56bfc062723c751e8b465ee728b) (PreviewImporter) -> (artifact id: '8b710615327c46740995844be351849d') in 0.0271985 seconds
Number of updated asset objects reloaded before import = 0Number of asset objects unloaded after import = 8

========================================================================
Received Import Request.
  Time since last request: 0.000033 seconds.
  path: Assets/Suelo/Models/Grass Patch Large.FBX
  artifactKey: Guid(d7130bad559ee6f4ebc3641ee16370c8) Importer(815301076,1909f56bfc062723c751e8b465ee728b)
Start importing Assets/Suelo/Models/Grass Patch Large.FBX using Guid(d7130bad559ee6f4ebc3641ee16370c8) Importer(815301076,1909f56bfc062723c751e8b465ee728b) (PreviewImporter) -> (artifact id: '90562997fe7df33d800115c59e31fb70') in 0.038043 seconds
Number of updated asset objects reloaded before import = 0Number of asset objects unloaded after import = 9

========================================================================
Received Import Request.
  Time since last request: 12.510390 seconds.
  path: Assets/Suelo/Materials/Ground Materials/Grass Floor 2.mat
  artifactKey: Guid(d0c86399931d65c40ae1b437d71e557d) Importer(815301076,1909f56bfc062723c751e8b465ee728b)
Start importing Assets/Suelo/Materials/Ground Materials/Grass Floor 2.mat using Guid(d0c86399931d65c40ae1b437d71e557d) Importer(815301076,1909f56bfc062723c751e8b465ee728b) (PreviewImporter) -> (artifact id: 'b0d3d1bfbdf104bc859a8ab8c9a02c57') in 0.0976279 seconds
Number of updated asset objects reloaded before import = 0Number of asset objects unloaded after import = 6

========================================================================
Received Import Request.
  Time since last request: 0.000061 seconds.
  path: Assets/Suelo/Materials/Ground Materials/Rock Floor 2.mat
  artifactKey: Guid(1dbea9a213a67fb4a87413976f64122b) Importer(815301076,1909f56bfc062723c751e8b465ee728b)
Start importing Assets/Suelo/Materials/Ground Materials/Rock Floor 2.mat using Guid(1dbea9a213a67fb4a87413976f64122b) Importer(815301076,1909f56bfc062723c751e8b465ee728b) (PreviewImporter) -> (artifact id: '27b8a396c222f1ee633421503256d883') in 0.0554882 seconds
Number of updated asset objects reloaded before import = 0Number of asset objects unloaded after import = 6

========================================================================
Received Import Request.
  Time since last request: 63.282086 seconds.
  path: Assets/Suelo/Materials/Tree 4/Tree 4 Mat.mat
  artifactKey: Guid(4c22b5debf7e9384987ca56dd4e8a52e) Importer(815301076,1909f56bfc062723c751e8b465ee728b)
Start importing Assets/Suelo/Materials/Tree 4/Tree 4 Mat.mat using Guid(4c22b5debf7e9384987ca56dd4e8a52e) Importer(815301076,1909f56bfc062723c751e8b465ee728b) (PreviewImporter) -> (artifact id: 'abe0ce68fe2cd21544edfb66c784d547') in 0.0557576 seconds
Number of updated asset objects reloaded before import = 0Number of asset objects unloaded after import = 4

========================================================================
Received Import Request.
  Time since last request: 24.694727 seconds.
  path: Assets/Suelo/Textures/Ground Grass 2/Ground 2_baseColor.png
  artifactKey: Guid(f969cbe806866c045bf9796f832bb8e5) Importer(815301076,1909f56bfc062723c751e8b465ee728b)
Start importing Assets/Suelo/Textures/Ground Grass 2/Ground 2_baseColor.png using Guid(f969cbe806866c045bf9796f832bb8e5) Importer(815301076,1909f56bfc062723c751e8b465ee728b) (PreviewImporter) -> (artifact id: 'adfb191c89b576ade717e3219284fa79') in 0.0147934 seconds
Number of updated asset objects reloaded before import = 0Number of asset objects unloaded after import = 2

========================================================================
Received Import Request.
  Time since last request: 0.000039 seconds.
  path: Assets/Suelo/Textures/Ground Grass 2/Ground 2_height.png
  artifactKey: Guid(f626cc4896a60594b8f7d8d6606b0f6a) Importer(815301076,1909f56bfc062723c751e8b465ee728b)
Start importing Assets/Suelo/Textures/Ground Grass 2/Ground 2_height.png using Guid(f626cc4896a60594b8f7d8d6606b0f6a) Importer(815301076,1909f56bfc062723c751e8b465ee728b) (PreviewImporter) -> (artifact id: '77504e17f75e7386d505f12f8ceb49d5') in 0.0266311 seconds
Number of updated asset objects reloaded before import = 0Number of asset objects unloaded after import = 2

========================================================================
Received Import Request.
  Time since last request: 0.000037 seconds.
  path: Assets/Suelo/Textures/Ground Grass 2/Ground 2_metallic.png
  artifactKey: Guid(b191a1bfb7dabda46b42c0b913db4af8) Importer(815301076,1909f56bfc062723c751e8b465ee728b)
Start importing Assets/Suelo/Textures/Ground Grass 2/Ground 2_metallic.png using Guid(b191a1bfb7dabda46b42c0b913db4af8) Importer(815301076,1909f56bfc062723c751e8b465ee728b) (PreviewImporter) -> (artifact id: '52f5fa12b9328a605e0b4e20e1663bc4') in 0.036968 seconds
Number of updated asset objects reloaded before import = 0Number of asset objects unloaded after import = 2

========================================================================
Received Import Request.
  Time since last request: 0.567532 seconds.
  path: Assets/Suelo/Textures/Ground Grass 3/Ground 3_baseColor.png
  artifactKey: Guid(6e03ea39781e7b44fb4fb80363b2678f) Importer(815301076,1909f56bfc062723c751e8b465ee728b)
Start importing Assets/Suelo/Textures/Ground Grass 3/Ground 3_baseColor.png using Guid(6e03ea39781e7b44fb4fb80363b2678f) Importer(815301076,1909f56bfc062723c751e8b465ee728b) (PreviewImporter) -> (artifact id: '691b7208a2aad73471b96c89e20599d1') in 0.0181709 seconds
Number of updated asset objects reloaded before import = 0Number of asset objects unloaded after import = 2

========================================================================
Received Import Request.
  Time since last request: 0.000051 seconds.
  path: Assets/Suelo/Textures/Ground Grass 3/Ground 3_height.png
  artifactKey: Guid(622c42c088e931148a7c60b02ea3b1bc) Importer(815301076,1909f56bfc062723c751e8b465ee728b)
Start importing Assets/Suelo/Textures/Ground Grass 3/Ground 3_height.png using Guid(622c42c088e931148a7c60b02ea3b1bc) Importer(815301076,1909f56bfc062723c751e8b465ee728b) (PreviewImporter) -> (artifact id: '1a921a10e444cb9c7f63e80e939fc736') in 0.0146818 seconds
Number of updated asset objects reloaded before import = 0Number of asset objects unloaded after import = 2

========================================================================
Received Import Request.
  Time since last request: 0.000073 seconds.
  path: Assets/Suelo/Textures/Ground Grass 3/Ground 3_normal.png
  artifactKey: Guid(fc1e3afe71174d7469277ce97cfb6848) Importer(815301076,1909f56bfc062723c751e8b465ee728b)
Start importing Assets/Suelo/Textures/Ground Grass 3/Ground 3_normal.png using Guid(fc1e3afe71174d7469277ce97cfb6848) Importer(815301076,1909f56bfc062723c751e8b465ee728b) (PreviewImporter) -> (artifact id: '3e3abb5502f894ee3bd9f43c772368f3') in 0.0197159 seconds
Number of updated asset objects reloaded before import = 0Number of asset objects unloaded after import = 2

========================================================================
Received Import Request.
  Time since last request: 0.666735 seconds.
  path: Assets/Suelo/Textures/Ground Rocks 1/Ground 4_baseColor.png
  artifactKey: Guid(324072cb5be0b4948b1952c212f95a96) Importer(815301076,1909f56bfc062723c751e8b465ee728b)
Start importing Assets/Suelo/Textures/Ground Rocks 1/Ground 4_baseColor.png using Guid(324072cb5be0b4948b1952c212f95a96) Importer(815301076,1909f56bfc062723c751e8b465ee728b) (PreviewImporter) -> (artifact id: '72894b41e2f7e16cdb75e136104ecd39') in 0.0189346 seconds
Number of updated asset objects reloaded before import = 0Number of asset objects unloaded after import = 2

========================================================================
Received Import Request.
  Time since last request: 0.000034 seconds.
  path: Assets/Suelo/Textures/Ground Rocks 1/Ground 4_roughness.png
  artifactKey: Guid(3432911f678d926459f3311f940e1f81) Importer(815301076,1909f56bfc062723c751e8b465ee728b)
Start importing Assets/Suelo/Textures/Ground Rocks 1/Ground 4_roughness.png using Guid(3432911f678d926459f3311f940e1f81) Importer(815301076,1909f56bfc062723c751e8b465ee728b) (PreviewImporter) -> (artifact id: 'bc1155c105a3e73f34a632c30a42ba27') in 0.0130144 seconds
Number of updated asset objects reloaded before import = 0Number of asset objects unloaded after import = 2

========================================================================
Received Import Request.
  Time since last request: 0.000043 seconds.
  path: Assets/Suelo/Textures/Ground Rocks 1/Ground 4_metallic.png
  artifactKey: Guid(7c27682cc391e434686ded8ca47ddf40) Importer(815301076,1909f56bfc062723c751e8b465ee728b)
Start importing Assets/Suelo/Textures/Ground Rocks 1/Ground 4_metallic.png using Guid(7c27682cc391e434686ded8ca47ddf40) Importer(815301076,1909f56bfc062723c751e8b465ee728b) (PreviewImporter) -> (artifact id: 'a4b1331ef0a22176e4e9005afbf3aae7') in 0.0183045 seconds
Number of updated asset objects reloaded before import = 0Number of asset objects unloaded after import = 2

========================================================================
Received Import Request.
  Time since last request: 2.095341 seconds.
  path: Assets/Suelo/Textures/Ground Rocks 2/Ground 5_baseColor.png
  artifactKey: Guid(62553132f98806e408de17af05444582) Importer(815301076,1909f56bfc062723c751e8b465ee728b)
Start importing Assets/Suelo/Textures/Ground Rocks 2/Ground 5_baseColor.png using Guid(62553132f98806e408de17af05444582) Importer(815301076,1909f56bfc062723c751e8b465ee728b) (PreviewImporter) -> (artifact id: 'fd9c583613f6ab986046454ea1dad9c5') in 0.0251866 seconds
Number of updated asset objects reloaded before import = 0Number of asset objects unloaded after import = 2

========================================================================
Received Import Request.
  Time since last request: 0.000050 seconds.
  path: Assets/Suelo/Textures/Ground Rocks 2/Ground 5_height.png
  artifactKey: Guid(99132c117151deb458ce3d2ac884a717) Importer(815301076,1909f56bfc062723c751e8b465ee728b)
Start importing Assets/Suelo/Textures/Ground Rocks 2/Ground 5_height.png using Guid(99132c117151deb458ce3d2ac884a717) Importer(815301076,1909f56bfc062723c751e8b465ee728b) (PreviewImporter) -> (artifact id: '38ca96ff5c2d6b95384592f7b35450bd') in 0.0307992 seconds
Number of updated asset objects reloaded before import = 0Number of asset objects unloaded after import = 2

========================================================================
Received Import Request.
  Time since last request: 0.000043 seconds.
  path: Assets/Suelo/Textures/Ground Rocks 2/Ground 5_metallic.png
  artifactKey: Guid(8d3ee8c33ed25fa48bae9a7bcc2c3865) Importer(815301076,1909f56bfc062723c751e8b465ee728b)
Start importing Assets/Suelo/Textures/Ground Rocks 2/Ground 5_metallic.png using Guid(8d3ee8c33ed25fa48bae9a7bcc2c3865) Importer(815301076,1909f56bfc062723c751e8b465ee728b) (PreviewImporter) -> (artifact id: '72de55000f1ae6257d9f971dd4b30ea3') in 0.022813 seconds
Number of updated asset objects reloaded before import = 0Number of asset objects unloaded after import = 2

========================================================================
Received Import Request.
  Time since last request: 2.163425 seconds.
  path: Assets/Suelo/Textures/Large Rock 1/Large Rock 1 RFS_DefaultMaterial_MetallicSmoothness.png
  artifactKey: Guid(0eef265fae8904443affc1b210af52d5) Importer(815301076,1909f56bfc062723c751e8b465ee728b)
Start importing Assets/Suelo/Textures/Large Rock 1/Large Rock 1 RFS_DefaultMaterial_MetallicSmoothness.png using Guid(0eef265fae8904443affc1b210af52d5) Importer(815301076,1909f56bfc062723c751e8b465ee728b) (PreviewImporter) -> (artifact id: '4baf2044086293b17e302bc634e4b90a') in 0.0288705 seconds
Number of updated asset objects reloaded before import = 0Number of asset objects unloaded after import = 2

========================================================================
Received Import Request.
  Time since last request: 0.000040 seconds.
  path: Assets/Suelo/Textures/Large Rock 1/Large Rock 1 RFS_DefaultMaterial_Normal.png
  artifactKey: Guid(a9ceffc35e8241c43aa173d1ebceceed) Importer(815301076,1909f56bfc062723c751e8b465ee728b)
Start importing Assets/Suelo/Textures/Large Rock 1/Large Rock 1 RFS_DefaultMaterial_Normal.png using Guid(a9ceffc35e8241c43aa173d1ebceceed) Importer(815301076,1909f56bfc062723c751e8b465ee728b) (PreviewImporter) -> (artifact id: '3779db85c0fa68c6bdfa95b7a08fb8dd') in 0.0284618 seconds
Number of updated asset objects reloaded before import = 0Number of asset objects unloaded after import = 2

========================================================================
Received Import Request.
  Time since last request: 71.533510 seconds.
  path: Assets/First_Person/FirstPersonControllerPro/Mesh/Glasses.fbx
  artifactKey: Guid(442087ba1b6543845b9024d0ca965d47) Importer(815301076,1909f56bfc062723c751e8b465ee728b)
Start importing Assets/First_Person/FirstPersonControllerPro/Mesh/Glasses.fbx using Guid(442087ba1b6543845b9024d0ca965d47) Importer(815301076,1909f56bfc062723c751e8b465ee728b) (PreviewImporter) -> (artifact id: '7ef351b3b0d806215aed4bae2920efc8') in 0.0705712 seconds
Number of updated asset objects reloaded before import = 0Number of asset objects unloaded after import = 11

========================================================================
Received Import Request.
  Time since last request: 33.922025 seconds.
  path: Assets/First_Person/FirstPersonControllerPro/Mesh/slide.fbx
  artifactKey: Guid(c1af8749b53394245b61c885b3bb06a7) Importer(815301076,1909f56bfc062723c751e8b465ee728b)
Start importing Assets/First_Person/FirstPersonControllerPro/Mesh/slide.fbx using Guid(c1af8749b53394245b61c885b3bb06a7) Importer(815301076,1909f56bfc062723c751e8b465ee728b) (PreviewImporter) -> (artifact id: '1ccb08c4b263eeea0d0d707cd14e4dd9') in 0.0319944 seconds
Number of updated asset objects reloaded before import = 0Number of asset objects unloaded after import = 8

========================================================================
Received Import Request.
  Time since last request: 159.023625 seconds.
  path: Assets/Suelo/Textures/Tree 1/Tree 1 Branchs_NRM.png
  artifactKey: Guid(59982beff7917804588c5a0075ce02c0) Importer(815301076,1909f56bfc062723c751e8b465ee728b)
Start importing Assets/Suelo/Textures/Tree 1/Tree 1 Branchs_NRM.png using Guid(59982beff7917804588c5a0075ce02c0) Importer(815301076,1909f56bfc062723c751e8b465ee728b) (PreviewImporter) -> (artifact id: 'e7af46c27eefbc64e28b4a74a1b67b45') in 0.0387093 seconds
Number of updated asset objects reloaded before import = 0Number of asset objects unloaded after import = 2

========================================================================
Received Import Request.
  Time since last request: 0.000107 seconds.
  path: Assets/Suelo/Textures/Tree 1/Tree 1 RFS_DefaultMaterial_AlbedoTransparency.png
  artifactKey: Guid(3d099ac7959bdb3488c11c0c2bc63e2f) Importer(815301076,1909f56bfc062723c751e8b465ee728b)
Start importing Assets/Suelo/Textures/Tree 1/Tree 1 RFS_DefaultMaterial_AlbedoTransparency.png using Guid(3d099ac7959bdb3488c11c0c2bc63e2f) Importer(815301076,1909f56bfc062723c751e8b465ee728b) (PreviewImporter) -> (artifact id: '77fa4e3013abdafb0e0b4e1f7725f5d2') in 0.0355581 seconds
Number of updated asset objects reloaded before import = 0Number of asset objects unloaded after import = 2

========================================================================
Received Import Request.
  Time since last request: 0.000042 seconds.
  path: Assets/Suelo/Textures/Tree 1/Tree 1 RFS_DefaultMaterial_Normal.png
  artifactKey: Guid(0930a3da78b5cbd428169d021d4f9d26) Importer(815301076,1909f56bfc062723c751e8b465ee728b)
Start importing Assets/Suelo/Textures/Tree 1/Tree 1 RFS_DefaultMaterial_Normal.png using Guid(0930a3da78b5cbd428169d021d4f9d26) Importer(815301076,1909f56bfc062723c751e8b465ee728b) (PreviewImporter) -> (artifact id: '9a48cb57e4070304f762c0eb2036612d') in 0.0370666 seconds
Number of updated asset objects reloaded before import = 0Number of asset objects unloaded after import = 2

========================================================================
Received Import Request.
  Time since last request: 0.977455 seconds.
  path: Assets/Suelo/Textures/Small Rock 4/Small Rock 4 Moss RFS_DefaultMaterial_MetallicSmoothness.png
  artifactKey: Guid(4a165b73459394740952d9703dfa484e) Importer(815301076,1909f56bfc062723c751e8b465ee728b)
Start importing Assets/Suelo/Textures/Small Rock 4/Small Rock 4 Moss RFS_DefaultMaterial_MetallicSmoothness.png using Guid(4a165b73459394740952d9703dfa484e) Importer(815301076,1909f56bfc062723c751e8b465ee728b) (PreviewImporter) -> (artifact id: '1fa3aa6e2522c1ef78028b595afe6330') in 0.021866 seconds
Number of updated asset objects reloaded before import = 0Number of asset objects unloaded after import = 2

========================================================================
Received Import Request.
  Time since last request: 0.000040 seconds.
  path: Assets/Suelo/Textures/Small Rock 4/Small Rock 4 RFS_DefaultMaterial_AlbedoTransparency.png
  artifactKey: Guid(f03b36756b0c8b64082ceeab896b646e) Importer(815301076,1909f56bfc062723c751e8b465ee728b)
Start importing Assets/Suelo/Textures/Small Rock 4/Small Rock 4 RFS_DefaultMaterial_AlbedoTransparency.png using Guid(f03b36756b0c8b64082ceeab896b646e) Importer(815301076,1909f56bfc062723c751e8b465ee728b) (PreviewImporter) -> (artifact id: '54e1197c3f57b62e345092fb18f6fb4c') in 0.0231681 seconds
Number of updated asset objects reloaded before import = 0Number of asset objects unloaded after import = 2

========================================================================
Received Import Request.
  Time since last request: 0.000040 seconds.
  path: Assets/Suelo/Textures/Small Rock 4/Small Rock 4 Moss RFS_DefaultMaterial_Normal.png
  artifactKey: Guid(5df403a7d9842aa45bc482920b3c97af) Importer(815301076,1909f56bfc062723c751e8b465ee728b)
Start importing Assets/Suelo/Textures/Small Rock 4/Small Rock 4 Moss RFS_DefaultMaterial_Normal.png using Guid(5df403a7d9842aa45bc482920b3c97af) Importer(815301076,1909f56bfc062723c751e8b465ee728b) (PreviewImporter) -> (artifact id: 'b848de3ce6ca61a613d02ff1c1851a4f') in 0.0261452 seconds
Number of updated asset objects reloaded before import = 0Number of asset objects unloaded after import = 2

========================================================================
Received Import Request.
  Time since last request: 45.750515 seconds.
  path: Assets/Suelo/Textures/Rock Group/Rock Group RFS_DefaultMaterial_MetallicSmoothness.png
  artifactKey: Guid(8ce2e41c040dc0446baf2b4cceec70b7) Importer(815301076,1909f56bfc062723c751e8b465ee728b)
Start importing Assets/Suelo/Textures/Rock Group/Rock Group RFS_DefaultMaterial_MetallicSmoothness.png using Guid(8ce2e41c040dc0446baf2b4cceec70b7) Importer(815301076,1909f56bfc062723c751e8b465ee728b) (PreviewImporter) -> (artifact id: '7188904969396d3304d64b46b9cf54a1') in 0.027344 seconds
Number of updated asset objects reloaded before import = 0Number of asset objects unloaded after import = 2

========================================================================
Received Import Request.
  Time since last request: 0.453401 seconds.
  path: Assets/Suelo/Textures/Large Rock 2/Large Rock 2 RFS_DefaultMaterial_MetallicSmoothness.png
  artifactKey: Guid(0b153f377902c06448bcdf02a1e598ab) Importer(815301076,1909f56bfc062723c751e8b465ee728b)
Start importing Assets/Suelo/Textures/Large Rock 2/Large Rock 2 RFS_DefaultMaterial_MetallicSmoothness.png using Guid(0b153f377902c06448bcdf02a1e598ab) Importer(815301076,1909f56bfc062723c751e8b465ee728b) (PreviewImporter) -> (artifact id: 'f2d22c8e67257d362166653f1a5169a5') in 0.0326581 seconds
Number of updated asset objects reloaded before import = 0Number of asset objects unloaded after import = 2

========================================================================
Received Import Request.
  Time since last request: 43.877988 seconds.
  path: Assets/Suelo/Textures/Small Rock 1/Small Rock 1 RFS_DefaultMaterial_MetallicSmoothness.png
  artifactKey: Guid(262e1fda3baeb49499408c39a5f62d01) Importer(815301076,1909f56bfc062723c751e8b465ee728b)
Start importing Assets/Suelo/Textures/Small Rock 1/Small Rock 1 RFS_DefaultMaterial_MetallicSmoothness.png using Guid(262e1fda3baeb49499408c39a5f62d01) Importer(815301076,1909f56bfc062723c751e8b465ee728b) (PreviewImporter) -> (artifact id: '3883577d8d7d9c93d191ff68d552dd81') in 0.0289607 seconds
Number of updated asset objects reloaded before import = 0Number of asset objects unloaded after import = 2

========================================================================
Received Import Request.
  Time since last request: 0.000028 seconds.
  path: Assets/Suelo/Textures/Small Rock 2/Small Rock 2 RFS_DefaultMaterial_Normal.png
  artifactKey: Guid(e3653655f7cd0c84c80a6a23fc08b472) Importer(815301076,1909f56bfc062723c751e8b465ee728b)
Start importing Assets/Suelo/Textures/Small Rock 2/Small Rock 2 RFS_DefaultMaterial_Normal.png using Guid(e3653655f7cd0c84c80a6a23fc08b472) Importer(815301076,1909f56bfc062723c751e8b465ee728b) (PreviewImporter) -> (artifact id: 'af0d30208582e0ca10b562c251a15163') in 0.0297747 seconds
Number of updated asset objects reloaded before import = 0Number of asset objects unloaded after import = 2

========================================================================
Received Import Request.
  Time since last request: 0.000030 seconds.
  path: Assets/Suelo/Textures/Small Rock 1/Small Rock 1 RFS_DefaultMaterial_Normal.png
  artifactKey: Guid(1d4d9dceb188793439ed91629b101b66) Importer(815301076,1909f56bfc062723c751e8b465ee728b)
Start importing Assets/Suelo/Textures/Small Rock 1/Small Rock 1 RFS_DefaultMaterial_Normal.png using Guid(1d4d9dceb188793439ed91629b101b66) Importer(815301076,1909f56bfc062723c751e8b465ee728b) (PreviewImporter) -> (artifact id: 'c18e204c329884c1138e5cef6ad6e284') in 0.0385651 seconds
Number of updated asset objects reloaded before import = 0Number of asset objects unloaded after import = 2

========================================================================
Received Import Request.
  Time since last request: 375.689720 seconds.
  path: Assets/First_Person/FirstPersonControllerPro/Scenes/Polugon_test/ReflectionProbe-0.exr
  artifactKey: Guid(570f84270800f194ba3333177ef0f0b9) Importer(815301076,1909f56bfc062723c751e8b465ee728b)
Start importing Assets/First_Person/FirstPersonControllerPro/Scenes/Polugon_test/ReflectionProbe-0.exr using Guid(570f84270800f194ba3333177ef0f0b9) Importer(815301076,1909f56bfc062723c751e8b465ee728b) (PreviewImporter) -> (artifact id: 'd0c73bfd319b2ce8313aeebca0a01e74') in 0.3188943 seconds
Number of updated asset objects reloaded before import = 0Number of asset objects unloaded after import = 1

========================================================================
Received Import Request.
  Time since last request: 257.913034 seconds.
  path: Assets/Cielo/Epic_GloriousPink
  artifactKey: Guid(edc1859f6d31046c9936ffb1609fabeb) Importer(2089858483,b0f066a214c2f5e87bad3c948f4d605d)
Start importing Assets/Cielo/Epic_GloriousPink using Guid(edc1859f6d31046c9936ffb1609fabeb) Importer(2089858483,b0f066a214c2f5e87bad3c948f4d605d) (ScriptedImporter) -> (artifact id: 'e9975d68544a477233b0791b7da2ec45') in 0.2932996 seconds
Number of updated asset objects reloaded before import = 0Number of asset objects unloaded after import = 1

========================================================================
Received Import Request.
  Time since last request: 0.000089 seconds.
  path: Assets/Slender/Example/Environment/Standard Assets/Editor/ImageEffects/DepthOfFieldDeprecatedEditor.cs
  artifactKey: Guid(0809da9dce58465ea7c3b921bd982355) Importer(2089858483,b0f066a214c2f5e87bad3c948f4d605d)
Start importing Assets/Slender/Example/Environment/Standard Assets/Editor/ImageEffects/DepthOfFieldDeprecatedEditor.cs using Guid(0809da9dce58465ea7c3b921bd982355) Importer(2089858483,b0f066a214c2f5e87bad3c948f4d605d) (ScriptedImporter) -> (artifact id: '4edb89c2df5d0e700f1d9bc3ced0d56f') in 0.2078846 seconds
Number of updated asset objects reloaded before import = 0Number of asset objects unloaded after import = 0

========================================================================
Received Import Request.
  Time since last request: 0.000047 seconds.
  path: Assets/Cielo/Overcast Low/Sky_AllSky_Overcast4_Low_Cam_5_Down-Y.png
  artifactKey: Guid(4164b771c2b784c2da3cbe10847a182e) Importer(2089858483,b0f066a214c2f5e87bad3c948f4d605d)
Start importing Assets/Cielo/Overcast Low/Sky_AllSky_Overcast4_Low_Cam_5_Down-Y.png using Guid(4164b771c2b784c2da3cbe10847a182e) Importer(2089858483,b0f066a214c2f5e87bad3c948f4d605d) (ScriptedImporter) -> (artifact id: 'a302786a6aa17870280412978301bd64') in 0.2785136 seconds
Number of updated asset objects reloaded before import = 0Number of asset objects unloaded after import = 1

========================================================================
Received Import Request.
  Time since last request: 0.000546 seconds.
  path: Assets/Slender/Example/Environment/Standard Assets/Effects/ImageEffects/Scripts/EdgeDetection.cs
  artifactKey: Guid(a9aba16ed7984954aa37f8084098130e) Importer(2089858483,b0f066a214c2f5e87bad3c948f4d605d)
Start importing Assets/Slender/Example/Environment/Standard Assets/Effects/ImageEffects/Scripts/EdgeDetection.cs using Guid(a9aba16ed7984954aa37f8084098130e) Importer(2089858483,b0f066a214c2f5e87bad3c948f4d605d) (ScriptedImporter) -> (artifact id: '2f4eb7ca3cb43da435eb46382551141a') in 0.01453 seconds
Number of updated asset objects reloaded before import = 0Number of asset objects unloaded after import = 0

========================================================================
Received Import Request.
  Time since last request: 0.000051 seconds.
  path: Assets/Slender/Example/Environment/Standard Assets/Effects/ImageEffects/Scripts/Tonemapping.cs
  artifactKey: Guid(2b1bcc46fdee4be8bfca28edb16056a9) Importer(2089858483,b0f066a214c2f5e87bad3c948f4d605d)
Start importing Assets/Slender/Example/Environment/Standard Assets/Effects/ImageEffects/Scripts/Tonemapping.cs using Guid(2b1bcc46fdee4be8bfca28edb16056a9) Importer(2089858483,b0f066a214c2f5e87bad3c948f4d605d) (ScriptedImporter) -> (artifact id: 'edddeeaacab7302961a06f91a354d581') in 0.0110913 seconds
Number of updated asset objects reloaded before import = 0Number of asset objects unloaded after import = 0

========================================================================
Received Import Request.
  Time since last request: 0.000033 seconds.
  path: Assets/Cielo/Overcast Low/Sky_AllSky_Overcast4_Low_Cam_2_Left+X.png
  artifactKey: Guid(4b922104744dc4f5ab309b556a7677da) Importer(2089858483,b0f066a214c2f5e87bad3c948f4d605d)
Start importing Assets/Cielo/Overcast Low/Sky_AllSky_Overcast4_Low_Cam_2_Left+X.png using Guid(4b922104744dc4f5ab309b556a7677da) Importer(2089858483,b0f066a214c2f5e87bad3c948f4d605d) (ScriptedImporter) -> (artifact id: '55036c640b9a67faa7f792405727c8cb') in 0.0359859 seconds
Number of updated asset objects reloaded before import = 0Number of asset objects unloaded after import = 1

========================================================================
Received Import Request.
  Time since last request: 0.000125 seconds.
  path: Assets/Slender/Example/Environment/Standard Assets/Effects/ImageEffects/Scripts/VignetteAndChromaticAberration.cs
  artifactKey: Guid(d30856bbe84e4506bb487e3ad159a370) Importer(2089858483,b0f066a214c2f5e87bad3c948f4d605d)
Start importing Assets/Slender/Example/Environment/Standard Assets/Effects/ImageEffects/Scripts/VignetteAndChromaticAberration.cs using Guid(d30856bbe84e4506bb487e3ad159a370) Importer(2089858483,b0f066a214c2f5e87bad3c948f4d605d) (ScriptedImporter) -> (artifact id: '7a1268cf350546a54e83b53e74eb984d') in 0.0180457 seconds
Number of updated asset objects reloaded before import = 0Number of asset objects unloaded after import = 0

========================================================================
Received Import Request.
  Time since last request: 0.000196 seconds.
  path: Assets/Slender/Example/Environment/Standard Assets/Effects/ImageEffects/Scripts/ScreenSpaceAmbientObscurance.cs
  artifactKey: Guid(4228e16a36f44be3b185632546a6964f) Importer(2089858483,b0f066a214c2f5e87bad3c948f4d605d)
Start importing Assets/Slender/Example/Environment/Standard Assets/Effects/ImageEffects/Scripts/ScreenSpaceAmbientObscurance.cs using Guid(4228e16a36f44be3b185632546a6964f) Importer(2089858483,b0f066a214c2f5e87bad3c948f4d605d) (ScriptedImporter) -> (artifact id: 'c5f9bb50d11d5e2c2a50b168ec575d41') in 0.0096672 seconds
Number of updated asset objects reloaded before import = 0Number of asset objects unloaded after import = 0

========================================================================
Received Import Request.
  Time since last request: 0.000159 seconds.
  path: Assets/Cielo/Night MoonBurst/Night Moon Burst.unity
  artifactKey: Guid(40af7173f2b2d4f9283c3832d0ebcb31) Importer(2089858483,b0f066a214c2f5e87bad3c948f4d605d)
Start importing Assets/Cielo/Night MoonBurst/Night Moon Burst.unity using Guid(40af7173f2b2d4f9283c3832d0ebcb31) Importer(2089858483,b0f066a214c2f5e87bad3c948f4d605d) (ScriptedImporter) -> (artifact id: 'b7031dd4e0d71bb13998edfa360ede30') in 0.0189086 seconds
Number of updated asset objects reloaded before import = 0Number of asset objects unloaded after import = 1

========================================================================
Received Import Request.
  Time since last request: 0.000111 seconds.
  path: Assets/Slender/Example/Environment/Standard Assets/Effects/ImageEffects/Scripts/TiltShift.cs
  artifactKey: Guid(eab8872486c345b89c8b74eb1b4bd04a) Importer(2089858483,b0f066a214c2f5e87bad3c948f4d605d)
Start importing Assets/Slender/Example/Environment/Standard Assets/Effects/ImageEffects/Scripts/TiltShift.cs using Guid(eab8872486c345b89c8b74eb1b4bd04a) Importer(2089858483,b0f066a214c2f5e87bad3c948f4d605d) (ScriptedImporter) -> (artifact id: '0fbcf6ed838c6dcfee8c8cfe6cc61eee') in 0.0200824 seconds
Number of updated asset objects reloaded before import = 0Number of asset objects unloaded after import = 0

========================================================================
Received Import Request.
  Time since last request: 0.000040 seconds.
  path: Assets/Cielo/_AllSkyFreeDemoEnvironment/Materials
  artifactKey: Guid(d01d162f3fa514c82bb2896086de4bc6) Importer(2089858483,b0f066a214c2f5e87bad3c948f4d605d)
Start importing Assets/Cielo/_AllSkyFreeDemoEnvironment/Materials using Guid(d01d162f3fa514c82bb2896086de4bc6) Importer(2089858483,b0f066a214c2f5e87bad3c948f4d605d) (ScriptedImporter) -> (artifact id: '7eaef92ad15927dfa75170cd3fc50e94') in 0.0176442 seconds
Number of updated asset objects reloaded before import = 0Number of asset objects unloaded after import = 1

========================================================================
Received Import Request.
  Time since last request: 0.000052 seconds.
  path: Assets/Slender/Example/Environment/Scripts/TDControl.cs
  artifactKey: Guid(04b0ca73520e418d81b55d642dfa118a) Importer(2089858483,b0f066a214c2f5e87bad3c948f4d605d)
Start importing Assets/Slender/Example/Environment/Scripts/TDControl.cs using Guid(04b0ca73520e418d81b55d642dfa118a) Importer(2089858483,b0f066a214c2f5e87bad3c948f4d605d) (ScriptedImporter) -> (artifact id: 'b0967915fd59a8f0bc6f5bd11facb32f') in 0.0257072 seconds
Number of updated asset objects reloaded before import = 0Number of asset objects unloaded after import = 0

========================================================================
Received Import Request.
  Time since last request: 0.000028 seconds.
  path: Assets/Cielo/Cold Night
  artifactKey: Guid(5002a90c1ac5742af853cc504426d653) Importer(2089858483,b0f066a214c2f5e87bad3c948f4d605d)
Start importing Assets/Cielo/Cold Night using Guid(5002a90c1ac5742af853cc504426d653) Importer(2089858483,b0f066a214c2f5e87bad3c948f4d605d) (ScriptedImporter) -> (artifact id: 'da77186d17b48856bec758bbabe70d4f') in 0.0069037 seconds
Number of updated asset objects reloaded before import = 0Number of asset objects unloaded after import = 1

========================================================================
Received Import Request.
  Time since last request: 0.000027 seconds.
  path: Assets/Cielo/_AllSkyFreeDemoEnvironment/AllSky_DemoEnvironment_Light.fbx
  artifactKey: Guid(d9ad0f74d68824711bc800186cf63d22) Importer(2089858483,b0f066a214c2f5e87bad3c948f4d605d)
Start importing Assets/Cielo/_AllSkyFreeDemoEnvironment/AllSky_DemoEnvironment_Light.fbx using Guid(d9ad0f74d68824711bc800186cf63d22) Importer(2089858483,b0f066a214c2f5e87bad3c948f4d605d) (ScriptedImporter) -> (artifact id: '3ad7d9b3b85b3fccf2e0ac120ac00ee1') in 0.181305 seconds
Number of updated asset objects reloaded before import = 0Number of asset objects unloaded after import = 9

========================================================================
Received Import Request.
  Time since last request: 0.000056 seconds.
  path: Assets/Cielo/Cold Night/Cold Night__Cam_4_Up+Y.png
  artifactKey: Guid(3d6928c404a7c46c3991bb1b73521d66) Importer(2089858483,b0f066a214c2f5e87bad3c948f4d605d)
Start importing Assets/Cielo/Cold Night/Cold Night__Cam_4_Up+Y.png using Guid(3d6928c404a7c46c3991bb1b73521d66) Importer(2089858483,b0f066a214c2f5e87bad3c948f4d605d) (ScriptedImporter) -> (artifact id: 'fd25ee3f8b225ffa0d2954bd06baf60a') in 0.0263521 seconds
Number of updated asset objects reloaded before import = 0Number of asset objects unloaded after import = 1

========================================================================
Received Import Request.
  Time since last request: 0.000042 seconds.
  path: Assets/Slender/Example/Environment/Standard Assets/Effects/ImageEffects/Scripts
  artifactKey: Guid(eb8dc4ec0849416baaa37c716b011533) Importer(2089858483,b0f066a214c2f5e87bad3c948f4d605d)
Start importing Assets/Slender/Example/Environment/Standard Assets/Effects/ImageEffects/Scripts using Guid(eb8dc4ec0849416baaa37c716b011533) Importer(2089858483,b0f066a214c2f5e87bad3c948f4d605d) (ScriptedImporter) -> (artifact id: '375fb43881a542fcf3161357fe0580bf') in 0.0135635 seconds
Number of updated asset objects reloaded before import = 0Number of asset objects unloaded after import = 1

========================================================================
Received Import Request.
  Time since last request: 0.000043 seconds.
  path: Assets/Slender/Example/Environment/Standard Assets/Editor/ImageEffects/BloomEditor.cs
  artifactKey: Guid(17d3f1d502654167abc2112b69c71bb3) Importer(2089858483,b0f066a214c2f5e87bad3c948f4d605d)
Start importing Assets/Slender/Example/Environment/Standard Assets/Editor/ImageEffects/BloomEditor.cs using Guid(17d3f1d502654167abc2112b69c71bb3) Importer(2089858483,b0f066a214c2f5e87bad3c948f4d605d) (ScriptedImporter) -> (artifact id: '1a53d3bf9a7d392b73134478fa7a058b') in 0.0074685 seconds
Number of updated asset objects reloaded before import = 0Number of asset objects unloaded after import = 0

========================================================================
Received Import Request.
  Time since last request: 0.000077 seconds.
  path: Assets/Slender/Example/Environment/Standard Assets/Editor/ImageEffects/TonemappingEditor.cs
  artifactKey: Guid(417414ab2f654856a8eb6879720992ae) Importer(2089858483,b0f066a214c2f5e87bad3c948f4d605d)
Start importing Assets/Slender/Example/Environment/Standard Assets/Editor/ImageEffects/TonemappingEditor.cs using Guid(417414ab2f654856a8eb6879720992ae) Importer(2089858483,b0f066a214c2f5e87bad3c948f4d605d) (ScriptedImporter) -> (artifact id: 'bf4190b900f3997890d38340389ce7f7') in 0.0188194 seconds
Number of updated asset objects reloaded before import = 0Number of asset objects unloaded after import = 0

========================================================================
Received Import Request.
  Time since last request: 0.000036 seconds.
  path: Assets/Cielo/Epic_GloriousPink/Epic_GloriousPink_Cam_0_Front+Z.png
  artifactKey: Guid(87dff0577f22146db9255e2cf270d6ee) Importer(2089858483,b0f066a214c2f5e87bad3c948f4d605d)
Start importing Assets/Cielo/Epic_GloriousPink/Epic_GloriousPink_Cam_0_Front+Z.png using Guid(87dff0577f22146db9255e2cf270d6ee) Importer(2089858483,b0f066a214c2f5e87bad3c948f4d605d) (ScriptedImporter) -> (artifact id: 'bbb46a4a94897873138e29b2fb4ebfc6') in 0.0194041 seconds
Number of updated asset objects reloaded before import = 0Number of asset objects unloaded after import = 1

========================================================================
Received Import Request.
  Time since last request: 0.000088 seconds.
  path: Assets/Cielo/Deep Dusk/Deep Dusk__Cam_1_Back-Z.png
  artifactKey: Guid(5e2aba0844c5a4c2ca77ba49a1ea08d5) Importer(2089858483,b0f066a214c2f5e87bad3c948f4d605d)
Start importing Assets/Cielo/Deep Dusk/Deep Dusk__Cam_1_Back-Z.png using Guid(5e2aba0844c5a4c2ca77ba49a1ea08d5) Importer(2089858483,b0f066a214c2f5e87bad3c948f4d605d) (ScriptedImporter) -> (artifact id: '14c5cb17801419aa16821bca907d96c4') in 0.0203842 seconds
Number of updated asset objects reloaded before import = 0Number of asset objects unloaded after import = 1

========================================================================
Received Import Request.
  Time since last request: 0.000051 seconds.
  path: Assets/Cielo/_AllSkyFreeDemoEnvironment/Materials/AllSkyDemoEnv_Landscape.mat
  artifactKey: Guid(010dd68491d1d4a1692a6d2272e5cb69) Importer(2089858483,b0f066a214c2f5e87bad3c948f4d605d)
Start importing Assets/Cielo/_AllSkyFreeDemoEnvironment/Materials/AllSkyDemoEnv_Landscape.mat using Guid(010dd68491d1d4a1692a6d2272e5cb69) Importer(2089858483,b0f066a214c2f5e87bad3c948f4d605d) (ScriptedImporter) -> (artifact id: '782035df1422c3971e3ee192ab3cb35e') in 0.0694481 seconds
Number of updated asset objects reloaded before import = 0Number of asset objects unloaded after import = 1

========================================================================
Received Import Request.
  Time since last request: 0.000034 seconds.
  path: Assets/Slender/Example/Environment/Standard Assets/Effects/ImageEffects/Scripts/Quads.cs
  artifactKey: Guid(966506bc399541c997779e698a2842ee) Importer(2089858483,b0f066a214c2f5e87bad3c948f4d605d)
Start importing Assets/Slender/Example/Environment/Standard Assets/Effects/ImageEffects/Scripts/Quads.cs using Guid(966506bc399541c997779e698a2842ee) Importer(2089858483,b0f066a214c2f5e87bad3c948f4d605d) (ScriptedImporter) -> (artifact id: '345ca12ff24cb4af88c45ed2824e34af') in 0.0167187 seconds
Number of updated asset objects reloaded before import = 0Number of asset objects unloaded after import = 0

========================================================================
Received Import Request.
  Time since last request: 0.000044 seconds.
  path: Assets/Slender/Example/Environment/Meshes
  artifactKey: Guid(6ca403c998b843e382c62fe86cb7b2c5) Importer(2089858483,b0f066a214c2f5e87bad3c948f4d605d)
Start importing Assets/Slender/Example/Environment/Meshes using Guid(6ca403c998b843e382c62fe86cb7b2c5) Importer(2089858483,b0f066a214c2f5e87bad3c948f4d605d) (ScriptedImporter) -> (artifact id: 'fd63343fd80c3cea061ab7345369298e') in 0.0178249 seconds
Number of updated asset objects reloaded before import = 0Number of asset objects unloaded after import = 1

========================================================================
Received Import Request.
  Time since last request: 0.000040 seconds.
  path: Assets/Slender/Example/Environment/Standard Assets/Editor/ImageEffects/CameraMotionBlurEditor.cs
  artifactKey: Guid(f7980c2ce243435abba56fccfef37c11) Importer(2089858483,b0f066a214c2f5e87bad3c948f4d605d)
Start importing Assets/Slender/Example/Environment/Standard Assets/Editor/ImageEffects/CameraMotionBlurEditor.cs using Guid(f7980c2ce243435abba56fccfef37c11) Importer(2089858483,b0f066a214c2f5e87bad3c948f4d605d) (ScriptedImporter) -> (artifact id: '1bd9ca986473a603e9a37d3cfbc74f52') in 0.0116641 seconds
Number of updated asset objects reloaded before import = 0Number of asset objects unloaded after import = 0

========================================================================
Received Import Request.
  Time since last request: 0.000097 seconds.
  path: Assets/Slender/Example/Environment/Standard Assets
  artifactKey: Guid(b0710535ba79453da2cce29a8bc31fec) Importer(2089858483,b0f066a214c2f5e87bad3c948f4d605d)
Start importing Assets/Slender/Example/Environment/Standard Assets using Guid(b0710535ba79453da2cce29a8bc31fec) Importer(2089858483,b0f066a214c2f5e87bad3c948f4d605d) (ScriptedImporter) -> (artifact id: '7c9cbbe393d91376f82390e6ec514635') in 0.0060304 seconds
Number of updated asset objects reloaded before import = 0Number of asset objects unloaded after import = 1

========================================================================
Received Import Request.
  Time since last request: 0.000110 seconds.
  path: Assets/Slender/Example/Environment/Standard Assets/Effects/ImageEffects/Scripts/ContrastStretch.cs
  artifactKey: Guid(4278f04d5a434966a4d47419d40adcef) Importer(2089858483,b0f066a214c2f5e87bad3c948f4d605d)
Start importing Assets/Slender/Example/Environment/Standard Assets/Effects/ImageEffects/Scripts/ContrastStretch.cs using Guid(4278f04d5a434966a4d47419d40adcef) Importer(2089858483,b0f066a214c2f5e87bad3c948f4d605d) (ScriptedImporter) -> (artifact id: '5a83e5c2861f968ed88a09b56f1f7282') in 0.0151147 seconds
Number of updated asset objects reloaded before import = 0Number of asset objects unloaded after import = 0

========================================================================
Received Import Request.
  Time since last request: 0.000046 seconds.
  path: Assets/Slender/Example/Environment/Standard Assets/Effects/ImageEffects/Textures
  artifactKey: Guid(5f39908f1f4e44acbf8a87000c67118a) Importer(2089858483,b0f066a214c2f5e87bad3c948f4d605d)
Start importing Assets/Slender/Example/Environment/Standard Assets/Effects/ImageEffects/Textures using Guid(5f39908f1f4e44acbf8a87000c67118a) Importer(2089858483,b0f066a214c2f5e87bad3c948f4d605d) (ScriptedImporter) -> (artifact id: '6f2d4c452ce8ce6b816a4eeb7e2352ad') in 0.0093575 seconds
Number of updated asset objects reloaded before import = 0Number of asset objects unloaded after import = 1

========================================================================
Received Import Request.
  Time since last request: 0.000067 seconds.
  path: Assets/Slender/Example/Environment/Scripts
  artifactKey: Guid(928472f88c52429aa55923e6fc932ac5) Importer(2089858483,b0f066a214c2f5e87bad3c948f4d605d)
Start importing Assets/Slender/Example/Environment/Scripts using Guid(928472f88c52429aa55923e6fc932ac5) Importer(2089858483,b0f066a214c2f5e87bad3c948f4d605d) (ScriptedImporter) -> (artifact id: 'eea4cc253ea8cb447d1f882ecc32eb56') in 0.0102196 seconds
Number of updated asset objects reloaded before import = 0Number of asset objects unloaded after import = 1

========================================================================
Received Import Request.
  Time since last request: 0.000062 seconds.
  path: Assets/Cielo/Night MoonBurst/Night Moon BurstSettings.lighting
  artifactKey: Guid(d97b425c42fb94bd6b9c9ed101dc4078) Importer(2089858483,b0f066a214c2f5e87bad3c948f4d605d)
Start importing Assets/Cielo/Night MoonBurst/Night Moon BurstSettings.lighting using Guid(d97b425c42fb94bd6b9c9ed101dc4078) Importer(2089858483,b0f066a214c2f5e87bad3c948f4d605d) (ScriptedImporter) -> (artifact id: '97b18b880689069d940b38e206d16a07') in 0.0337407 seconds
Number of updated asset objects reloaded before import = 0Number of asset objects unloaded after import = 1

========================================================================
Received Import Request.
  Time since last request: 0.000198 seconds.
  path: Assets/Cielo/_AllSkyFreeDemoEnvironment/Materials/AllSkyDemoEnv_LightIllum.mat
  artifactKey: Guid(ff33c7fce672541f095331a057da80f0) Importer(2089858483,b0f066a214c2f5e87bad3c948f4d605d)
Start importing Assets/Cielo/_AllSkyFreeDemoEnvironment/Materials/AllSkyDemoEnv_LightIllum.mat using Guid(ff33c7fce672541f095331a057da80f0) Importer(2089858483,b0f066a214c2f5e87bad3c948f4d605d) (ScriptedImporter) -> (artifact id: '7ab7663b4a87030f31f419a2cffe1e07') in 0.0225119 seconds
Number of updated asset objects reloaded before import = 0Number of asset objects unloaded after import = 2

========================================================================
Received Import Request.
  Time since last request: 0.000048 seconds.
  path: Assets/Suelo/Materials/Ground Materials/NewLayer.terrainlayer
  artifactKey: Guid(bfd0dfaf2a39ffd45a2aec54a54f3256) Importer(2089858483,b0f066a214c2f5e87bad3c948f4d605d)
Start importing Assets/Suelo/Materials/Ground Materials/NewLayer.terrainlayer using Guid(bfd0dfaf2a39ffd45a2aec54a54f3256) Importer(2089858483,b0f066a214c2f5e87bad3c948f4d605d) (ScriptedImporter) -> (artifact id: 'ccac3ec95dc8d749a2d423e161c032ac') in 0.0129443 seconds
Number of updated asset objects reloaded before import = 0Number of asset objects unloaded after import = 1

========================================================================
Received Import Request.
  Time since last request: 0.000084 seconds.
  path: Assets/Cielo/Night MoonBurst/Materials/AllSky_Night_MoonBurst Equirect.mat
  artifactKey: Guid(802f14d80bd8bcb4bb45f0031e20c87b) Importer(2089858483,b0f066a214c2f5e87bad3c948f4d605d)
Start importing Assets/Cielo/Night MoonBurst/Materials/AllSky_Night_MoonBurst Equirect.mat using Guid(802f14d80bd8bcb4bb45f0031e20c87b) Importer(2089858483,b0f066a214c2f5e87bad3c948f4d605d) (ScriptedImporter) -> (artifact id: 'f3e6ce0b510511bfdd03dd7d875d26c6') in 0.1175896 seconds
Number of updated asset objects reloaded before import = 0Number of asset objects unloaded after import = 2

========================================================================
Received Import Request.
  Time since last request: 0.000068 seconds.
  path: Assets/Cielo/Deep Dusk/Deep Dusk__Cam_0_Front+Z.png
  artifactKey: Guid(5fdaaa9d974104e6d8f9e575170a0c70) Importer(2089858483,b0f066a214c2f5e87bad3c948f4d605d)
Start importing Assets/Cielo/Deep Dusk/Deep Dusk__Cam_0_Front+Z.png using Guid(5fdaaa9d974104e6d8f9e575170a0c70) Importer(2089858483,b0f066a214c2f5e87bad3c948f4d605d) (ScriptedImporter) -> (artifact id: '84fa62ce1653be21c03fca6c4bb89246') in 0.0231713 seconds
Number of updated asset objects reloaded before import = 0Number of asset objects unloaded after import = 1

========================================================================
Received Import Request.
  Time since last request: 0.000095 seconds.
  path: Assets/Cielo/Night MoonBurst/AllSky_Night_MoonBurst Equirect.png
  artifactKey: Guid(34a763168147f4182a21b9fd004d67de) Importer(2089858483,b0f066a214c2f5e87bad3c948f4d605d)
Start importing Assets/Cielo/Night MoonBurst/AllSky_Night_MoonBurst Equirect.png using Guid(34a763168147f4182a21b9fd004d67de) Importer(2089858483,b0f066a214c2f5e87bad3c948f4d605d) (ScriptedImporter) -> (artifact id: '7cbcbac77112639b7ab874ee53ee9f1b') in 0.1544883 seconds
Number of updated asset objects reloaded before import = 0Number of asset objects unloaded after import = 1

========================================================================
Received Import Request.
  Time since last request: 0.000078 seconds.
  path: Assets/Slender/Example/Scene
  artifactKey: Guid(70f160eea27747c3a521ad928983372c) Importer(2089858483,b0f066a214c2f5e87bad3c948f4d605d)
Start importing Assets/Slender/Example/Scene using Guid(70f160eea27747c3a521ad928983372c) Importer(2089858483,b0f066a214c2f5e87bad3c948f4d605d) (ScriptedImporter) -> (artifact id: 'ad2163804a026fd0e28015cb4cd8e126') in 0.021064 seconds
Number of updated asset objects reloaded before import = 0Number of asset objects unloaded after import = 1

========================================================================
Received Import Request.
  Time since last request: 0.000300 seconds.
  path: Assets/Cielo/Deep Dusk/Deep Dusk.mat
  artifactKey: Guid(b4f152e0498484391a9f0d5a1facf03b) Importer(2089858483,b0f066a214c2f5e87bad3c948f4d605d)
Start importing Assets/Cielo/Deep Dusk/Deep Dusk.mat using Guid(b4f152e0498484391a9f0d5a1facf03b) Importer(2089858483,b0f066a214c2f5e87bad3c948f4d605d) (ScriptedImporter) -> (artifact id: '1530540634a6f78d100ff409b85dd702') in 0.2191278 seconds
Number of updated asset objects reloaded before import = 0Number of asset objects unloaded after import = 7

========================================================================
Received Import Request.
  Time since last request: 0.000054 seconds.
  path: Assets/Slender/Example/Environment/Standard Assets/Effects/ImageEffects/Scripts/Twirl.cs
  artifactKey: Guid(22ceb4522c7343be83424dc181eec97a) Importer(2089858483,b0f066a214c2f5e87bad3c948f4d605d)
Start importing Assets/Slender/Example/Environment/Standard Assets/Effects/ImageEffects/Scripts/Twirl.cs using Guid(22ceb4522c7343be83424dc181eec97a) Importer(2089858483,b0f066a214c2f5e87bad3c948f4d605d) (ScriptedImporter) -> (artifact id: 'c63bc5925196b73b62a8e91a2a02abdd') in 0.0102115 seconds
Number of updated asset objects reloaded before import = 0Number of asset objects unloaded after import = 0

========================================================================
Received Import Request.
  Time since last request: 0.000064 seconds.
  path: Assets/Cielo/Night MoonBurst/Night Moon Burst_Cam_2_Left+X.png
  artifactKey: Guid(c35d875303c454b9a8acaae0f7800313) Importer(2089858483,b0f066a214c2f5e87bad3c948f4d605d)
Start importing Assets/Cielo/Night MoonBurst/Night Moon Burst_Cam_2_Left+X.png using Guid(c35d875303c454b9a8acaae0f7800313) Importer(2089858483,b0f066a214c2f5e87bad3c948f4d605d) (ScriptedImporter) -> (artifact id: '19976ffcd3ab52499a528d9253799c97') in 0.0336487 seconds
Number of updated asset objects reloaded before import = 0Number of asset objects unloaded after import = 1

========================================================================
Received Import Request.
  Time since last request: 0.000076 seconds.
  path: Assets/Cielo/Cold Night/Cold Night__Cam_0_Front+Z.png
  artifactKey: Guid(aad96e1c2baf24d3499e2ea1426ab824) Importer(2089858483,b0f066a214c2f5e87bad3c948f4d605d)
Start importing Assets/Cielo/Cold Night/Cold Night__Cam_0_Front+Z.png using Guid(aad96e1c2baf24d3499e2ea1426ab824) Importer(2089858483,b0f066a214c2f5e87bad3c948f4d605d) (ScriptedImporter) -> (artifact id: '480be964dd0dd424ff91fffb907f900b') in 0.0363344 seconds
Number of updated asset objects reloaded before import = 0Number of asset objects unloaded after import = 1

========================================================================
Received Import Request.
  Time since last request: 0.000062 seconds.
  path: Assets/Cielo/Epic_GloriousPink/Epic_GloriousPink_Cam_3_Right-X.png
  artifactKey: Guid(938f8444195114ab791cdba8f627e3e7) Importer(2089858483,b0f066a214c2f5e87bad3c948f4d605d)
Start importing Assets/Cielo/Epic_GloriousPink/Epic_GloriousPink_Cam_3_Right-X.png using Guid(938f8444195114ab791cdba8f627e3e7) Importer(2089858483,b0f066a214c2f5e87bad3c948f4d605d) (ScriptedImporter) -> (artifact id: '3f3d45d7d61b2b85f01fa75e438f9fa9') in 0.0386246 seconds
Number of updated asset objects reloaded before import = 0Number of asset objects unloaded after import = 1

========================================================================
Received Import Request.
  Time since last request: 0.000107 seconds.
  path: Assets/Slender/Example/Environment/Standard Assets/Effects/ImageEffects/Scripts/Fisheye.cs
  artifactKey: Guid(e96bf2bd6e4a41b3ae41fa674269a3f2) Importer(2089858483,b0f066a214c2f5e87bad3c948f4d605d)
Start importing Assets/Slender/Example/Environment/Standard Assets/Effects/ImageEffects/Scripts/Fisheye.cs using Guid(e96bf2bd6e4a41b3ae41fa674269a3f2) Importer(2089858483,b0f066a214c2f5e87bad3c948f4d605d) (ScriptedImporter) -> (artifact id: '5a49289c260273fbe9e7a4304171439f') in 0.0156871 seconds
Number of updated asset objects reloaded before import = 0Number of asset objects unloaded after import = 0

========================================================================
Received Import Request.
  Time since last request: 0.000052 seconds.
  path: Assets/Slender/Example/Environment/Standard Assets/Effects/ImageEffects/Shaders/_Antialiasing
  artifactKey: Guid(2c0469017a4e4c40aa0a158c4d26c01e) Importer(2089858483,b0f066a214c2f5e87bad3c948f4d605d)
Start importing Assets/Slender/Example/Environment/Standard Assets/Effects/ImageEffects/Shaders/_Antialiasing using Guid(2c0469017a4e4c40aa0a158c4d26c01e) Importer(2089858483,b0f066a214c2f5e87bad3c948f4d605d) (ScriptedImporter) -> (artifact id: 'df6619a097e93b43c1cdc7110d95ef64') in 0.0116249 seconds
Number of updated asset objects reloaded before import = 0Number of asset objects unloaded after import = 1

========================================================================
Received Import Request.
  Time since last request: 0.000041 seconds.
  path: Assets/Slender/Example/Environment/Materials
  artifactKey: Guid(8a161f665f0841c4b91ab6809ca3e415) Importer(2089858483,b0f066a214c2f5e87bad3c948f4d605d)
Start importing Assets/Slender/Example/Environment/Materials using Guid(8a161f665f0841c4b91ab6809ca3e415) Importer(2089858483,b0f066a214c2f5e87bad3c948f4d605d) (ScriptedImporter) -> (artifact id: 'ef5597ba09287b354f0f73b4b4301d80') in 0.008416 seconds
Number of updated asset objects reloaded before import = 0Number of asset objects unloaded after import = 1

========================================================================
Received Import Request.
  Time since last request: 0.000051 seconds.
  path: Assets/Slender/Example/Environment/Standard Assets/Effects/ImageEffects/Shaders/ContrastComposite.shader
  artifactKey: Guid(90879401b6754f668c88077db905237b) Importer(2089858483,b0f066a214c2f5e87bad3c948f4d605d)
Start importing Assets/Slender/Example/Environment/Standard Assets/Effects/ImageEffects/Shaders/ContrastComposite.shader using Guid(90879401b6754f668c88077db905237b) Importer(2089858483,b0f066a214c2f5e87bad3c948f4d605d) (ScriptedImporter) -> (artifact id: 'f232c283b9dd7a0deb2ad0360904db5f') in 0.0519821 seconds
Number of updated asset objects reloaded before import = 0Number of asset objects unloaded after import = 1

========================================================================
Received Import Request.
  Time since last request: 0.000064 seconds.
  path: Assets/Slender/Example/Environment/Standard Assets/Effects/ImageEffects/Shaders/MotionBlurClear.shader
  artifactKey: Guid(ed50a791e4144026b4cc8be898092a95) Importer(2089858483,b0f066a214c2f5e87bad3c948f4d605d)
Start importing Assets/Slender/Example/Environment/Standard Assets/Effects/ImageEffects/Shaders/MotionBlurClear.shader using Guid(ed50a791e4144026b4cc8be898092a95) Importer(2089858483,b0f066a214c2f5e87bad3c948f4d605d) (ScriptedImporter) -> (artifact id: '044a33a55ba8967f6c2a079f6aebaf2d') in 0.0162457 seconds
Number of updated asset objects reloaded before import = 0Number of asset objects unloaded after import = 1

========================================================================
Received Import Request.
  Time since last request: 0.000028 seconds.
  path: Assets/Slender/Example/Environment/Standard Assets/Effects/ImageEffects/Textures/Neutral3D16.png
  artifactKey: Guid(e100698067da47af80b7006b404a2441) Importer(2089858483,b0f066a214c2f5e87bad3c948f4d605d)
Start importing Assets/Slender/Example/Environment/Standard Assets/Effects/ImageEffects/Textures/Neutral3D16.png using Guid(e100698067da47af80b7006b404a2441) Importer(2089858483,b0f066a214c2f5e87bad3c948f4d605d) (ScriptedImporter) -> (artifact id: '09c13f94feccbe24f15dd8883c647e77') in 0.0268711 seconds
Number of updated asset objects reloaded before import = 0Number of asset objects unloaded after import = 1

========================================================================
Received Import Request.
  Time since last request: 0.000061 seconds.
  path: Assets/Slender/Example/Environment/Standard Assets/Effects/ImageEffects/Shaders/_BloomAndFlares/BrightPassFilter2.shader
  artifactKey: Guid(3cb70021c7914b2080abd457180f7af5) Importer(2089858483,b0f066a214c2f5e87bad3c948f4d605d)
Start importing Assets/Slender/Example/Environment/Standard Assets/Effects/ImageEffects/Shaders/_BloomAndFlares/BrightPassFilter2.shader using Guid(3cb70021c7914b2080abd457180f7af5) Importer(2089858483,b0f066a214c2f5e87bad3c948f4d605d) (ScriptedImporter) -> (artifact id: '6933c17caf74446646c1774b4f8e820e') in 0.0123809 seconds
Number of updated asset objects reloaded before import = 0Number of asset objects unloaded after import = 1

========================================================================
Received Import Request.
  Time since last request: 0.000228 seconds.
  path: Assets/Cielo/Overcast Low/Sky_AllSky_Overcast4_Low_Cam_1_Back-Z.png
  artifactKey: Guid(4efb8fd75703d43cab6f01b240a7c945) Importer(2089858483,b0f066a214c2f5e87bad3c948f4d605d)
Start importing Assets/Cielo/Overcast Low/Sky_AllSky_Overcast4_Low_Cam_1_Back-Z.png using Guid(4efb8fd75703d43cab6f01b240a7c945) Importer(2089858483,b0f066a214c2f5e87bad3c948f4d605d) (ScriptedImporter) -> (artifact id: '55daafa1915bed97eee4cc18ee313c14') in 0.0265654 seconds
Number of updated asset objects reloaded before import = 0Number of asset objects unloaded after import = 1

========================================================================
Received Import Request.
  Time since last request: 0.000089 seconds.
  path: Assets/Slender/Slender/Materials/Suit N.png
  artifactKey: Guid(ac338ef17ccf4962a93184bfa0ca89e4) Importer(2089858483,b0f066a214c2f5e87bad3c948f4d605d)
Start importing Assets/Slender/Slender/Materials/Suit N.png using Guid(ac338ef17ccf4962a93184bfa0ca89e4) Importer(2089858483,b0f066a214c2f5e87bad3c948f4d605d) (ScriptedImporter) -> (artifact id: '07ade706cdbe941cacf8499346a034f2') in 0.0315763 seconds
Number of updated asset objects reloaded before import = 0Number of asset objects unloaded after import = 1

========================================================================
Received Import Request.
  Time since last request: 0.000051 seconds.
  path: Assets/Slender/Example/Environment/Standard Assets/Effects/ImageEffects/Shaders/frag_ao.cginc
  artifactKey: Guid(1717f602e66f491783eefd96b5e7a5f8) Importer(2089858483,b0f066a214c2f5e87bad3c948f4d605d)
Start importing Assets/Slender/Example/Environment/Standard Assets/Effects/ImageEffects/Shaders/frag_ao.cginc using Guid(1717f602e66f491783eefd96b5e7a5f8) Importer(2089858483,b0f066a214c2f5e87bad3c948f4d605d) (ScriptedImporter) -> (artifact id: '720a807b2782dd56d7492cb5f9189198') in 0.0263676 seconds
Number of updated asset objects reloaded before import = 0Number of asset objects unloaded after import = 1

========================================================================
Received Import Request.
  Time since last request: 0.000029 seconds.
  path: Assets/Cielo/Epic_GloriousPink/Epic_GloriousPink.mat
  artifactKey: Guid(8b7dd0809c7c6498789fa32a61eaa6cb) Importer(2089858483,b0f066a214c2f5e87bad3c948f4d605d)
Start importing Assets/Cielo/Epic_GloriousPink/Epic_GloriousPink.mat using Guid(8b7dd0809c7c6498789fa32a61eaa6cb) Importer(2089858483,b0f066a214c2f5e87bad3c948f4d605d) (ScriptedImporter) -> (artifact id: '99d0bd6ff301f4628c7ec25f1771ca9c') in 0.0719376 seconds
Number of updated asset objects reloaded before import = 0Number of asset objects unloaded after import = 7

========================================================================
Received Import Request.
  Time since last request: 0.000101 seconds.
  path: Assets/Slender/Example/Environment/Standard Assets/Effects/ImageEffects/Shaders/VignettingShader.shader
  artifactKey: Guid(3e9b9b51c89a4525a99a707c67e1ce39) Importer(2089858483,b0f066a214c2f5e87bad3c948f4d605d)
Start importing Assets/Slender/Example/Environment/Standard Assets/Effects/ImageEffects/Shaders/VignettingShader.shader using Guid(3e9b9b51c89a4525a99a707c67e1ce39) Importer(2089858483,b0f066a214c2f5e87bad3c948f4d605d) (ScriptedImporter) -> (artifact id: '28d9ce18011a951fe2d494fbea5a7ea3') in 0.0150747 seconds
Number of updated asset objects reloaded before import = 0Number of asset objects unloaded after import = 1

========================================================================
Received Import Request.
  Time since last request: 0.000055 seconds.
  path: Assets/Slender/Example/Environment/Standard Assets/Effects/ImageEffects/Shaders/Contrast Stretch
  artifactKey: Guid(c037282f9a664ef58ea69fc6601efeb4) Importer(2089858483,b0f066a214c2f5e87bad3c948f4d605d)
Start importing Assets/Slender/Example/Environment/Standard Assets/Effects/ImageEffects/Shaders/Contrast Stretch using Guid(c037282f9a664ef58ea69fc6601efeb4) Importer(2089858483,b0f066a214c2f5e87bad3c948f4d605d) (ScriptedImporter) -> (artifact id: 'b13c2782ee7fd9ebc3e3146f22a40e03') in 0.0146193 seconds
Number of updated asset objects reloaded before import = 0Number of asset objects unloaded after import = 1

========================================================================
Received Import Request.
  Time since last request: 0.000057 seconds.
  path: Assets/Slender/Slender/Animations/Scream.anim
  artifactKey: Guid(675feb54590544dc81a97ce2e1b8bd56) Importer(2089858483,b0f066a214c2f5e87bad3c948f4d605d)
Start importing Assets/Slender/Slender/Animations/Scream.anim using Guid(675feb54590544dc81a97ce2e1b8bd56) Importer(2089858483,b0f066a214c2f5e87bad3c948f4d605d) (ScriptedImporter) -> (artifact id: '5a6d9013fcfc6ccc96d0cf6355102f3c') in 0.1866008 seconds
Number of updated asset objects reloaded before import = 0Number of asset objects unloaded after import = 1

========================================================================
Received Import Request.
  Time since last request: 0.000058 seconds.
  path: Assets/Slender/Slender/Materials/Clotch.png
  artifactKey: Guid(f79b34d3a02e47729fadf30f27c0fcf7) Importer(2089858483,b0f066a214c2f5e87bad3c948f4d605d)
Start importing Assets/Slender/Slender/Materials/Clotch.png using Guid(f79b34d3a02e47729fadf30f27c0fcf7) Importer(2089858483,b0f066a214c2f5e87bad3c948f4d605d) (ScriptedImporter) -> (artifact id: 'ed65040c6bc644d454599b8c0190cc20') in 0.0102968 seconds
Number of updated asset objects reloaded before import = 0Number of asset objects unloaded after import = 1

========================================================================
Received Import Request.
  Time since last request: 0.000065 seconds.
  path: Assets/Slender/Example/Environment/Standard Assets/Effects/ImageEffects/Shaders/CameraMotionBlur.shader
  artifactKey: Guid(fceb0b44d6084f7da40611b1020e898b) Importer(2089858483,b0f066a214c2f5e87bad3c948f4d605d)
Start importing Assets/Slender/Example/Environment/Standard Assets/Effects/ImageEffects/Shaders/CameraMotionBlur.shader using Guid(fceb0b44d6084f7da40611b1020e898b) Importer(2089858483,b0f066a214c2f5e87bad3c948f4d605d) (ScriptedImporter) -> (artifact id: 'd328a34afb704e89335bac11f93307e4') in 0.0167646 seconds
Number of updated asset objects reloaded before import = 0Number of asset objects unloaded after import = 1

========================================================================
Received Import Request.
  Time since last request: 0.000060 seconds.
  path: Assets/Cielo/Deep Dusk/Deep DuskSettings.lighting
  artifactKey: Guid(689228fde573240fcb33862ad7a03930) Importer(2089858483,b0f066a214c2f5e87bad3c948f4d605d)
Start importing Assets/Cielo/Deep Dusk/Deep DuskSettings.lighting using Guid(689228fde573240fcb33862ad7a03930) Importer(2089858483,b0f066a214c2f5e87bad3c948f4d605d) (ScriptedImporter) -> (artifact id: '0856e8b33e2c62718f4206325e1336b2') in 0.0107467 seconds
Number of updated asset objects reloaded before import = 0Number of asset objects unloaded after import = 1

========================================================================
Received Import Request.
  Time since last request: 0.000032 seconds.
  path: Assets/Cielo/Overcast Low/AllSky_Overcast4_Low.mat
  artifactKey: Guid(f2b5f3f20933f434e850db1b710542fd) Importer(2089858483,b0f066a214c2f5e87bad3c948f4d605d)
Start importing Assets/Cielo/Overcast Low/AllSky_Overcast4_Low.mat using Guid(f2b5f3f20933f434e850db1b710542fd) Importer(2089858483,b0f066a214c2f5e87bad3c948f4d605d) (ScriptedImporter) -> (artifact id: '63b22577aaed478906d55d15a81e9fdc') in 0.0654926 seconds
Number of updated asset objects reloaded before import = 0Number of asset objects unloaded after import = 7

========================================================================
Received Import Request.
  Time since last request: 0.000113 seconds.
  path: Assets/Slender/Example/Environment/Standard Assets/Effects/ImageEffects/Textures/color correction ramp.png
  artifactKey: Guid(13aa259463eb405380b2716c235fb838) Importer(2089858483,b0f066a214c2f5e87bad3c948f4d605d)
Start importing Assets/Slender/Example/Environment/Standard Assets/Effects/ImageEffects/Textures/color correction ramp.png using Guid(13aa259463eb405380b2716c235fb838) Importer(2089858483,b0f066a214c2f5e87bad3c948f4d605d) (ScriptedImporter) -> (artifact id: '282234649dce7875231eb06588d672ca') in 0.0263111 seconds
Number of updated asset objects reloaded before import = 0Number of asset objects unloaded after import = 1

========================================================================
Received Import Request.
  Time since last request: 0.000098 seconds.
  path: Assets/Slender/Example/Environment/Standard Assets/Effects/ImageEffects/Shaders/_DepthOfField/DepthOfFieldScatter.shader
  artifactKey: Guid(6b82cef470fb47b8a9b0a1e9286e35c3) Importer(2089858483,b0f066a214c2f5e87bad3c948f4d605d)
Start importing Assets/Slender/Example/Environment/Standard Assets/Effects/ImageEffects/Shaders/_DepthOfField/DepthOfFieldScatter.shader using Guid(6b82cef470fb47b8a9b0a1e9286e35c3) Importer(2089858483,b0f066a214c2f5e87bad3c948f4d605d) (ScriptedImporter) -> (artifact id: 'd33c9764a1aab1c505811f9dee332d48') in 0.0445027 seconds
Number of updated asset objects reloaded before import = 0Number of asset objects unloaded after import = 1

========================================================================
Received Import Request.
  Time since last request: 0.000052 seconds.
  path: Assets/Slender/Example/Environment/Standard Assets/Effects/ImageEffects/Scripts/GlobalFog.cs
  artifactKey: Guid(bcf7afb4ab2b41d2bc85db6109c3df14) Importer(2089858483,b0f066a214c2f5e87bad3c948f4d605d)
Start importing Assets/Slender/Example/Environment/Standard Assets/Effects/ImageEffects/Scripts/GlobalFog.cs using Guid(bcf7afb4ab2b41d2bc85db6109c3df14) Importer(2089858483,b0f066a214c2f5e87bad3c948f4d605d) (ScriptedImporter) -> (artifact id: '503199704d54e0625287d14ba814ed0e') in 0.010544 seconds
Number of updated asset objects reloaded before import = 0Number of asset objects unloaded after import = 0

========================================================================
Received Import Request.
  Time since last request: 0.000141 seconds.
  path: Assets/Cielo/Overcast Low/Sky_AllSky_Overcast4_Low_Cam_0_Front+Z.png
  artifactKey: Guid(402fe3aa91fba453f92dd3bbe820dbd9) Importer(2089858483,b0f066a214c2f5e87bad3c948f4d605d)
Start importing Assets/Cielo/Overcast Low/Sky_AllSky_Overcast4_Low_Cam_0_Front+Z.png using Guid(402fe3aa91fba453f92dd3bbe820dbd9) Importer(2089858483,b0f066a214c2f5e87bad3c948f4d605d) (ScriptedImporter) -> (artifact id: 'f3246ff346ff2f3df34a73f56d52a2a6') in 0.0221035 seconds
Number of updated asset objects reloaded before import = 0Number of asset objects unloaded after import = 1

========================================================================
Received Import Request.
  Time since last request: 0.000060 seconds.
  path: Assets/Cielo/Night MoonBurst/Night Moon Burst_Cam_3_Right-X.png
  artifactKey: Guid(8e462a9bf0b1941148e4318e741d7b09) Importer(2089858483,b0f066a214c2f5e87bad3c948f4d605d)
Start importing Assets/Cielo/Night MoonBurst/Night Moon Burst_Cam_3_Right-X.png using Guid(8e462a9bf0b1941148e4318e741d7b09) Importer(2089858483,b0f066a214c2f5e87bad3c948f4d605d) (ScriptedImporter) -> (artifact id: '1f87b73f96d0045862e06d0e686be52a') in 0.0234358 seconds
Number of updated asset objects reloaded before import = 0Number of asset objects unloaded after import = 1

========================================================================
Received Import Request.
  Time since last request: 0.000061 seconds.
  path: Assets/Slender/Example/Environment/Standard Assets/Effects/ImageEffects/Shaders/NoiseEffectShaderRGB.shader
  artifactKey: Guid(c9e63cb53c8d40b69bc7d00cb7ab2ff4) Importer(2089858483,b0f066a214c2f5e87bad3c948f4d605d)
Start importing Assets/Slender/Example/Environment/Standard Assets/Effects/ImageEffects/Shaders/NoiseEffectShaderRGB.shader using Guid(c9e63cb53c8d40b69bc7d00cb7ab2ff4) Importer(2089858483,b0f066a214c2f5e87bad3c948f4d605d) (ScriptedImporter) -> (artifact id: '00c99665d10698787708eba981ad0ba8') in 0.0268025 seconds
Number of updated asset objects reloaded before import = 0Number of asset objects unloaded after import = 1

========================================================================
Received Import Request.
  Time since last request: 0.000051 seconds.
  path: Assets/Slender/Example/Environment/Standard Assets/Effects/ImageEffects/Shaders/GlobalFog.shader
  artifactKey: Guid(a87098063def4da2b0587381c176ac03) Importer(2089858483,b0f066a214c2f5e87bad3c948f4d605d)
Start importing Assets/Slender/Example/Environment/Standard Assets/Effects/ImageEffects/Shaders/GlobalFog.shader using Guid(a87098063def4da2b0587381c176ac03) Importer(2089858483,b0f066a214c2f5e87bad3c948f4d605d) (ScriptedImporter) -> (artifact id: '4242a12f7bed478072fd879626b0a6bd') in 0.011117 seconds
Number of updated asset objects reloaded before import = 0Number of asset objects unloaded after import = 1

========================================================================
Received Import Request.
  Time since last request: 0.000045 seconds.
  path: Assets/Cielo/_AllSkyFreeDemoEnvironment/Materials/TreeLeaves.mat
  artifactKey: Guid(c55e0a2db5a65f440bd1ad534e790f30) Importer(2089858483,b0f066a214c2f5e87bad3c948f4d605d)
Start importing Assets/Cielo/_AllSkyFreeDemoEnvironment/Materials/TreeLeaves.mat using Guid(c55e0a2db5a65f440bd1ad534e790f30) Importer(2089858483,b0f066a214c2f5e87bad3c948f4d605d) (ScriptedImporter) -> (artifact id: '108e2a5466547d053122c85801b88a3c') in 0.0123944 seconds
Number of updated asset objects reloaded before import = 0Number of asset objects unloaded after import = 1

========================================================================
Received Import Request.
  Time since last request: 0.000038 seconds.
  path: Assets/Slender/Example/Environment/Standard Assets/Effects/ImageEffects/Shaders/_BloomAndFlares
  artifactKey: Guid(b5e13560108b4501a630f670df6b0e70) Importer(2089858483,b0f066a214c2f5e87bad3c948f4d605d)
Start importing Assets/Slender/Example/Environment/Standard Assets/Effects/ImageEffects/Shaders/_BloomAndFlares using Guid(b5e13560108b4501a630f670df6b0e70) Importer(2089858483,b0f066a214c2f5e87bad3c948f4d605d) (ScriptedImporter) -> (artifact id: '11777b3b50e3ec0c69f78a100985d881') in 0.0116974 seconds
Number of updated asset objects reloaded before import = 0Number of asset objects unloaded after import = 1

========================================================================
Received Import Request.
  Time since last request: 0.000092 seconds.
  path: Assets/Slender/Example/Environment/Standard Assets/Effects/ImageEffects/Shaders/_Antialiasing/DLAA.shader
  artifactKey: Guid(e3694b2018d547c3b37af7946a0f9934) Importer(2089858483,b0f066a214c2f5e87bad3c948f4d605d)
Start importing Assets/Slender/Example/Environment/Standard Assets/Effects/ImageEffects/Shaders/_Antialiasing/DLAA.shader using Guid(e3694b2018d547c3b37af7946a0f9934) Importer(2089858483,b0f066a214c2f5e87bad3c948f4d605d) (ScriptedImporter) -> (artifact id: 'b95c195d842aa811fe1ae1053105e522') in 0.015543 seconds
Number of updated asset objects reloaded before import = 0Number of asset objects unloaded after import = 1

========================================================================
Received Import Request.
  Time since last request: 0.000045 seconds.
  path: Assets/Slender/Example/Environment/Standard Assets/Effects/ImageEffects/Scripts/ImageEffectBase.cs
  artifactKey: Guid(f34e0f5182d54fd99fff983c41c4772d) Importer(2089858483,b0f066a214c2f5e87bad3c948f4d605d)
Start importing Assets/Slender/Example/Environment/Standard Assets/Effects/ImageEffects/Scripts/ImageEffectBase.cs using Guid(f34e0f5182d54fd99fff983c41c4772d) Importer(2089858483,b0f066a214c2f5e87bad3c948f4d605d) (ScriptedImporter) -> (artifact id: 'ec08ab49e49b4a29e7854fbb74ce3de6') in 0.0099586 seconds
Number of updated asset objects reloaded before import = 0Number of asset objects unloaded after import = 0

========================================================================
Received Import Request.
  Time since last request: 0.000057 seconds.
  path: Assets/Slender/Example/Environment/Standard Assets/Effects/ImageEffects/Shaders/TwirlEffect.shader
  artifactKey: Guid(b85feab6cdf548ed97e3e34b2973e4f0) Importer(2089858483,b0f066a214c2f5e87bad3c948f4d605d)
Start importing Assets/Slender/Example/Environment/Standard Assets/Effects/ImageEffects/Shaders/TwirlEffect.shader using Guid(b85feab6cdf548ed97e3e34b2973e4f0) Importer(2089858483,b0f066a214c2f5e87bad3c948f4d605d) (ScriptedImporter) -> (artifact id: '76115d3fc3fbcaf857fcaad5454d13cb') in 0.0274526 seconds
Number of updated asset objects reloaded before import = 0Number of asset objects unloaded after import = 1

========================================================================
Received Import Request.
  Time since last request: 0.000093 seconds.
  path: Assets/Slender/Example/Environment/Standard Assets/Effects/ImageEffects/Shaders/ColorCorrectionEffect.shader
  artifactKey: Guid(2f403209abd54d12ac8c5ac9f1144d1e) Importer(2089858483,b0f066a214c2f5e87bad3c948f4d605d)
Start importing Assets/Slender/Example/Environment/Standard Assets/Effects/ImageEffects/Shaders/ColorCorrectionEffect.shader using Guid(2f403209abd54d12ac8c5ac9f1144d1e) Importer(2089858483,b0f066a214c2f5e87bad3c948f4d605d) (ScriptedImporter) -> (artifact id: 'a7a02f9bac078746d09402c892aebed1') in 0.0183459 seconds
Number of updated asset objects reloaded before import = 0Number of asset objects unloaded after import = 1

========================================================================
Received Import Request.
  Time since last request: 0.000071 seconds.
  path: Assets/Slender/Slender/Prefab/Slender.prefab
  artifactKey: Guid(c0ec2cd63f93487d92d6623d393c83ba) Importer(2089858483,b0f066a214c2f5e87bad3c948f4d605d)
Start importing Assets/Slender/Slender/Prefab/Slender.prefab using Guid(c0ec2cd63f93487d92d6623d393c83ba) Importer(2089858483,b0f066a214c2f5e87bad3c948f4d605d) (ScriptedImporter) -> (artifact id: '0afb8efe52dfa8f20948d5fd612331bd') in 0.1790636 seconds
Number of updated asset objects reloaded before import = 0Number of asset objects unloaded after import = 190

========================================================================
Received Import Request.
  Time since last request: 0.000078 seconds.
  path: Assets/Slender/Example/Environment/Standard Assets/Effects/ImageEffects/Shaders/ColorCorrectionCurves.shader
  artifactKey: Guid(291c2e9677b249e39279600a9cbd2755) Importer(2089858483,b0f066a214c2f5e87bad3c948f4d605d)
Start importing Assets/Slender/Example/Environment/Standard Assets/Effects/ImageEffects/Shaders/ColorCorrectionCurves.shader using Guid(291c2e9677b249e39279600a9cbd2755) Importer(2089858483,b0f066a214c2f5e87bad3c948f4d605d) (ScriptedImporter) -> (artifact id: 'a1fe5fee916f7cbd98f325592af9f582') in 0.0171361 seconds
Number of updated asset objects reloaded before import = 0Number of asset objects unloaded after import = 1

========================================================================
Received Import Request.
  Time since last request: 0.000086 seconds.
  path: Assets/Slender/Readme.txt
  artifactKey: Guid(3d332b791d304c5a8a83051d750bb90e) Importer(2089858483,b0f066a214c2f5e87bad3c948f4d605d)
Start importing Assets/Slender/Readme.txt using Guid(3d332b791d304c5a8a83051d750bb90e) Importer(2089858483,b0f066a214c2f5e87bad3c948f4d605d) (ScriptedImporter) -> (artifact id: '1b0f36d71a3d289fcbaffbd447105571') in 0.0093221 seconds
Number of updated asset objects reloaded before import = 0Number of asset objects unloaded after import = 1

========================================================================
Received Import Request.
  Time since last request: 0.000078 seconds.
  path: Assets/Slender/Example/Environment/Standard Assets/Effects/ImageEffects/Shaders/_Antialiasing/SSAA.shader
  artifactKey: Guid(192a50c98dd84b729f699ae2085fe4b6) Importer(2089858483,b0f066a214c2f5e87bad3c948f4d605d)
Start importing Assets/Slender/Example/Environment/Standard Assets/Effects/ImageEffects/Shaders/_Antialiasing/SSAA.shader using Guid(192a50c98dd84b729f699ae2085fe4b6) Importer(2089858483,b0f066a214c2f5e87bad3c948f4d605d) (ScriptedImporter) -> (artifact id: '3de5c2332980331ef3691dc7884b3f56') in 0.0100739 seconds
Number of updated asset objects reloaded before import = 0Number of asset objects unloaded after import = 1

========================================================================
Received Import Request.
  Time since last request: 0.000046 seconds.
  path: Assets/Slender/Example/Environment/Standard Assets/Effects/ImageEffects/Shaders/_DepthOfField/TiltShiftHdrLensBlur.shader
  artifactKey: Guid(87a0c46987a84a72952319955abedbaa) Importer(2089858483,b0f066a214c2f5e87bad3c948f4d605d)
Start importing Assets/Slender/Example/Environment/Standard Assets/Effects/ImageEffects/Shaders/_DepthOfField/TiltShiftHdrLensBlur.shader using Guid(87a0c46987a84a72952319955abedbaa) Importer(2089858483,b0f066a214c2f5e87bad3c948f4d605d) (ScriptedImporter) -> (artifact id: '2357a311d8418db4d7eed3215e74f95a') in 0.0197969 seconds
Number of updated asset objects reloaded before import = 0Number of asset objects unloaded after import = 1

========================================================================
Received Import Request.
  Time since last request: 0.000068 seconds.
  path: Assets/Slender/Example/Scene/Example.unity
  artifactKey: Guid(810bd709cb3740f1b178a3210c8bb8ed) Importer(2089858483,b0f066a214c2f5e87bad3c948f4d605d)
Start importing Assets/Slender/Example/Scene/Example.unity using Guid(810bd709cb3740f1b178a3210c8bb8ed) Importer(2089858483,b0f066a214c2f5e87bad3c948f4d605d) (ScriptedImporter) -> (artifact id: '6c0dd7fe3728801ce78604b034d206be') in 0.0318395 seconds
Number of updated asset objects reloaded before import = 0Number of asset objects unloaded after import = 1

========================================================================
Received Import Request.
  Time since last request: 0.000092 seconds.
  path: Assets/Cielo/Night MoonBurst/Night Moon Burst.mat
  artifactKey: Guid(c494c335823f54b52b2e87e1b7a63a23) Importer(2089858483,b0f066a214c2f5e87bad3c948f4d605d)
Start importing Assets/Cielo/Night MoonBurst/Night Moon Burst.mat using Guid(c494c335823f54b52b2e87e1b7a63a23) Importer(2089858483,b0f066a214c2f5e87bad3c948f4d605d) (ScriptedImporter) -> (artifact id: '32c12fc89bcc553f8f1255bbc2b1a381') in 0.0504564 seconds
Number of updated asset objects reloaded before import = 0Number of asset objects unloaded after import = 7

========================================================================
Received Import Request.
  Time since last request: 0.000049 seconds.
  path: Assets/Slender/Example/Environment/Standard Assets/Effects/ImageEffects/Shaders/MotionBlur.shader
  artifactKey: Guid(0b253bcab4ef43cb91203807da9a9b9a) Importer(2089858483,b0f066a214c2f5e87bad3c948f4d605d)
Start importing Assets/Slender/Example/Environment/Standard Assets/Effects/ImageEffects/Shaders/MotionBlur.shader using Guid(0b253bcab4ef43cb91203807da9a9b9a) Importer(2089858483,b0f066a214c2f5e87bad3c948f4d605d) (ScriptedImporter) -> (artifact id: '8d21ca3e4c64cefcfba09e022b1bdb38') in 0.0132359 seconds
Number of updated asset objects reloaded before import = 0Number of asset objects unloaded after import = 1

========================================================================
Received Import Request.
  Time since last request: 0.000061 seconds.
  path: Assets/Slender/Example/Environment/Standard Assets/Effects/ImageEffects/Shaders/_Antialiasing/NFAA.shader
  artifactKey: Guid(a967873b663f4b8da0831112df454c17) Importer(2089858483,b0f066a214c2f5e87bad3c948f4d605d)
Start importing Assets/Slender/Example/Environment/Standard Assets/Effects/ImageEffects/Shaders/_Antialiasing/NFAA.shader using Guid(a967873b663f4b8da0831112df454c17) Importer(2089858483,b0f066a214c2f5e87bad3c948f4d605d) (ScriptedImporter) -> (artifact id: '0760681edb60b7032dd814c983d66c7f') in 0.0093021 seconds
Number of updated asset objects reloaded before import = 0Number of asset objects unloaded after import = 1

========================================================================
Received Import Request.
  Time since last request: 0.000068 seconds.
  path: Assets/Slender/Example/Environment/Standard Assets/Effects/ImageEffects/Textures/VignetteMask.png
  artifactKey: Guid(0910f75b572745c59e95e500ce2de632) Importer(2089858483,b0f066a214c2f5e87bad3c948f4d605d)
Start importing Assets/Slender/Example/Environment/Standard Assets/Effects/ImageEffects/Textures/VignetteMask.png using Guid(0910f75b572745c59e95e500ce2de632) Importer(2089858483,b0f066a214c2f5e87bad3c948f4d605d) (ScriptedImporter) -> (artifact id: 'd1f96b2745933ce5aa5542d6faecf1cb') in 0.0098541 seconds
Number of updated asset objects reloaded before import = 0Number of asset objects unloaded after import = 1

========================================================================
Received Import Request.
  Time since last request: 0.000073 seconds.
  path: Assets/Slender/Slender/Materials/Suit M.png
  artifactKey: Guid(3b02f6321f0140498e33abab3524f622) Importer(2089858483,b0f066a214c2f5e87bad3c948f4d605d)
Start importing Assets/Slender/Slender/Materials/Suit M.png using Guid(3b02f6321f0140498e33abab3524f622) Importer(2089858483,b0f066a214c2f5e87bad3c948f4d605d) (ScriptedImporter) -> (artifact id: 'cd89a4d420ccfcd1a7c0e1e6a54cb0d4') in 0.0166997 seconds
Number of updated asset objects reloaded before import = 0Number of asset objects unloaded after import = 1

========================================================================
Received Import Request.
  Time since last request: 0.000073 seconds.
  path: Assets/Slender/Example/Environment/Standard Assets/Effects/ImageEffects/Scripts/ColorCorrectionCurves.cs
  artifactKey: Guid(a4ca9b3a6d434feb8adad46e65443f9d) Importer(2089858483,b0f066a214c2f5e87bad3c948f4d605d)
Start importing Assets/Slender/Example/Environment/Standard Assets/Effects/ImageEffects/Scripts/ColorCorrectionCurves.cs using Guid(a4ca9b3a6d434feb8adad46e65443f9d) Importer(2089858483,b0f066a214c2f5e87bad3c948f4d605d) (ScriptedImporter) -> (artifact id: 'c2d0709e3de030c65fb9f1646a66f1cb') in 0.0069091 seconds
Number of updated asset objects reloaded before import = 0Number of asset objects unloaded after import = 0

========================================================================
Received Import Request.
  Time since last request: 0.000038 seconds.
  path: Assets/Slender/Slender/Materials/Suit A.png
  artifactKey: Guid(b0b741b45a5444b69ced01ecf2173fd4) Importer(2089858483,b0f066a214c2f5e87bad3c948f4d605d)
Start importing Assets/Slender/Slender/Materials/Suit A.png using Guid(b0b741b45a5444b69ced01ecf2173fd4) Importer(2089858483,b0f066a214c2f5e87bad3c948f4d605d) (ScriptedImporter) -> (artifact id: 'c76d958f57298c04602416076ad8686d') in 0.0163545 seconds
Number of updated asset objects reloaded before import = 0Number of asset objects unloaded after import = 1

========================================================================
Received Import Request.
  Time since last request: 0.000031 seconds.
  path: Assets/Cielo/_AllSkyFreeDemoEnvironment/Materials/AllSkyDemoEnv_FlagGreen.mat
  artifactKey: Guid(0acfc71c325c54b92add0b07097b6c57) Importer(2089858483,b0f066a214c2f5e87bad3c948f4d605d)
Start importing Assets/Cielo/_AllSkyFreeDemoEnvironment/Materials/AllSkyDemoEnv_FlagGreen.mat using Guid(0acfc71c325c54b92add0b07097b6c57) Importer(2089858483,b0f066a214c2f5e87bad3c948f4d605d) (ScriptedImporter) -> (artifact id: 'fbd48a216a83ddeaea48fc3f81cfeb7a') in 0.0097604 seconds
Number of updated asset objects reloaded before import = 0Number of asset objects unloaded after import = 1

========================================================================
Received Import Request.
  Time since last request: 0.000058 seconds.
  path: Assets/Cielo/Cold Night/Materials/Cold Night Equirect.mat
  artifactKey: Guid(b1adefcfdce9b8e489163b060af54d89) Importer(2089858483,b0f066a214c2f5e87bad3c948f4d605d)
Start importing Assets/Cielo/Cold Night/Materials/Cold Night Equirect.mat using Guid(b1adefcfdce9b8e489163b060af54d89) Importer(2089858483,b0f066a214c2f5e87bad3c948f4d605d) (ScriptedImporter) -> (artifact id: 'd6bbfc78ad15ad11168a529e74c9ef42') in 0.0859118 seconds
Number of updated asset objects reloaded before import = 0Number of asset objects unloaded after import = 2

========================================================================
Received Import Request.
  Time since last request: 0.000066 seconds.
  path: Assets/Cielo/Epic_GloriousPink/Epic_GloriousPink.unity
  artifactKey: Guid(a6ac75420f93c4fa99b35113a21e4eff) Importer(2089858483,b0f066a214c2f5e87bad3c948f4d605d)
Start importing Assets/Cielo/Epic_GloriousPink/Epic_GloriousPink.unity using Guid(a6ac75420f93c4fa99b35113a21e4eff) Importer(2089858483,b0f066a214c2f5e87bad3c948f4d605d) (ScriptedImporter) -> (artifact id: '770a61e148e2affc9eba217b291eece2') in 0.011285 seconds
Number of updated asset objects reloaded before import = 0Number of asset objects unloaded after import = 1

========================================================================
Received Import Request.
  Time since last request: 0.000028 seconds.
  path: Assets/Slender/Example/Environment/Standard Assets/Effects/ImageEffects/Scripts/PostEffectsHelper.cs
  artifactKey: Guid(08c91621bec046ceb0cc181af08434cd) Importer(2089858483,b0f066a214c2f5e87bad3c948f4d605d)
Start importing Assets/Slender/Example/Environment/Standard Assets/Effects/ImageEffects/Scripts/PostEffectsHelper.cs using Guid(08c91621bec046ceb0cc181af08434cd) Importer(2089858483,b0f066a214c2f5e87bad3c948f4d605d) (ScriptedImporter) -> (artifact id: '4882c6052e59ed49006942ac2c090c62') in 0.0055573 seconds
Number of updated asset objects reloaded before import = 0Number of asset objects unloaded after import = 0

========================================================================
Received Import Request.
  Time since last request: 0.000027 seconds.
  path: Assets/Cielo/Deep Dusk/Deep Dusk.unity
  artifactKey: Guid(c8a48d1a6bbea47e981602e288f19742) Importer(2089858483,b0f066a214c2f5e87bad3c948f4d605d)
Start importing Assets/Cielo/Deep Dusk/Deep Dusk.unity using Guid(c8a48d1a6bbea47e981602e288f19742) Importer(2089858483,b0f066a214c2f5e87bad3c948f4d605d) (ScriptedImporter) -> (artifact id: '1afb0e24a04428a9d64fc12ba9252180') in 0.0078123 seconds
Number of updated asset objects reloaded before import = 0Number of asset objects unloaded after import = 1

========================================================================
Received Import Request.
  Time since last request: 0.000037 seconds.
  path: Assets/Slender/Example/Environment/Standard Assets/Editor/ImageEffects/NoiseAndGrainEditor.cs
  artifactKey: Guid(ab640b90397e46c59ba25e52e7647199) Importer(2089858483,b0f066a214c2f5e87bad3c948f4d605d)
Start importing Assets/Slender/Example/Environment/Standard Assets/Editor/ImageEffects/NoiseAndGrainEditor.cs using Guid(ab640b90397e46c59ba25e52e7647199) Importer(2089858483,b0f066a214c2f5e87bad3c948f4d605d) (ScriptedImporter) -> (artifact id: '2281075e514821be1f6c8849c8e09227') in 0.0106549 seconds
Number of updated asset objects reloaded before import = 0Number of asset objects unloaded after import = 0

========================================================================
Received Import Request.
  Time since last request: 0.000045 seconds.
  path: Assets/Slender/Example/Environment/Standard Assets/Effects/ImageEffects/Shaders/_Antialiasing/FXAAPreset3.shader
  artifactKey: Guid(9904fc0308b5407fbf8baf6c3cd98d84) Importer(2089858483,b0f066a214c2f5e87bad3c948f4d605d)
Start importing Assets/Slender/Example/Environment/Standard Assets/Effects/ImageEffects/Shaders/_Antialiasing/FXAAPreset3.shader using Guid(9904fc0308b5407fbf8baf6c3cd98d84) Importer(2089858483,b0f066a214c2f5e87bad3c948f4d605d) (ScriptedImporter) -> (artifact id: '8cf525c844a4f018b1b3689269bb03c7') in 0.0131083 seconds
Number of updated asset objects reloaded before import = 0Number of asset objects unloaded after import = 2

========================================================================
Received Import Request.
  Time since last request: 0.000034 seconds.
  path: Assets/Slender/Slender/Animations/Walk.anim
  artifactKey: Guid(ae9933e0bfa84c979f1bdeaa09ba9e8e) Importer(2089858483,b0f066a214c2f5e87bad3c948f4d605d)
Start importing Assets/Slender/Slender/Animations/Walk.anim using Guid(ae9933e0bfa84c979f1bdeaa09ba9e8e) Importer(2089858483,b0f066a214c2f5e87bad3c948f4d605d) (ScriptedImporter) -> (artifact id: '5be62cac250cb79d3b26ac32e6a30b3d') in 0.0175309 seconds
Number of updated asset objects reloaded before import = 0Number of asset objects unloaded after import = 1

========================================================================
Received Import Request.
  Time since last request: 0.000052 seconds.
  path: Assets/Slender/Example/Environment/Standard Assets/Effects/ImageEffects/Scripts/Triangles.cs
  artifactKey: Guid(d5fabb4213344fecb4952ae8a0be9054) Importer(2089858483,b0f066a214c2f5e87bad3c948f4d605d)
Start importing Assets/Slender/Example/Environment/Standard Assets/Effects/ImageEffects/Scripts/Triangles.cs using Guid(d5fabb4213344fecb4952ae8a0be9054) Importer(2089858483,b0f066a214c2f5e87bad3c948f4d605d) (ScriptedImporter) -> (artifact id: 'c30a75cd596f1f296985c58beb5fdce3') in 0.0075814 seconds
Number of updated asset objects reloaded before import = 0Number of asset objects unloaded after import = 0

========================================================================
Received Import Request.
  Time since last request: 0.000048 seconds.
  path: Assets/Slender/Example/Environment
  artifactKey: Guid(6d61ec9821714a95a179bf363df1c7e8) Importer(2089858483,b0f066a214c2f5e87bad3c948f4d605d)
Start importing Assets/Slender/Example/Environment using Guid(6d61ec9821714a95a179bf363df1c7e8) Importer(2089858483,b0f066a214c2f5e87bad3c948f4d605d) (ScriptedImporter) -> (artifact id: 'c7e067fdbcb85a18d6e0006c12330796') in 0.0056942 seconds
Number of updated asset objects reloaded before import = 0Number of asset objects unloaded after import = 1

========================================================================
Received Import Request.
  Time since last request: 0.000067 seconds.
  path: Assets/Cielo/Epic_GloriousPink/Epic_GloriousPinkSettings.lighting
  artifactKey: Guid(c035446abf3fb47a4b49159462271fa6) Importer(2089858483,b0f066a214c2f5e87bad3c948f4d605d)
Start importing Assets/Cielo/Epic_GloriousPink/Epic_GloriousPinkSettings.lighting using Guid(c035446abf3fb47a4b49159462271fa6) Importer(2089858483,b0f066a214c2f5e87bad3c948f4d605d) (ScriptedImporter) -> (artifact id: '7d08e43058f157c6c2dcef2b28b56227') in 0.0110354 seconds
Number of updated asset objects reloaded before import = 0Number of asset objects unloaded after import = 1

========================================================================
Received Import Request.
  Time since last request: 0.000048 seconds.
  path: Assets/Cielo/_AllSkyFreeDemoEnvironment/Materials/AllSkyDemoEnv_LightMetal.mat
  artifactKey: Guid(3e33a38e2349f447d9fb9ae62269009c) Importer(2089858483,b0f066a214c2f5e87bad3c948f4d605d)
Start importing Assets/Cielo/_AllSkyFreeDemoEnvironment/Materials/AllSkyDemoEnv_LightMetal.mat using Guid(3e33a38e2349f447d9fb9ae62269009c) Importer(2089858483,b0f066a214c2f5e87bad3c948f4d605d) (ScriptedImporter) -> (artifact id: '41786f89da91d16560a7e458a746e012') in 0.0115909 seconds
Number of updated asset objects reloaded before import = 0Number of asset objects unloaded after import = 1

========================================================================
Received Import Request.
  Time since last request: 0.000034 seconds.
  path: Assets/Cielo/Epic_GloriousPink/Epic_GloriousPink_Cam_4_Up+Y.png
  artifactKey: Guid(c3e1d31cf8ef742ad8aed75a1fdaff49) Importer(2089858483,b0f066a214c2f5e87bad3c948f4d605d)
Start importing Assets/Cielo/Epic_GloriousPink/Epic_GloriousPink_Cam_4_Up+Y.png using Guid(c3e1d31cf8ef742ad8aed75a1fdaff49) Importer(2089858483,b0f066a214c2f5e87bad3c948f4d605d) (ScriptedImporter) -> (artifact id: 'c0c7435fbb877b073549b72101ff8b1d') in 0.0237401 seconds
Number of updated asset objects reloaded before import = 0Number of asset objects unloaded after import = 1

========================================================================
Received Import Request.
  Time since last request: 0.000077 seconds.
  path: Assets/Cielo/Night MoonBurst/AllSky_Night_MoonBurst Equirect.mat
  artifactKey: Guid(51b74d7bad397457d883c5940f7664d8) Importer(2089858483,b0f066a214c2f5e87bad3c948f4d605d)
Start importing Assets/Cielo/Night MoonBurst/AllSky_Night_MoonBurst Equirect.mat using Guid(51b74d7bad397457d883c5940f7664d8) Importer(2089858483,b0f066a214c2f5e87bad3c948f4d605d) (ScriptedImporter) -> (artifact id: '32f306819714e71ab189b3a53935a9ff') in 0.0679059 seconds
Number of updated asset objects reloaded before import = 0Number of asset objects unloaded after import = 2

========================================================================
Received Import Request.
  Time since last request: 0.000088 seconds.
  path: Assets/Cielo/Epic_GloriousPink/Epic_GloriousPink_Cam_1_Back-Z.png
  artifactKey: Guid(8e7251cff63ea413db367d2893f57bf6) Importer(2089858483,b0f066a214c2f5e87bad3c948f4d605d)
Start importing Assets/Cielo/Epic_GloriousPink/Epic_GloriousPink_Cam_1_Back-Z.png using Guid(8e7251cff63ea413db367d2893f57bf6) Importer(2089858483,b0f066a214c2f5e87bad3c948f4d605d) (ScriptedImporter) -> (artifact id: 'a9cc6db890250cdc132674c5f86a72bb') in 0.0282692 seconds
Number of updated asset objects reloaded before import = 0Number of asset objects unloaded after import = 1

========================================================================
Received Import Request.
  Time since last request: 0.000052 seconds.
  path: Assets/Slender/Example/Environment/Standard Assets/Effects/ImageEffects/Scripts/ScreenSpaceAmbientOcclusion.cs
  artifactKey: Guid(334220a0270f4bbbb0d5630673a20786) Importer(2089858483,b0f066a214c2f5e87bad3c948f4d605d)
Start importing Assets/Slender/Example/Environment/Standard Assets/Effects/ImageEffects/Scripts/ScreenSpaceAmbientOcclusion.cs using Guid(334220a0270f4bbbb0d5630673a20786) Importer(2089858483,b0f066a214c2f5e87bad3c948f4d605d) (ScriptedImporter) -> (artifact id: '461ecc426a4828c40428676e320758a0') in 0.0054496 seconds
Number of updated asset objects reloaded before import = 0Number of asset objects unloaded after import = 0

========================================================================
Received Import Request.
  Time since last request: 0.000044 seconds.
  path: Assets/Cielo/_AllSkyFreeDemoEnvironment/Materials/rock.mat
  artifactKey: Guid(85d0d7cdf877f6448bd19ffa5a7f8815) Importer(2089858483,b0f066a214c2f5e87bad3c948f4d605d)
Start importing Assets/Cielo/_AllSkyFreeDemoEnvironment/Materials/rock.mat using Guid(85d0d7cdf877f6448bd19ffa5a7f8815) Importer(2089858483,b0f066a214c2f5e87bad3c948f4d605d) (ScriptedImporter) -> (artifact id: '85b019e4ecd9a5916c0f0131d1dbdbd2') in 0.0068008 seconds
Number of updated asset objects reloaded before import = 0Number of asset objects unloaded after import = 1

========================================================================
Received Import Request.
  Time since last request: 0.000051 seconds.
  path: Assets/Slender/Slender/Materials/T S.png
  artifactKey: Guid(9502b565478e4f579e198200d0cbdd85) Importer(2089858483,b0f066a214c2f5e87bad3c948f4d605d)
Start importing Assets/Slender/Slender/Materials/T S.png using Guid(9502b565478e4f579e198200d0cbdd85) Importer(2089858483,b0f066a214c2f5e87bad3c948f4d605d) (ScriptedImporter) -> (artifact id: '513f6fe245ce35504fd427027cef4a6e') in 0.0119623 seconds
Number of updated asset objects reloaded before import = 0Number of asset objects unloaded after import = 1

========================================================================
Received Import Request.
  Time since last request: 0.000062 seconds.
  path: Assets/Slender/Example/Environment/Materials/AlphaCutoff.shader
  artifactKey: Guid(6e5331f3ebfc4ae08508c11975c46388) Importer(2089858483,b0f066a214c2f5e87bad3c948f4d605d)
Start importing Assets/Slender/Example/Environment/Materials/AlphaCutoff.shader using Guid(6e5331f3ebfc4ae08508c11975c46388) Importer(2089858483,b0f066a214c2f5e87bad3c948f4d605d) (ScriptedImporter) -> (artifact id: '0bbcb76b95f07612eb3616a3d23aa9a1') in 0.0193554 seconds
Number of updated asset objects reloaded before import = 0Number of asset objects unloaded after import = 1

========================================================================
Received Import Request.
  Time since last request: 0.000041 seconds.
  path: Assets/Slender/Example/Environment/Standard Assets/Effects/ImageEffects/Shaders/SSAOShader.shader
  artifactKey: Guid(df188ae90bc0429aa719e6d5276e9c60) Importer(2089858483,b0f066a214c2f5e87bad3c948f4d605d)
Start importing Assets/Slender/Example/Environment/Standard Assets/Effects/ImageEffects/Shaders/SSAOShader.shader using Guid(df188ae90bc0429aa719e6d5276e9c60) Importer(2089858483,b0f066a214c2f5e87bad3c948f4d605d) (ScriptedImporter) -> (artifact id: 'cac6a007eb40fcc4bfd72173af94ec5c') in 0.0081527 seconds
Number of updated asset objects reloaded before import = 0Number of asset objects unloaded after import = 1

========================================================================
Received Import Request.
  Time since last request: 0.000049 seconds.
  path: Assets/Slender/Example/Environment/Standard Assets/Effects/ImageEffects/Scripts/Grayscale.cs
  artifactKey: Guid(d48a1e38bc754e7993b893fa1ebc17e9) Importer(2089858483,b0f066a214c2f5e87bad3c948f4d605d)
Start importing Assets/Slender/Example/Environment/Standard Assets/Effects/ImageEffects/Scripts/Grayscale.cs using Guid(d48a1e38bc754e7993b893fa1ebc17e9) Importer(2089858483,b0f066a214c2f5e87bad3c948f4d605d) (ScriptedImporter) -> (artifact id: '1237a1d92ab4d5767fee9a86c5d9091e') in 0.0133019 seconds
Number of updated asset objects reloaded before import = 0Number of asset objects unloaded after import = 0

========================================================================
Received Import Request.
  Time since last request: 0.000040 seconds.
  path: Assets/Cielo/Deep Dusk/Deep Dusk__Cam_2_Left+X.png
  artifactKey: Guid(519e05b7b3cd14409b4a22d07660cfc8) Importer(2089858483,b0f066a214c2f5e87bad3c948f4d605d)
Start importing Assets/Cielo/Deep Dusk/Deep Dusk__Cam_2_Left+X.png using Guid(519e05b7b3cd14409b4a22d07660cfc8) Importer(2089858483,b0f066a214c2f5e87bad3c948f4d605d) (ScriptedImporter) -> (artifact id: '08a68606ff006afba4bb0ee885123e70') in 0.0262288 seconds
Number of updated asset objects reloaded before import = 0Number of asset objects unloaded after import = 1

========================================================================
Received Import Request.
  Time since last request: 0.000047 seconds.
  path: Assets/Slender/Example/Environment/Standard Assets/Effects/ImageEffects/Textures/NoiseAndGrain.png
  artifactKey: Guid(f7ec5b9d299d4aa78ca1dbb82957a85f) Importer(2089858483,b0f066a214c2f5e87bad3c948f4d605d)
Start importing Assets/Slender/Example/Environment/Standard Assets/Effects/ImageEffects/Textures/NoiseAndGrain.png using Guid(f7ec5b9d299d4aa78ca1dbb82957a85f) Importer(2089858483,b0f066a214c2f5e87bad3c948f4d605d) (ScriptedImporter) -> (artifact id: 'd669d625638ca224790e281c02cb2a4a') in 0.0159671 seconds
Number of updated asset objects reloaded before import = 0Number of asset objects unloaded after import = 1

========================================================================
Received Import Request.
  Time since last request: 0.000094 seconds.
  path: Assets/Slender/Example/Environment/Standard Assets/Effects/ImageEffects/Textures/RandomVectors.png
  artifactKey: Guid(5b8a53dcf7d44150909052b828d2401d) Importer(2089858483,b0f066a214c2f5e87bad3c948f4d605d)
Start importing Assets/Slender/Example/Environment/Standard Assets/Effects/ImageEffects/Textures/RandomVectors.png using Guid(5b8a53dcf7d44150909052b828d2401d) Importer(2089858483,b0f066a214c2f5e87bad3c948f4d605d) (ScriptedImporter) -> (artifact id: '681053bdfe481323839d8449b0154301') in 0.0349497 seconds
Number of updated asset objects reloaded before import = 0Number of asset objects unloaded after import = 1

========================================================================
Received Import Request.
  Time since last request: 0.000046 seconds.
  path: Assets/Slender/Example/Environment/Standard Assets/Effects/ImageEffects/Shaders/Contrast Stretch/Adaptation.shader
  artifactKey: Guid(4ee7085fd3884123a396a12b7d167b28) Importer(2089858483,b0f066a214c2f5e87bad3c948f4d605d)
Start importing Assets/Slender/Example/Environment/Standard Assets/Effects/ImageEffects/Shaders/Contrast Stretch/Adaptation.shader using Guid(4ee7085fd3884123a396a12b7d167b28) Importer(2089858483,b0f066a214c2f5e87bad3c948f4d605d) (ScriptedImporter) -> (artifact id: '37a725a8bee2752d8ab607b99fc59906') in 0.0153093 seconds
Number of updated asset objects reloaded before import = 0Number of asset objects unloaded after import = 1

========================================================================
Received Import Request.
  Time since last request: 0.000159 seconds.
  path: Assets/Slender/Example/Environment/Materials/Grass.mat
  artifactKey: Guid(01fa885d265f42108489fbccce2f8ba5) Importer(2089858483,b0f066a214c2f5e87bad3c948f4d605d)
Start importing Assets/Slender/Example/Environment/Materials/Grass.mat using Guid(01fa885d265f42108489fbccce2f8ba5) Importer(2089858483,b0f066a214c2f5e87bad3c948f4d605d) (ScriptedImporter) -> (artifact id: '88ada688e4bb4d2eaee0ce53667ec240') in 0.029669 seconds
Number of updated asset objects reloaded before import = 0Number of asset objects unloaded after import = 4

========================================================================
Received Import Request.
  Time since last request: 0.000072 seconds.
  path: Assets/Slender/Example/Environment/Standard Assets/Effects/ImageEffects/Shaders/_BloomAndFlares/LensFlareCreate.shader
  artifactKey: Guid(55d1c16e16a5477c9da0e4c4252fb39b) Importer(2089858483,b0f066a214c2f5e87bad3c948f4d605d)
Start importing Assets/Slender/Example/Environment/Standard Assets/Effects/ImageEffects/Shaders/_BloomAndFlares/LensFlareCreate.shader using Guid(55d1c16e16a5477c9da0e4c4252fb39b) Importer(2089858483,b0f066a214c2f5e87bad3c948f4d605d) (ScriptedImporter) -> (artifact id: '7a1e3ae4d86107228bdc97208b583de4') in 0.080267 seconds
Number of updated asset objects reloaded before import = 0Number of asset objects unloaded after import = 1

========================================================================
Received Import Request.
  Time since last request: 0.000040 seconds.
  path: Assets/Slender/Example/Environment/Standard Assets/Effects/ImageEffects/Shaders/_DepthOfField/Bokeh34.shader
  artifactKey: Guid(e5a2a8fde5c94f8bbcb56989e01ffb86) Importer(2089858483,b0f066a214c2f5e87bad3c948f4d605d)
Start importing Assets/Slender/Example/Environment/Standard Assets/Effects/ImageEffects/Shaders/_DepthOfField/Bokeh34.shader using Guid(e5a2a8fde5c94f8bbcb56989e01ffb86) Importer(2089858483,b0f066a214c2f5e87bad3c948f4d605d) (ScriptedImporter) -> (artifact id: '3d4446638611443a68c141274291ab38') in 0.0104959 seconds
Number of updated asset objects reloaded before import = 0Number of asset objects unloaded after import = 1

========================================================================
Received Import Request.
  Time since last request: 0.000048 seconds.
  path: Assets/Slender/Example/Environment/Materials/Logo 0.mat
  artifactKey: Guid(69d7d07c2c464d519732cbf076e48248) Importer(2089858483,b0f066a214c2f5e87bad3c948f4d605d)
Start importing Assets/Slender/Example/Environment/Materials/Logo 0.mat using Guid(69d7d07c2c464d519732cbf076e48248) Importer(2089858483,b0f066a214c2f5e87bad3c948f4d605d) (ScriptedImporter) -> (artifact id: '632cf753283b004c29bbd5da16741065') in 0.0116018 seconds
Number of updated asset objects reloaded before import = 0Number of asset objects unloaded after import = 2

========================================================================
Received Import Request.
  Time since last request: 0.000032 seconds.
  path: Assets/Slender/Slender/Materials/Materials/Suit A 1.mat
  artifactKey: Guid(0d0fa71e05cdfac42bb010523557d35b) Importer(2089858483,b0f066a214c2f5e87bad3c948f4d605d)
Start importing Assets/Slender/Slender/Materials/Materials/Suit A 1.mat using Guid(0d0fa71e05cdfac42bb010523557d35b) Importer(2089858483,b0f066a214c2f5e87bad3c948f4d605d) (ScriptedImporter) -> (artifact id: 'a2885878cee85c5ef725185c158b6b9c') in 0.0115711 seconds
Number of updated asset objects reloaded before import = 0Number of asset objects unloaded after import = 2

========================================================================
Received Import Request.
  Time since last request: 0.000037 seconds.
  path: Assets/Slender/Example/Environment/Standard Assets/Effects/ImageEffects/Textures/SphereShape.psd
  artifactKey: Guid(e0a7e37c03cc4ce0b0700850f9fdcf45) Importer(2089858483,b0f066a214c2f5e87bad3c948f4d605d)
Start importing Assets/Slender/Example/Environment/Standard Assets/Effects/ImageEffects/Textures/SphereShape.psd using Guid(e0a7e37c03cc4ce0b0700850f9fdcf45) Importer(2089858483,b0f066a214c2f5e87bad3c948f4d605d) (ScriptedImporter) -> (artifact id: 'ad152f0d35bf0d229b3feccbf0d3fad1') in 0.009942 seconds
Number of updated asset objects reloaded before import = 0Number of asset objects unloaded after import = 1

========================================================================
Received Import Request.
  Time since last request: 0.000029 seconds.
  path: Assets/Slender/Example/Environment/Standard Assets/Effects/ImageEffects/Shaders/ScreenSpaceAmbientObscurance.shader
  artifactKey: Guid(cb8900ef7b854e35a7a3c5e349792455) Importer(2089858483,b0f066a214c2f5e87bad3c948f4d605d)
Start importing Assets/Slender/Example/Environment/Standard Assets/Effects/ImageEffects/Shaders/ScreenSpaceAmbientObscurance.shader using Guid(cb8900ef7b854e35a7a3c5e349792455) Importer(2089858483,b0f066a214c2f5e87bad3c948f4d605d) (ScriptedImporter) -> (artifact id: 'bbe15000ff2e7372b40bd59168c452a4') in 0.0084354 seconds
Number of updated asset objects reloaded before import = 0Number of asset objects unloaded after import = 1

========================================================================
Received Import Request.
  Time since last request: 0.000032 seconds.
  path: Assets/Slender/Example/Environment/Standard Assets/Effects/ImageEffects/Shaders/NoiseAndGrainDX11.shader
  artifactKey: Guid(eae3c8eb91c442029b682d6e7a4a232b) Importer(2089858483,b0f066a214c2f5e87bad3c948f4d605d)
Start importing Assets/Slender/Example/Environment/Standard Assets/Effects/ImageEffects/Shaders/NoiseAndGrainDX11.shader using Guid(eae3c8eb91c442029b682d6e7a4a232b) Importer(2089858483,b0f066a214c2f5e87bad3c948f4d605d) (ScriptedImporter) -> (artifact id: '73a89ababcb0abfa7ffa63e734788ac9') in 0.0135804 seconds
Number of updated asset objects reloaded before import = 0Number of asset objects unloaded after import = 1

========================================================================
Received Import Request.
  Time since last request: 0.000048 seconds.
  path: Assets/Slender/Slender/Materials/Materials/Suit A.mat
  artifactKey: Guid(fd9610cf12a1dd54d8eda8a46d9ad0a4) Importer(2089858483,b0f066a214c2f5e87bad3c948f4d605d)
Start importing Assets/Slender/Slender/Materials/Materials/Suit A.mat using Guid(fd9610cf12a1dd54d8eda8a46d9ad0a4) Importer(2089858483,b0f066a214c2f5e87bad3c948f4d605d) (ScriptedImporter) -> (artifact id: 'de04522870a3c9106b54bcd106f31dcd') in 0.0099485 seconds
Number of updated asset objects reloaded before import = 0Number of asset objects unloaded after import = 2

========================================================================
Received Import Request.
  Time since last request: 0.000036 seconds.
  path: Assets/Slender/Example/Environment/Standard Assets/Effects/ImageEffects/Shaders/_Antialiasing/FXAAPreset2.shader
  artifactKey: Guid(2514c13d50ae4f908898b6c3e17ff18e) Importer(2089858483,b0f066a214c2f5e87bad3c948f4d605d)
Start importing Assets/Slender/Example/Environment/Standard Assets/Effects/ImageEffects/Shaders/_Antialiasing/FXAAPreset2.shader using Guid(2514c13d50ae4f908898b6c3e17ff18e) Importer(2089858483,b0f066a214c2f5e87bad3c948f4d605d) (ScriptedImporter) -> (artifact id: '9e4f61724cf71c6aa20b2f51ceff2735') in 0.0083742 seconds
Number of updated asset objects reloaded before import = 0Number of asset objects unloaded after import = 2

========================================================================
Received Import Request.
  Time since last request: 0.000036 seconds.
  path: Assets/Slender/Example/Environment/Standard Assets/Effects/ImageEffects/Shaders/ShowAlphaChannel.shader
  artifactKey: Guid(d0ccccbf41f0444b8343c060cecf4a00) Importer(2089858483,b0f066a214c2f5e87bad3c948f4d605d)
Start importing Assets/Slender/Example/Environment/Standard Assets/Effects/ImageEffects/Shaders/ShowAlphaChannel.shader using Guid(d0ccccbf41f0444b8343c060cecf4a00) Importer(2089858483,b0f066a214c2f5e87bad3c948f4d605d) (ScriptedImporter) -> (artifact id: '90d774f1d38e6bb2e15a7595c8e2d74c') in 0.0124388 seconds
Number of updated asset objects reloaded before import = 0Number of asset objects unloaded after import = 1

========================================================================
Received Import Request.
  Time since last request: 0.000040 seconds.
  path: Assets/Slender/Example/Environment/Standard Assets/Effects/ImageEffects/Textures/HexShape.psd
  artifactKey: Guid(7251702aa6bb4f4fb19ff470fda37a37) Importer(2089858483,b0f066a214c2f5e87bad3c948f4d605d)
Start importing Assets/Slender/Example/Environment/Standard Assets/Effects/ImageEffects/Textures/HexShape.psd using Guid(7251702aa6bb4f4fb19ff470fda37a37) Importer(2089858483,b0f066a214c2f5e87bad3c948f4d605d) (ScriptedImporter) -> (artifact id: 'b99b8fe17176d5bad7253ebc671b6d8c') in 0.021293 seconds
Number of updated asset objects reloaded before import = 0Number of asset objects unloaded after import = 1

========================================================================
Received Import Request.
  Time since last request: 0.000067 seconds.
  path: Assets/Slender/Example/Environment/Standard Assets/Effects/ImageEffects/Shaders/ConvertDepth.shader
  artifactKey: Guid(d6dcc532296c4a37abfdeb79f111348b) Importer(2089858483,b0f066a214c2f5e87bad3c948f4d605d)
Start importing Assets/Slender/Example/Environment/Standard Assets/Effects/ImageEffects/Shaders/ConvertDepth.shader using Guid(d6dcc532296c4a37abfdeb79f111348b) Importer(2089858483,b0f066a214c2f5e87bad3c948f4d605d) (ScriptedImporter) -> (artifact id: 'c5b8ed1d3b69da4228d0e0b8cfa4b255') in 0.0104122 seconds
Number of updated asset objects reloaded before import = 0Number of asset objects unloaded after import = 1

========================================================================
Received Import Request.
  Time since last request: 0.000055 seconds.
  path: Assets/Slender/Slender/Materials/T N.png
  artifactKey: Guid(c3f28436c0864551aecc61c04f910ce6) Importer(2089858483,b0f066a214c2f5e87bad3c948f4d605d)
Start importing Assets/Slender/Slender/Materials/T N.png using Guid(c3f28436c0864551aecc61c04f910ce6) Importer(2089858483,b0f066a214c2f5e87bad3c948f4d605d) (ScriptedImporter) -> (artifact id: '81005bf85604ad133ba742845219c032') in 0.018247 seconds
Number of updated asset objects reloaded before import = 0Number of asset objects unloaded after import = 1

========================================================================
Received Import Request.
  Time since last request: 0.000027 seconds.
  path: Assets/Cielo/_AllSkyFreeDemoEnvironment/AllSky_DemoEnvironment_Center.fbx
  artifactKey: Guid(258cb4865d37b4292be3195af50aaa8c) Importer(2089858483,b0f066a214c2f5e87bad3c948f4d605d)
Start importing Assets/Cielo/_AllSkyFreeDemoEnvironment/AllSky_DemoEnvironment_Center.fbx using Guid(258cb4865d37b4292be3195af50aaa8c) Importer(2089858483,b0f066a214c2f5e87bad3c948f4d605d) (ScriptedImporter) -> (artifact id: 'be38da10aaf46cfae2e2958e5d0357a6') in 0.0367619 seconds
Number of updated asset objects reloaded before import = 0Number of asset objects unloaded after import = 7

========================================================================
Received Import Request.
  Time since last request: 0.000052 seconds.
  path: Assets/Slender/Slender/Materials
  artifactKey: Guid(094a405f417845a38aa250b1c602191c) Importer(2089858483,b0f066a214c2f5e87bad3c948f4d605d)
Start importing Assets/Slender/Slender/Materials using Guid(094a405f417845a38aa250b1c602191c) Importer(2089858483,b0f066a214c2f5e87bad3c948f4d605d) (ScriptedImporter) -> (artifact id: '19d145ca45939c3870663ff4aa0f8f7e') in 0.0052624 seconds
Number of updated asset objects reloaded before import = 0Number of asset objects unloaded after import = 1

========================================================================
Received Import Request.
  Time since last request: 0.000065 seconds.
  path: Assets/Slender/Example/Environment/Standard Assets/Effects/ImageEffects/Scripts/Bloom.cs
  artifactKey: Guid(327182dae1394c35a16bff0dc3b50cd7) Importer(2089858483,b0f066a214c2f5e87bad3c948f4d605d)
Start importing Assets/Slender/Example/Environment/Standard Assets/Effects/ImageEffects/Scripts/Bloom.cs using Guid(327182dae1394c35a16bff0dc3b50cd7) Importer(2089858483,b0f066a214c2f5e87bad3c948f4d605d) (ScriptedImporter) -> (artifact id: 'c5aff5d415493dccf12d42b9c512eee9') in 0.0058007 seconds
Number of updated asset objects reloaded before import = 0Number of asset objects unloaded after import = 0

========================================================================
Received Import Request.
  Time since last request: 0.000031 seconds.
  path: Assets/Slender/Example/Environment/Scripts/SlenderExample.cs
  artifactKey: Guid(4c849229eea847799633af02d5a21643) Importer(2089858483,b0f066a214c2f5e87bad3c948f4d605d)
Start importing Assets/Slender/Example/Environment/Scripts/SlenderExample.cs using Guid(4c849229eea847799633af02d5a21643) Importer(2089858483,b0f066a214c2f5e87bad3c948f4d605d) (ScriptedImporter) -> (artifact id: 'f91beb88bef7f8f80d64c2549df6dcbf') in 0.0048122 seconds
Number of updated asset objects reloaded before import = 0Number of asset objects unloaded after import = 0

========================================================================
Received Import Request.
  Time since last request: 0.000034 seconds.
  path: Assets/Cielo/Night MoonBurst
  artifactKey: Guid(26e352704e0b94af78a547c6d44125d9) Importer(2089858483,b0f066a214c2f5e87bad3c948f4d605d)
Start importing Assets/Cielo/Night MoonBurst using Guid(26e352704e0b94af78a547c6d44125d9) Importer(2089858483,b0f066a214c2f5e87bad3c948f4d605d) (ScriptedImporter) -> (artifact id: '47101beccea77ce4f0e2df05dbdd71e1') in 0.0038202 seconds
Number of updated asset objects reloaded before import = 0Number of asset objects unloaded after import = 1

========================================================================
Received Import Request.
  Time since last request: 0.000042 seconds.
  path: Assets/Cielo/Deep Dusk/Deep Dusk Equirect.mat
  artifactKey: Guid(c82a334cf5a5e47978749c210cee72a7) Importer(2089858483,b0f066a214c2f5e87bad3c948f4d605d)
Start importing Assets/Cielo/Deep Dusk/Deep Dusk Equirect.mat using Guid(c82a334cf5a5e47978749c210cee72a7) Importer(2089858483,b0f066a214c2f5e87bad3c948f4d605d) (ScriptedImporter) -> (artifact id: 'b4bd3c61e382bfeb2fbcfc2b19002666') in 0.054779 seconds
Number of updated asset objects reloaded before import = 0Number of asset objects unloaded after import = 2

========================================================================
Received Import Request.
  Time since last request: 0.000040 seconds.
  path: Assets/Slender/Example/Environment/Standard Assets/Effects/ImageEffects/Shaders/BlendModesOverlay.shader
  artifactKey: Guid(e2b89dad781d48c68822056e576aea33) Importer(2089858483,b0f066a214c2f5e87bad3c948f4d605d)
Start importing Assets/Slender/Example/Environment/Standard Assets/Effects/ImageEffects/Shaders/BlendModesOverlay.shader using Guid(e2b89dad781d48c68822056e576aea33) Importer(2089858483,b0f066a214c2f5e87bad3c948f4d605d) (ScriptedImporter) -> (artifact id: '58440610dcfedee2e757004d2d22d3b8') in 0.0084791 seconds
Number of updated asset objects reloaded before import = 0Number of asset objects unloaded after import = 1

========================================================================
Received Import Request.
  Time since last request: 0.000063 seconds.
  path: Assets/Slender/Slender/Sounds/Slender.ogg
  artifactKey: Guid(0d3e58bb90924afba39e665277b5f80a) Importer(2089858483,b0f066a214c2f5e87bad3c948f4d605d)
Start importing Assets/Slender/Slender/Sounds/Slender.ogg using Guid(0d3e58bb90924afba39e665277b5f80a) Importer(2089858483,b0f066a214c2f5e87bad3c948f4d605d) (ScriptedImporter) -> (artifact id: 'dad554b12a536264a6fb7bf374224117') in 0.0505382 seconds
Number of updated asset objects reloaded before import = 0Number of asset objects unloaded after import = 1

========================================================================
Received Import Request.
  Time since last request: 0.000062 seconds.
  path: Assets/Cielo/Cold Night/Cold Night__Cam_5_Down-Y.png
  artifactKey: Guid(8cab6aa3331da40e68754e2214ce08fa) Importer(2089858483,b0f066a214c2f5e87bad3c948f4d605d)
Start importing Assets/Cielo/Cold Night/Cold Night__Cam_5_Down-Y.png using Guid(8cab6aa3331da40e68754e2214ce08fa) Importer(2089858483,b0f066a214c2f5e87bad3c948f4d605d) (ScriptedImporter) -> (artifact id: '92abbc950bfd02aada6396ef263ee2ae') in 0.0169089 seconds
Number of updated asset objects reloaded before import = 0Number of asset objects unloaded after import = 1

========================================================================
Received Import Request.
  Time since last request: 0.000041 seconds.
  path: Assets/Slender/Slender
  artifactKey: Guid(f60e9a2c37c147519c79b944310b477a) Importer(2089858483,b0f066a214c2f5e87bad3c948f4d605d)
Start importing Assets/Slender/Slender using Guid(f60e9a2c37c147519c79b944310b477a) Importer(2089858483,b0f066a214c2f5e87bad3c948f4d605d) (ScriptedImporter) -> (artifact id: 'f26492ccc2716f87fe72b0c4321e3b28') in 0.0046442 seconds
Number of updated asset objects reloaded before import = 0Number of asset objects unloaded after import = 1

========================================================================
Received Import Request.
  Time since last request: 0.000055 seconds.
  path: Assets/Slender/Example/Environment/Standard Assets/Effects/ImageEffects/Scripts/ImageEffects.cs
  artifactKey: Guid(d6dd7028cd1d4104aca4fb178733704c) Importer(2089858483,b0f066a214c2f5e87bad3c948f4d605d)
Start importing Assets/Slender/Example/Environment/Standard Assets/Effects/ImageEffects/Scripts/ImageEffects.cs using Guid(d6dd7028cd1d4104aca4fb178733704c) Importer(2089858483,b0f066a214c2f5e87bad3c948f4d605d) (ScriptedImporter) -> (artifact id: 'f7ac918ef13f920ab7c30f8f27adfc83') in 0.0145221 seconds
Number of updated asset objects reloaded before import = 0Number of asset objects unloaded after import = 0

========================================================================
Received Import Request.
  Time since last request: 0.000117 seconds.
  path: Assets/Slender/Example/Environment/Materials/Bark.png
  artifactKey: Guid(87f8d8168ac04c07a70ed6859d02ec34) Importer(2089858483,b0f066a214c2f5e87bad3c948f4d605d)
Start importing Assets/Slender/Example/Environment/Materials/Bark.png using Guid(87f8d8168ac04c07a70ed6859d02ec34) Importer(2089858483,b0f066a214c2f5e87bad3c948f4d605d) (ScriptedImporter) -> (artifact id: '5b2092a1ced216db6825ab7d91006fef') in 0.0228026 seconds
Number of updated asset objects reloaded before import = 0Number of asset objects unloaded after import = 1

========================================================================
Received Import Request.
  Time since last request: 0.000034 seconds.
  path: Assets/Slender/Example/Environment/Standard Assets/Effects/ImageEffects/Shaders
  artifactKey: Guid(99d914c8ed9d4be98a9059c358d681b8) Importer(2089858483,b0f066a214c2f5e87bad3c948f4d605d)
Start importing Assets/Slender/Example/Environment/Standard Assets/Effects/ImageEffects/Shaders using Guid(99d914c8ed9d4be98a9059c358d681b8) Importer(2089858483,b0f066a214c2f5e87bad3c948f4d605d) (ScriptedImporter) -> (artifact id: '3497f0efb91fdcf648d7de9140ae36a0') in 0.0053119 seconds
Number of updated asset objects reloaded before import = 0Number of asset objects unloaded after import = 1

========================================================================
Received Import Request.
  Time since last request: 0.000035 seconds.
  path: Assets/Slender/Example/Environment/Standard Assets/Effects/ImageEffects/Shaders/ColorCorrectionSelective.shader
  artifactKey: Guid(3a7a03293a044550b16c36b51a4fb975) Importer(2089858483,b0f066a214c2f5e87bad3c948f4d605d)
Start importing Assets/Slender/Example/Environment/Standard Assets/Effects/ImageEffects/Shaders/ColorCorrectionSelective.shader using Guid(3a7a03293a044550b16c36b51a4fb975) Importer(2089858483,b0f066a214c2f5e87bad3c948f4d605d) (ScriptedImporter) -> (artifact id: '76f98c19b4af8ab49f129cfea6841a5f') in 0.0096385 seconds
Number of updated asset objects reloaded before import = 0Number of asset objects unloaded after import = 1

========================================================================
Received Import Request.
  Time since last request: 0.000028 seconds.
  path: Assets/Cielo/_AllSkyFreeDemoEnvironment/Materials/AllSkyDemoEnv_Flag_Blue.mat
  artifactKey: Guid(8e64a72f2cb9c45bba4b11d98489b11f) Importer(2089858483,b0f066a214c2f5e87bad3c948f4d605d)
Start importing Assets/Cielo/_AllSkyFreeDemoEnvironment/Materials/AllSkyDemoEnv_Flag_Blue.mat using Guid(8e64a72f2cb9c45bba4b11d98489b11f) Importer(2089858483,b0f066a214c2f5e87bad3c948f4d605d) (ScriptedImporter) -> (artifact id: 'd4585c112c22cf371dc1513ae75f7cf1') in 0.0068648 seconds
Number of updated asset objects reloaded before import = 0Number of asset objects unloaded after import = 1

========================================================================
Received Import Request.
  Time since last request: 0.000038 seconds.
  path: Assets/Slender/Example/Environment/Standard Assets/Editor/ImageEffects/DepthOfFieldEditor.cs
  artifactKey: Guid(006fd54bfcee421a94f942e893f69530) Importer(2089858483,b0f066a214c2f5e87bad3c948f4d605d)
Start importing Assets/Slender/Example/Environment/Standard Assets/Editor/ImageEffects/DepthOfFieldEditor.cs using Guid(006fd54bfcee421a94f942e893f69530) Importer(2089858483,b0f066a214c2f5e87bad3c948f4d605d) (ScriptedImporter) -> (artifact id: 'fd102c23b3359f3a8d2d5fdbe1acf533') in 0.0072906 seconds
Number of updated asset objects reloaded before import = 0Number of asset objects unloaded after import = 0

========================================================================
Received Import Request.
  Time since last request: 0.000037 seconds.
  path: Assets/Slender/Example/Environment/Standard Assets/Effects/ImageEffects/Shaders/_BloomAndFlares/SeparableBlurPlus.shader
  artifactKey: Guid(1aa181d72b7a4c9b8214443fabfc1225) Importer(2089858483,b0f066a214c2f5e87bad3c948f4d605d)
Start importing Assets/Slender/Example/Environment/Standard Assets/Effects/ImageEffects/Shaders/_BloomAndFlares/SeparableBlurPlus.shader using Guid(1aa181d72b7a4c9b8214443fabfc1225) Importer(2089858483,b0f066a214c2f5e87bad3c948f4d605d) (ScriptedImporter) -> (artifact id: 'b2882ce35e592a07531ec92e138927be') in 0.0111226 seconds
Number of updated asset objects reloaded before import = 0Number of asset objects unloaded after import = 1

========================================================================
Received Import Request.
  Time since last request: 0.000028 seconds.
  path: Assets/Slender/Example/Environment/Standard Assets/Effects/ImageEffects/Scripts/ColorCorrectionLookup.cs
  artifactKey: Guid(4a1c9599b8524250b7e9d5b11ca0a9aa) Importer(2089858483,b0f066a214c2f5e87bad3c948f4d605d)
Start importing Assets/Slender/Example/Environment/Standard Assets/Effects/ImageEffects/Scripts/ColorCorrectionLookup.cs using Guid(4a1c9599b8524250b7e9d5b11ca0a9aa) Importer(2089858483,b0f066a214c2f5e87bad3c948f4d605d) (ScriptedImporter) -> (artifact id: '37d0007e5c9052c2e7e43be131509aba') in 0.0073215 seconds
Number of updated asset objects reloaded before import = 0Number of asset objects unloaded after import = 0

========================================================================
Received Import Request.
  Time since last request: 0.000024 seconds.
  path: Assets/Slender/Example/Environment/Standard Assets/Effects/ImageEffects/Shaders/ColorCorrectionCurvesSimple.shader
  artifactKey: Guid(95e862f5f514430d8d050ef4b68f0ea0) Importer(2089858483,b0f066a214c2f5e87bad3c948f4d605d)
Start importing Assets/Slender/Example/Environment/Standard Assets/Effects/ImageEffects/Shaders/ColorCorrectionCurvesSimple.shader using Guid(95e862f5f514430d8d050ef4b68f0ea0) Importer(2089858483,b0f066a214c2f5e87bad3c948f4d605d) (ScriptedImporter) -> (artifact id: '7493d4a59fdcd140d72018d1d1b0b0c5') in 0.0085461 seconds
Number of updated asset objects reloaded before import = 0Number of asset objects unloaded after import = 1

========================================================================
Received Import Request.
  Time since last request: 0.000097 seconds.
  path: Assets/Slender/Example/Environment/Standard Assets/Effects/ImageEffects/Shaders/EdgeDetectNormals.shader
  artifactKey: Guid(c438270e615a45079b56a52a755fb075) Importer(2089858483,b0f066a214c2f5e87bad3c948f4d605d)
Start importing Assets/Slender/Example/Environment/Standard Assets/Effects/ImageEffects/Shaders/EdgeDetectNormals.shader using Guid(c438270e615a45079b56a52a755fb075) Importer(2089858483,b0f066a214c2f5e87bad3c948f4d605d) (ScriptedImporter) -> (artifact id: '925f28fafc0f7dc5cb4069f0dcae5d78') in 0.010811 seconds
Number of updated asset objects reloaded before import = 0Number of asset objects unloaded after import = 1

========================================================================
Received Import Request.
  Time since last request: 0.000035 seconds.
  path: Assets/Slender/Example/Environment/Standard Assets/Effects/ImageEffects/Shaders/_Antialiasing/FXAA3Console.shader
  artifactKey: Guid(143019aa08604ef28a2740cc57ae7406) Importer(2089858483,b0f066a214c2f5e87bad3c948f4d605d)
Start importing Assets/Slender/Example/Environment/Standard Assets/Effects/ImageEffects/Shaders/_Antialiasing/FXAA3Console.shader using Guid(143019aa08604ef28a2740cc57ae7406) Importer(2089858483,b0f066a214c2f5e87bad3c948f4d605d) (ScriptedImporter) -> (artifact id: '1de7851f99afd8be29f9f045db69f965') in 0.0126051 seconds
Number of updated asset objects reloaded before import = 0Number of asset objects unloaded after import = 1

========================================================================
Received Import Request.
  Time since last request: 0.000035 seconds.
  path: Assets/Slender/Example/Environment/Standard Assets/Effects/ImageEffects/Scripts/ScreenOverlay.cs
  artifactKey: Guid(f27cc58a4e4942c191479c92c5a043f2) Importer(2089858483,b0f066a214c2f5e87bad3c948f4d605d)
Start importing Assets/Slender/Example/Environment/Standard Assets/Effects/ImageEffects/Scripts/ScreenOverlay.cs using Guid(f27cc58a4e4942c191479c92c5a043f2) Importer(2089858483,b0f066a214c2f5e87bad3c948f4d605d) (ScriptedImporter) -> (artifact id: '09ef5324b42b2006aed6959dff42bfc1') in 0.0051619 seconds
Number of updated asset objects reloaded before import = 0Number of asset objects unloaded after import = 0

========================================================================
Received Import Request.
  Time since last request: 202.907136 seconds.
  path: Assets/Suelo/Materials/Tree 2/Tree 2 Mat.mat
  artifactKey: Guid(8df13e90dd57318489f9b393316f55d5) Importer(815301076,1909f56bfc062723c751e8b465ee728b)
Start importing Assets/Suelo/Materials/Tree 2/Tree 2 Mat.mat using Guid(8df13e90dd57318489f9b393316f55d5) Importer(815301076,1909f56bfc062723c751e8b465ee728b) (PreviewImporter) -> (artifact id: '25e95d8830e328aa83abd7ae89ef722f') in 0.6752754 seconds
Number of updated asset objects reloaded before import = 0Number of asset objects unloaded after import = 4

========================================================================
Received Import Request.
  Time since last request: 287.391151 seconds.
  path: Assets/Suelo/Materials/Grass/NewBrush.brush
  artifactKey: Guid(25caa9beb211c224fb70278544b307d8) Importer(2089858483,b0f066a214c2f5e87bad3c948f4d605d)
Start importing Assets/Suelo/Materials/Grass/NewBrush.brush using Guid(25caa9beb211c224fb70278544b307d8) Importer(2089858483,b0f066a214c2f5e87bad3c948f4d605d) (ScriptedImporter) -> (artifact id: 'bfa29f8e7016d3146c41f78b936c30ce') in 0.6617537 seconds
Number of updated asset objects reloaded before import = 1Number of asset objects unloaded after import = 1

========================================================================
Received Import Request.
  Time since last request: 32.483158 seconds.
  path: Assets/TVE Collections/Unity - Terrain Demo/Prefabs Data/Models/Bush_A 0C00 (TVE Model).asset
  artifactKey: Guid(527c3f5ff54107b4b9971b18ee4d2c34) Importer(2089858483,b0f066a214c2f5e87bad3c948f4d605d)
Start importing Assets/TVE Collections/Unity - Terrain Demo/Prefabs Data/Models/Bush_A 0C00 (TVE Model).asset using Guid(527c3f5ff54107b4b9971b18ee4d2c34) Importer(2089858483,b0f066a214c2f5e87bad3c948f4d605d) (ScriptedImporter) -> (artifact id: 'f03151516ba1a4443d508e094463ff10') in 0.0321514 seconds
Number of updated asset objects reloaded before import = 0Number of asset objects unloaded after import = 1

========================================================================
Received Import Request.
  Time since last request: 0.000062 seconds.
  path: Assets/TVE Collections/Unity - Terrain Demo/Prefabs Data/Models/Pine_D_LOD3 E104 (TVE Model).asset
  artifactKey: Guid(1daa5976bb75a544ba50b59ac726cc7c) Importer(2089858483,b0f066a214c2f5e87bad3c948f4d605d)
Start importing Assets/TVE Collections/Unity - Terrain Demo/Prefabs Data/Models/Pine_D_LOD3 E104 (TVE Model).asset using Guid(1daa5976bb75a544ba50b59ac726cc7c) Importer(2089858483,b0f066a214c2f5e87bad3c948f4d605d) (ScriptedImporter) -> (artifact id: '46a2492d2cf78090a21abb223aa8d0fe') in 0.0225007 seconds
Number of updated asset objects reloaded before import = 0Number of asset objects unloaded after import = 1

========================================================================
Received Import Request.
  Time since last request: 0.000039 seconds.
  path: Assets/TVE Collections/Unity - Terrain Demo/Prefabs Data/Impostors/Cypress_Impostor_Shader.png
  artifactKey: Guid(54230b2bce27613499f70f71cb3b0b1a) Importer(2089858483,b0f066a214c2f5e87bad3c948f4d605d)
Start importing Assets/TVE Collections/Unity - Terrain Demo/Prefabs Data/Impostors/Cypress_Impostor_Shader.png using Guid(54230b2bce27613499f70f71cb3b0b1a) Importer(2089858483,b0f066a214c2f5e87bad3c948f4d605d) (ScriptedImporter) -> (artifact id: '916775da3773523ec8ebbe185e5d1d8b') in 0.1980628 seconds
Number of updated asset objects reloaded before import = 0Number of asset objects unloaded after import = 1

========================================================================
Received Import Request.
  Time since last request: 0.000052 seconds.
  path: Assets/TVE Collections/Unity - Terrain Demo/Prefabs With Original LODs/Rocks/Rock_Overgrown_B.prefab
  artifactKey: Guid(b8ea4769efda5534bab761f3d21fe07d) Importer(2089858483,b0f066a214c2f5e87bad3c948f4d605d)
Start importing Assets/TVE Collections/Unity - Terrain Demo/Prefabs With Original LODs/Rocks/Rock_Overgrown_B.prefab using Guid(b8ea4769efda5534bab761f3d21fe07d) Importer(2089858483,b0f066a214c2f5e87bad3c948f4d605d) (ScriptedImporter) -> (artifact id: '6fc17902886d8be4c1bb2dfa7bcc53bd') in 0.0682368 seconds
Number of updated asset objects reloaded before import = 0Number of asset objects unloaded after import = 22

========================================================================
Received Import Request.
  Time since last request: 0.000156 seconds.
  path: Assets/TVE Collections/Unity - Terrain Demo/Prefabs Data/Materials/Pine_B 1300 (TVE Material).mat
  artifactKey: Guid(7c0a9e64f82528f4299b1d665fd067a2) Importer(2089858483,b0f066a214c2f5e87bad3c948f4d605d)
Start importing Assets/TVE Collections/Unity - Terrain Demo/Prefabs Data/Materials/Pine_B 1300 (TVE Material).mat using Guid(7c0a9e64f82528f4299b1d665fd067a2) Importer(2089858483,b0f066a214c2f5e87bad3c948f4d605d) (ScriptedImporter) -> (artifact id: 'b55dfe499261faf5b3f1cd71b1c8dd3f') in 0.0349331 seconds
Number of updated asset objects reloaded before import = 0Number of asset objects unloaded after import = 1

========================================================================
Received Import Request.
  Time since last request: 0.000029 seconds.
  path: Assets/TVE Collections/Unity - Terrain Demo/Prefabs With Original LODs/Grasses/Bush_A.prefab
  artifactKey: Guid(7c239aa0800aef047ac78d5c3c8b5f9a) Importer(2089858483,b0f066a214c2f5e87bad3c948f4d605d)
Start importing Assets/TVE Collections/Unity - Terrain Demo/Prefabs With Original LODs/Grasses/Bush_A.prefab using Guid(7c239aa0800aef047ac78d5c3c8b5f9a) Importer(2089858483,b0f066a214c2f5e87bad3c948f4d605d) (ScriptedImporter) -> (artifact id: 'a8ea61cbdf460f8a54527eabbf154d24') in 0.0205747 seconds
Number of updated asset objects reloaded before import = 0Number of asset objects unloaded after import = 9

========================================================================
Received Import Request.
  Time since last request: 0.000042 seconds.
  path: Assets/TVE Collections/Unity - Terrain Demo/Prefabs With Original LODs/Trees
  artifactKey: Guid(a746f1ccb8e67fc4a98fbd3e55c96980) Importer(2089858483,b0f066a214c2f5e87bad3c948f4d605d)
Start importing Assets/TVE Collections/Unity - Terrain Demo/Prefabs With Original LODs/Trees using Guid(a746f1ccb8e67fc4a98fbd3e55c96980) Importer(2089858483,b0f066a214c2f5e87bad3c948f4d605d) (ScriptedImporter) -> (artifact id: '01b2600b83cc17caf1355d58b0c6f3c0') in 0.0089338 seconds
Number of updated asset objects reloaded before import = 0Number of asset objects unloaded after import = 1

========================================================================
Received Import Request.
  Time since last request: 0.000214 seconds.
  path: Assets/TVE Collections/Unity - Terrain Demo/Prefabs Data/Models/Rock_C_02_LOD01 4224 (TVE Model).asset
  artifactKey: Guid(8be0c68b660fed641bb8235e2257bfe8) Importer(2089858483,b0f066a214c2f5e87bad3c948f4d605d)
Start importing Assets/TVE Collections/Unity - Terrain Demo/Prefabs Data/Models/Rock_C_02_LOD01 4224 (TVE Model).asset using Guid(8be0c68b660fed641bb8235e2257bfe8) Importer(2089858483,b0f066a214c2f5e87bad3c948f4d605d) (ScriptedImporter) -> (artifact id: '83ba52d5dbc00263b325ffd6ce3b7215') in 0.0133297 seconds
Number of updated asset objects reloaded before import = 0Number of asset objects unloaded after import = 1

========================================================================
Received Import Request.
  Time since last request: 0.000168 seconds.
  path: Assets/TVE Collections/Unity - Terrain Demo/Prefabs Data/Materials/Pine_D_Bark C201 (TVE Material).mat
  artifactKey: Guid(d51ee059d3cadfa4c9f025ed98a3710d) Importer(2089858483,b0f066a214c2f5e87bad3c948f4d605d)
Start importing Assets/TVE Collections/Unity - Terrain Demo/Prefabs Data/Materials/Pine_D_Bark C201 (TVE Material).mat using Guid(d51ee059d3cadfa4c9f025ed98a3710d) Importer(2089858483,b0f066a214c2f5e87bad3c948f4d605d) (ScriptedImporter) -> (artifact id: 'ad5ecadb1ca166863aefb772c13d474c') in 0.0175712 seconds
Number of updated asset objects reloaded before import = 0Number of asset objects unloaded after import = 1

========================================================================
Received Import Request.
  Time since last request: 0.000059 seconds.
  path: Assets/TVE Collections/Unity - Terrain Demo/Prefabs Data/Models/Rock_C_01_LOD02 9E25 (TVE Model).asset
  artifactKey: Guid(8e518ae59db74ae479276e905338ebcd) Importer(2089858483,b0f066a214c2f5e87bad3c948f4d605d)
Start importing Assets/TVE Collections/Unity - Terrain Demo/Prefabs Data/Models/Rock_C_01_LOD02 9E25 (TVE Model).asset using Guid(8e518ae59db74ae479276e905338ebcd) Importer(2089858483,b0f066a214c2f5e87bad3c948f4d605d) (ScriptedImporter) -> (artifact id: '0018b5704da45b104d1a1dc4c93dc16f') in 0.0160066 seconds
Number of updated asset objects reloaded before import = 0Number of asset objects unloaded after import = 1

========================================================================
Received Import Request.
  Time since last request: 0.000034 seconds.
  path: Assets/TVE Collections/Unity - Terrain Demo/Prefabs Data/Impostors/Bush_Red_Impostor_Albedo.png
  artifactKey: Guid(1b26e42e9350d8042a0c0c189d389ac9) Importer(2089858483,b0f066a214c2f5e87bad3c948f4d605d)
Start importing Assets/TVE Collections/Unity - Terrain Demo/Prefabs Data/Impostors/Bush_Red_Impostor_Albedo.png using Guid(1b26e42e9350d8042a0c0c189d389ac9) Importer(2089858483,b0f066a214c2f5e87bad3c948f4d605d) (ScriptedImporter) -> (artifact id: 'ef61447a2bbd95b48d7411e2210355d1') in 0.1035539 seconds
Number of updated asset objects reloaded before import = 0Number of asset objects unloaded after import = 1

========================================================================
Received Import Request.
  Time since last request: 0.000039 seconds.
  path: Assets/TVE Collections/Unity - Terrain Demo/Prefabs Data/Models/Rock_06_A_LOD1 B802 (TVE Model).asset
  artifactKey: Guid(37c9fe1a3a2b2b844a02969bce9f1820) Importer(2089858483,b0f066a214c2f5e87bad3c948f4d605d)
Start importing Assets/TVE Collections/Unity - Terrain Demo/Prefabs Data/Models/Rock_06_A_LOD1 B802 (TVE Model).asset using Guid(37c9fe1a3a2b2b844a02969bce9f1820) Importer(2089858483,b0f066a214c2f5e87bad3c948f4d605d) (ScriptedImporter) -> (artifact id: '2f9942a1c21eaedf1366079ca214ae73') in 0.0478963 seconds
Number of updated asset objects reloaded before import = 0Number of asset objects unloaded after import = 1

========================================================================
Received Import Request.
  Time since last request: 0.000039 seconds.
  path: Assets/TVE Collections/Unity - Terrain Demo/Prefabs With Original LODs/Rocks/Rock_B_01.prefab
  artifactKey: Guid(49f41f0d2a9b0d741b0a518254d2412f) Importer(2089858483,b0f066a214c2f5e87bad3c948f4d605d)
Start importing Assets/TVE Collections/Unity - Terrain Demo/Prefabs With Original LODs/Rocks/Rock_B_01.prefab using Guid(49f41f0d2a9b0d741b0a518254d2412f) Importer(2089858483,b0f066a214c2f5e87bad3c948f4d605d) (ScriptedImporter) -> (artifact id: 'd5e3832c8e4427498381c00fab7b740a') in 0.0441273 seconds
Number of updated asset objects reloaded before import = 0Number of asset objects unloaded after import = 33

========================================================================
Received Import Request.
  Time since last request: 0.000036 seconds.
  path: Assets/TVE Collections/Unity - Terrain Demo/Prefabs Data/Impostors/Cypress_Impostor_Vertex.png
  artifactKey: Guid(a35cfdfa878644146856039883a8d7bf) Importer(2089858483,b0f066a214c2f5e87bad3c948f4d605d)
Start importing Assets/TVE Collections/Unity - Terrain Demo/Prefabs Data/Impostors/Cypress_Impostor_Vertex.png using Guid(a35cfdfa878644146856039883a8d7bf) Importer(2089858483,b0f066a214c2f5e87bad3c948f4d605d) (ScriptedImporter) -> (artifact id: 'e588361791f3f51ba5383c570730e7bd') in 0.086008 seconds
Number of updated asset objects reloaded before import = 0Number of asset objects unloaded after import = 1

========================================================================
Received Import Request.
  Time since last request: 0.000052 seconds.
  path: Assets/TVE Collections/Unity - Terrain Demo/Prefabs Data/Materials/Bush_Dry 2300 (TVE Material).mat
  artifactKey: Guid(33c5065876ddf9b4e984f444abd8fd3e) Importer(2089858483,b0f066a214c2f5e87bad3c948f4d605d)
Start importing Assets/TVE Collections/Unity - Terrain Demo/Prefabs Data/Materials/Bush_Dry 2300 (TVE Material).mat using Guid(33c5065876ddf9b4e984f444abd8fd3e) Importer(2089858483,b0f066a214c2f5e87bad3c948f4d605d) (ScriptedImporter) -> (artifact id: '5633d3fa343bd8ba1711b0828a31470d') in 0.0108302 seconds
Number of updated asset objects reloaded before import = 0Number of asset objects unloaded after import = 1

========================================================================
Received Import Request.
  Time since last request: 0.000046 seconds.
  path: Assets/TVE Collections/Unity - Terrain Demo/Prefabs Data/Backups/Heather_A FE00 (TVE Backup).prefab
  artifactKey: Guid(7a6c54ceaa45997499ded533f9b1729a) Importer(2089858483,b0f066a214c2f5e87bad3c948f4d605d)
Start importing Assets/TVE Collections/Unity - Terrain Demo/Prefabs Data/Backups/Heather_A FE00 (TVE Backup).prefab using Guid(7a6c54ceaa45997499ded533f9b1729a) Importer(2089858483,b0f066a214c2f5e87bad3c948f4d605d) (ScriptedImporter) -> (artifact id: 'b113a85c11ea46a019ecba9cdf20f8de') in 0.0223786 seconds
Number of updated asset objects reloaded before import = 0Number of asset objects unloaded after import = 6

========================================================================
Received Import Request.
  Time since last request: 0.000043 seconds.
  path: Assets/TVE Collections/Unity - Terrain Demo/Prefabs With Original LODs/Grasses/GrassDry_C.prefab
  artifactKey: Guid(0cb569f1c3e829545a3f32a0f1efaf8a) Importer(2089858483,b0f066a214c2f5e87bad3c948f4d605d)
Start importing Assets/TVE Collections/Unity - Terrain Demo/Prefabs With Original LODs/Grasses/GrassDry_C.prefab using Guid(0cb569f1c3e829545a3f32a0f1efaf8a) Importer(2089858483,b0f066a214c2f5e87bad3c948f4d605d) (ScriptedImporter) -> (artifact id: 'edabe3fd60fe519eb3392c500608a5b6') in 0.020224 seconds
Number of updated asset objects reloaded before import = 0Number of asset objects unloaded after import = 9

========================================================================
Received Import Request.
  Time since last request: 0.000036 seconds.
  path: Assets/TVE Collections/Unity - Terrain Demo/Prefabs With Original LODs
  artifactKey: Guid(5282dd04dd8ade04ba11a03496046fab) Importer(2089858483,b0f066a214c2f5e87bad3c948f4d605d)
Start importing Assets/TVE Collections/Unity - Terrain Demo/Prefabs With Original LODs using Guid(5282dd04dd8ade04ba11a03496046fab) Importer(2089858483,b0f066a214c2f5e87bad3c948f4d605d) (ScriptedImporter) -> (artifact id: '475e97eb68c7d48f760a4686ec5e9b29') in 0.0080682 seconds
Number of updated asset objects reloaded before import = 0Number of asset objects unloaded after import = 1

========================================================================
Received Import Request.
  Time since last request: 0.000291 seconds.
  path: Assets/TVE Collections/Unity - Terrain Demo/Prefabs Data/Materials/Conifer_Bark EC00 (TVE Material).mat
  artifactKey: Guid(c9e009c26725d604fb827b07530470c2) Importer(2089858483,b0f066a214c2f5e87bad3c948f4d605d)
Start importing Assets/TVE Collections/Unity - Terrain Demo/Prefabs Data/Materials/Conifer_Bark EC00 (TVE Material).mat using Guid(c9e009c26725d604fb827b07530470c2) Importer(2089858483,b0f066a214c2f5e87bad3c948f4d605d) (ScriptedImporter) -> (artifact id: '2562512d30315b634c108891e37d6e2a') in 0.011196 seconds
Number of updated asset objects reloaded before import = 0Number of asset objects unloaded after import = 1

========================================================================
Received Import Request.
  Time since last request: 0.000025 seconds.
  path: Assets/TVE Collections/Unity - Terrain Demo/Prefabs Data/Impostors/Cypress_Impostor_Packed.png
  artifactKey: Guid(ce1c342a6ad84ed439914f371c9e705b) Importer(2089858483,b0f066a214c2f5e87bad3c948f4d605d)
Start importing Assets/TVE Collections/Unity - Terrain Demo/Prefabs Data/Impostors/Cypress_Impostor_Packed.png using Guid(ce1c342a6ad84ed439914f371c9e705b) Importer(2089858483,b0f066a214c2f5e87bad3c948f4d605d) (ScriptedImporter) -> (artifact id: 'ab7cd834ce59b975183d69bae11357ca') in 0.0662885 seconds
Number of updated asset objects reloaded before import = 0Number of asset objects unloaded after import = 1

========================================================================
Received Import Request.
  Time since last request: 0.000062 seconds.
  path: Assets/TVE Collections/Unity - Terrain Demo/Prefabs Data/Backups
  artifactKey: Guid(4718255384fd49c4a9327ae2fa58fa4b) Importer(2089858483,b0f066a214c2f5e87bad3c948f4d605d)
Start importing Assets/TVE Collections/Unity - Terrain Demo/Prefabs Data/Backups using Guid(4718255384fd49c4a9327ae2fa58fa4b) Importer(2089858483,b0f066a214c2f5e87bad3c948f4d605d) (ScriptedImporter) -> (artifact id: '050e2843f1d34679cc83cc5c08158c4c') in 0.0176922 seconds
Number of updated asset objects reloaded before import = 0Number of asset objects unloaded after import = 1

========================================================================
Received Import Request.
  Time since last request: 0.000067 seconds.
  path: Assets/TVE Collections/Unity - Terrain Demo/Prefabs With Original LODs/Trees/Pine_C.prefab
  artifactKey: Guid(4178e98eaa4ede14f86bb6b3ff2961ca) Importer(2089858483,b0f066a214c2f5e87bad3c948f4d605d)
Start importing Assets/TVE Collections/Unity - Terrain Demo/Prefabs With Original LODs/Trees/Pine_C.prefab using Guid(4178e98eaa4ede14f86bb6b3ff2961ca) Importer(2089858483,b0f066a214c2f5e87bad3c948f4d605d) (ScriptedImporter) -> (artifact id: '46bc23bcd78712108f6051bf49f2fa4a') in 0.0662909 seconds
Number of updated asset objects reloaded before import = 0Number of asset objects unloaded after import = 27

========================================================================
Received Import Request.
  Time since last request: 0.000036 seconds.
  path: Assets/TVE Collections/Unity - Terrain Demo/Prefabs Data/Models/Geom_Rock_Overgrown_B_LOD00 B218 (TVE Model).asset
  artifactKey: Guid(90a266c9f923e2f4fbc6e17982e437c5) Importer(2089858483,b0f066a214c2f5e87bad3c948f4d605d)
Start importing Assets/TVE Collections/Unity - Terrain Demo/Prefabs Data/Models/Geom_Rock_Overgrown_B_LOD00 B218 (TVE Model).asset using Guid(90a266c9f923e2f4fbc6e17982e437c5) Importer(2089858483,b0f066a214c2f5e87bad3c948f4d605d) (ScriptedImporter) -> (artifact id: '760ea9fbd1b769066154208ad3ec255e') in 0.01872 seconds
Number of updated asset objects reloaded before import = 0Number of asset objects unloaded after import = 1

========================================================================
Received Import Request.
  Time since last request: 0.000048 seconds.
  path: Assets/TVE Collections/Unity - Terrain Demo/Prefabs Data/Impostors/Pine_A_Impostor_Packed.png
  artifactKey: Guid(3d39de9b033648e409e0f25957f5940c) Importer(2089858483,b0f066a214c2f5e87bad3c948f4d605d)
Start importing Assets/TVE Collections/Unity - Terrain Demo/Prefabs Data/Impostors/Pine_A_Impostor_Packed.png using Guid(3d39de9b033648e409e0f25957f5940c) Importer(2089858483,b0f066a214c2f5e87bad3c948f4d605d) (ScriptedImporter) -> (artifact id: '3b32ca230335fc722b5f9902933bfbb1') in 0.042126 seconds
Number of updated asset objects reloaded before import = 0Number of asset objects unloaded after import = 1

========================================================================
Received Import Request.
  Time since last request: 0.000068 seconds.
  path: Assets/TVE Collections/Unity - Terrain Demo/Prefabs Data/Backups/Grass_D AF00 (TVE Backup).prefab
  artifactKey: Guid(97e0ff6b827b48d489c9baafd100e968) Importer(2089858483,b0f066a214c2f5e87bad3c948f4d605d)
Start importing Assets/TVE Collections/Unity - Terrain Demo/Prefabs Data/Backups/Grass_D AF00 (TVE Backup).prefab using Guid(97e0ff6b827b48d489c9baafd100e968) Importer(2089858483,b0f066a214c2f5e87bad3c948f4d605d) (ScriptedImporter) -> (artifact id: '1a4af24471b95f5c70a2c28317ff5ea3') in 0.0128739 seconds
Number of updated asset objects reloaded before import = 0Number of asset objects unloaded after import = 6

========================================================================
Received Import Request.
  Time since last request: 0.000079 seconds.
  path: Assets/TVE Collections/Unity - Terrain Demo/Prefabs Data/Impostors/Pine_D_Impostor.asset
  artifactKey: Guid(0c481280458545b4689e693154117333) Importer(2089858483,b0f066a214c2f5e87bad3c948f4d605d)
Start importing Assets/TVE Collections/Unity - Terrain Demo/Prefabs Data/Impostors/Pine_D_Impostor.asset using Guid(0c481280458545b4689e693154117333) Importer(2089858483,b0f066a214c2f5e87bad3c948f4d605d) (ScriptedImporter) -> (artifact id: '1a822ca0fa16902a0763234e00daedcb') in 0.0183285 seconds
Number of updated asset objects reloaded before import = 0Number of asset objects unloaded after import = 1

========================================================================
Received Import Request.
  Time since last request: 0.000042 seconds.
  path: Assets/TVE Collections/Unity - Terrain Demo/Prefabs Data/Impostors/Pine_B_Impostor_Shader.png
  artifactKey: Guid(f2a00e23fe1667e42a4b7a00dfd86353) Importer(2089858483,b0f066a214c2f5e87bad3c948f4d605d)
Start importing Assets/TVE Collections/Unity - Terrain Demo/Prefabs Data/Impostors/Pine_B_Impostor_Shader.png using Guid(f2a00e23fe1667e42a4b7a00dfd86353) Importer(2089858483,b0f066a214c2f5e87bad3c948f4d605d) (ScriptedImporter) -> (artifact id: 'fbbe6d1f0f3e7541fb6015915e6ef81a') in 0.0596145 seconds
Number of updated asset objects reloaded before import = 0Number of asset objects unloaded after import = 1

========================================================================
Received Import Request.
  Time since last request: 0.000039 seconds.
  path: Assets/TVE Collections/Unity - Terrain Demo/Prefabs With Original LODs/Rocks/Rock_B_02.prefab
  artifactKey: Guid(86e38c3aa28deca4aa81a038d970d868) Importer(2089858483,b0f066a214c2f5e87bad3c948f4d605d)
Start importing Assets/TVE Collections/Unity - Terrain Demo/Prefabs With Original LODs/Rocks/Rock_B_02.prefab using Guid(86e38c3aa28deca4aa81a038d970d868) Importer(2089858483,b0f066a214c2f5e87bad3c948f4d605d) (ScriptedImporter) -> (artifact id: 'c44a02bd69241c5c7bfc885f897e3ee2') in 0.0256824 seconds
Number of updated asset objects reloaded before import = 0Number of asset objects unloaded after import = 31

========================================================================
Received Import Request.
  Time since last request: 0.000039 seconds.
  path: Assets/TVE Collections/Unity - Terrain Demo/Prefabs Data/Models/Rock_C_01_LOD04 9E27 (TVE Model).asset
  artifactKey: Guid(f62c0eec0176cea4ab41afffbe24ad77) Importer(2089858483,b0f066a214c2f5e87bad3c948f4d605d)
Start importing Assets/TVE Collections/Unity - Terrain Demo/Prefabs Data/Models/Rock_C_01_LOD04 9E27 (TVE Model).asset using Guid(f62c0eec0176cea4ab41afffbe24ad77) Importer(2089858483,b0f066a214c2f5e87bad3c948f4d605d) (ScriptedImporter) -> (artifact id: '08f48633bea8e898e63ab08b986bfb28') in 0.012642 seconds
Number of updated asset objects reloaded before import = 0Number of asset objects unloaded after import = 1

========================================================================
Received Import Request.
  Time since last request: 0.000236 seconds.
  path: Assets/TVE Collections/Unity - Terrain Demo/Prefabs With Original LODs/Ferns
  artifactKey: Guid(d52803eaac2836343825cfacd26aa594) Importer(2089858483,b0f066a214c2f5e87bad3c948f4d605d)
Start importing Assets/TVE Collections/Unity - Terrain Demo/Prefabs With Original LODs/Ferns using Guid(d52803eaac2836343825cfacd26aa594) Importer(2089858483,b0f066a214c2f5e87bad3c948f4d605d) (ScriptedImporter) -> (artifact id: '532f2ac1dd2a21157ccf588a63c6a9c0') in 0.0052827 seconds
Number of updated asset objects reloaded before import = 0Number of asset objects unloaded after import = 1

========================================================================
Received Import Request.
  Time since last request: 0.000031 seconds.
  path: Assets/TVE Collections/Unity - Terrain Demo/Prefabs Data/Backups/Rock_C_01 7300 (TVE Backup).prefab
  artifactKey: Guid(537f6de0c51240446921710dfecb6d40) Importer(2089858483,b0f066a214c2f5e87bad3c948f4d605d)
Start importing Assets/TVE Collections/Unity - Terrain Demo/Prefabs Data/Backups/Rock_C_01 7300 (TVE Backup).prefab using Guid(537f6de0c51240446921710dfecb6d40) Importer(2089858483,b0f066a214c2f5e87bad3c948f4d605d) (ScriptedImporter) -> (artifact id: 'b76001b73f684dcc7bcc838990226d8c') in 0.0075439 seconds
Number of updated asset objects reloaded before import = 0Number of asset objects unloaded after import = 2

========================================================================
Received Import Request.
  Time since last request: 0.000042 seconds.
  path: Assets/TVE Collections/Unity - Terrain Demo/Prefabs Data/Models/Geom_Rock_Overgrown_I_LOD01 D115 (TVE Model).asset
  artifactKey: Guid(95d4275b056cee347883a143d2c78e22) Importer(2089858483,b0f066a214c2f5e87bad3c948f4d605d)
Start importing Assets/TVE Collections/Unity - Terrain Demo/Prefabs Data/Models/Geom_Rock_Overgrown_I_LOD01 D115 (TVE Model).asset using Guid(95d4275b056cee347883a143d2c78e22) Importer(2089858483,b0f066a214c2f5e87bad3c948f4d605d) (ScriptedImporter) -> (artifact id: '3827114626b025d2294c121602e7d200') in 0.0141828 seconds
Number of updated asset objects reloaded before import = 0Number of asset objects unloaded after import = 1

========================================================================
Received Import Request.
  Time since last request: 0.000042 seconds.
  path: Assets/TVE Collections/Unity - Terrain Demo/Prefabs With Original LODs/Rocks
  artifactKey: Guid(ef214cd6d6725f542a588691589e78a2) Importer(2089858483,b0f066a214c2f5e87bad3c948f4d605d)
Start importing Assets/TVE Collections/Unity - Terrain Demo/Prefabs With Original LODs/Rocks using Guid(ef214cd6d6725f542a588691589e78a2) Importer(2089858483,b0f066a214c2f5e87bad3c948f4d605d) (ScriptedImporter) -> (artifact id: 'c66dd70b424ddc490fa52043bccf7395') in 0.0059564 seconds
Number of updated asset objects reloaded before import = 0Number of asset objects unloaded after import = 1

========================================================================
Received Import Request.
  Time since last request: 0.000066 seconds.
  path: Assets/TVE Collections/Unity - Terrain Demo/Prefabs Data/Models/Pine_D_LOD2 E101 (TVE Model).asset
  artifactKey: Guid(af778d88a2302c94abc02826979e2093) Importer(2089858483,b0f066a214c2f5e87bad3c948f4d605d)
Start importing Assets/TVE Collections/Unity - Terrain Demo/Prefabs Data/Models/Pine_D_LOD2 E101 (TVE Model).asset using Guid(af778d88a2302c94abc02826979e2093) Importer(2089858483,b0f066a214c2f5e87bad3c948f4d605d) (ScriptedImporter) -> (artifact id: '286d68343347b6fe8e8753af674ba026') in 0.0154707 seconds
Number of updated asset objects reloaded before import = 0Number of asset objects unloaded after import = 1

========================================================================
Received Import Request.
  Time since last request: 0.000044 seconds.
  path: Assets/TVE Collections/Unity - Terrain Demo/Prefabs Data/Materials/Pine_B_Billboard_LOD3 4701 (TVE Material).mat
  artifactKey: Guid(de4c45f1dcede6c44be7973d827fef99) Importer(2089858483,b0f066a214c2f5e87bad3c948f4d605d)
Start importing Assets/TVE Collections/Unity - Terrain Demo/Prefabs Data/Materials/Pine_B_Billboard_LOD3 4701 (TVE Material).mat using Guid(de4c45f1dcede6c44be7973d827fef99) Importer(2089858483,b0f066a214c2f5e87bad3c948f4d605d) (ScriptedImporter) -> (artifact id: '3cf7f1783fb56c326053043dcc94fad3') in 0.0141825 seconds
Number of updated asset objects reloaded before import = 0Number of asset objects unloaded after import = 1

========================================================================
Received Import Request.
  Time since last request: 0.000030 seconds.
  path: Assets/TVE Collections/Unity - Terrain Demo/Prefabs Data/Backups/GrassDry_C 0C00 (TVE Backup).prefab
  artifactKey: Guid(83874cc0a1a73364a9d1b523e047c7a2) Importer(2089858483,b0f066a214c2f5e87bad3c948f4d605d)
Start importing Assets/TVE Collections/Unity - Terrain Demo/Prefabs Data/Backups/GrassDry_C 0C00 (TVE Backup).prefab using Guid(83874cc0a1a73364a9d1b523e047c7a2) Importer(2089858483,b0f066a214c2f5e87bad3c948f4d605d) (ScriptedImporter) -> (artifact id: '4d63cc7fe19a92d2a3364c701492a849') in 0.0125195 seconds
Number of updated asset objects reloaded before import = 0Number of asset objects unloaded after import = 6

========================================================================
Received Import Request.
  Time since last request: 0.000053 seconds.
  path: Assets/TVE Collections/Unity - Terrain Demo/Prefabs Data/Backups/Pine_C 4100 (TVE Backup).prefab
  artifactKey: Guid(d92704e9553f4314cb2f5ea0bedae0c2) Importer(2089858483,b0f066a214c2f5e87bad3c948f4d605d)
Start importing Assets/TVE Collections/Unity - Terrain Demo/Prefabs Data/Backups/Pine_C 4100 (TVE Backup).prefab using Guid(d92704e9553f4314cb2f5ea0bedae0c2) Importer(2089858483,b0f066a214c2f5e87bad3c948f4d605d) (ScriptedImporter) -> (artifact id: '79be5315afdd8b2e149431a9d52130d4') in 0.0121472 seconds
Number of updated asset objects reloaded before import = 0Number of asset objects unloaded after import = 26

========================================================================
Received Import Request.
  Time since last request: 0.000044 seconds.
  path: Assets/TVE Collections/Unity - Terrain Demo/Prefabs Data/Models/Geom_Rock_Overgrown_A_LOD02 2410 (TVE Model).asset
  artifactKey: Guid(d3685959529f93343ac3403b9dc5ceac) Importer(2089858483,b0f066a214c2f5e87bad3c948f4d605d)
Start importing Assets/TVE Collections/Unity - Terrain Demo/Prefabs Data/Models/Geom_Rock_Overgrown_A_LOD02 2410 (TVE Model).asset using Guid(d3685959529f93343ac3403b9dc5ceac) Importer(2089858483,b0f066a214c2f5e87bad3c948f4d605d) (ScriptedImporter) -> (artifact id: '43a69e29344e13c6d3ad721363167ef7') in 0.0159226 seconds
Number of updated asset objects reloaded before import = 0Number of asset objects unloaded after import = 1

========================================================================
Received Import Request.
  Time since last request: 0.000030 seconds.
  path: Assets/TVE Collections/Unity - Terrain Demo/Prefabs Data/Textures/Pine_C_Extra FFEF (TVE Texture).tga
  artifactKey: Guid(82d970f7135088244ab090d3f1835536) Importer(2089858483,b0f066a214c2f5e87bad3c948f4d605d)
Start importing Assets/TVE Collections/Unity - Terrain Demo/Prefabs Data/Textures/Pine_C_Extra FFEF (TVE Texture).tga using Guid(82d970f7135088244ab090d3f1835536) Importer(2089858483,b0f066a214c2f5e87bad3c948f4d605d) (ScriptedImporter) -> (artifact id: 'b218fc3fce451a9020f07d04bd827c89') in 0.055052 seconds
Number of updated asset objects reloaded before import = 0Number of asset objects unloaded after import = 1

========================================================================
Received Import Request.
  Time since last request: 0.000043 seconds.
  path: Assets/TVE Collections/Unity - Terrain Demo/Prefabs Data/Models/Grass_C E400 (TVE Model).asset
  artifactKey: Guid(782df1671792b9a46856493abf258761) Importer(2089858483,b0f066a214c2f5e87bad3c948f4d605d)
Start importing Assets/TVE Collections/Unity - Terrain Demo/Prefabs Data/Models/Grass_C E400 (TVE Model).asset using Guid(782df1671792b9a46856493abf258761) Importer(2089858483,b0f066a214c2f5e87bad3c948f4d605d) (ScriptedImporter) -> (artifact id: '382619c333c4285400d1b28bda074254') in 0.0089878 seconds
Number of updated asset objects reloaded before import = 0Number of asset objects unloaded after import = 1

========================================================================
Received Import Request.
  Time since last request: 0.000055 seconds.
  path: Assets/TVE Collections/Unity - Terrain Demo/Prefabs Data/Models/Geom_Rock_Overgrown_I_LOD00 D117 (TVE Model).asset
  artifactKey: Guid(e328b38fb80291c43a9f8cb89795035b) Importer(2089858483,b0f066a214c2f5e87bad3c948f4d605d)
Start importing Assets/TVE Collections/Unity - Terrain Demo/Prefabs Data/Models/Geom_Rock_Overgrown_I_LOD00 D117 (TVE Model).asset using Guid(e328b38fb80291c43a9f8cb89795035b) Importer(2089858483,b0f066a214c2f5e87bad3c948f4d605d) (ScriptedImporter) -> (artifact id: '73cfc2e51249aea89fbf5b2d540bcf15') in 0.0184845 seconds
Number of updated asset objects reloaded before import = 0Number of asset objects unloaded after import = 1

========================================================================
Received Import Request.
  Time since last request: 0.000043 seconds.
  path: Assets/TVE Collections/Unity - Terrain Demo/Prefabs Data/Models/Rock_A_02_LOD03 3B26 (TVE Model).asset
  artifactKey: Guid(6935a57a5dadc784cb1a03a74b5239a4) Importer(2089858483,b0f066a214c2f5e87bad3c948f4d605d)
Start importing Assets/TVE Collections/Unity - Terrain Demo/Prefabs Data/Models/Rock_A_02_LOD03 3B26 (TVE Model).asset using Guid(6935a57a5dadc784cb1a03a74b5239a4) Importer(2089858483,b0f066a214c2f5e87bad3c948f4d605d) (ScriptedImporter) -> (artifact id: '68278f7216591e79778423cc1f75f937') in 0.0107162 seconds
Number of updated asset objects reloaded before import = 0Number of asset objects unloaded after import = 1

========================================================================
Received Import Request.
  Time since last request: 0.000284 seconds.
  path: Assets/TVE Collections/Unity - Terrain Demo/Prefabs Data/Models/Rock_A_03_LOD01 0320 (TVE Model).asset
  artifactKey: Guid(447248a730e870c418ee0729a88f9fa4) Importer(2089858483,b0f066a214c2f5e87bad3c948f4d605d)
Start importing Assets/TVE Collections/Unity - Terrain Demo/Prefabs Data/Models/Rock_A_03_LOD01 0320 (TVE Model).asset using Guid(447248a730e870c418ee0729a88f9fa4) Importer(2089858483,b0f066a214c2f5e87bad3c948f4d605d) (ScriptedImporter) -> (artifact id: 'a42d634a5a67ae8bb277a6e2666bd728') in 0.0119024 seconds
Number of updated asset objects reloaded before import = 0Number of asset objects unloaded after import = 1

========================================================================
Received Import Request.
  Time since last request: 0.000040 seconds.
  path: Assets/TVE Collections/Unity - Terrain Demo/Prefabs Data/Models/Rock_C_02_LOD04 4227 (TVE Model).asset
  artifactKey: Guid(81f41286e8cd5c347b0e43df6ff1e129) Importer(2089858483,b0f066a214c2f5e87bad3c948f4d605d)
Start importing Assets/TVE Collections/Unity - Terrain Demo/Prefabs Data/Models/Rock_C_02_LOD04 4227 (TVE Model).asset using Guid(81f41286e8cd5c347b0e43df6ff1e129) Importer(2089858483,b0f066a214c2f5e87bad3c948f4d605d) (ScriptedImporter) -> (artifact id: '6eaea2a15c068295c8b28f5a50916313') in 0.0164763 seconds
Number of updated asset objects reloaded before import = 0Number of asset objects unloaded after import = 1

========================================================================
Received Import Request.
  Time since last request: 0.000047 seconds.
  path: Assets/TVE Collections/Unity - Terrain Demo/Prefabs Data/Materials/Pine_A_Bark 5E00 (TVE Material).mat
  artifactKey: Guid(e3cbc4e0a7e3c6843956357b9808f7ea) Importer(2089858483,b0f066a214c2f5e87bad3c948f4d605d)
Start importing Assets/TVE Collections/Unity - Terrain Demo/Prefabs Data/Materials/Pine_A_Bark 5E00 (TVE Material).mat using Guid(e3cbc4e0a7e3c6843956357b9808f7ea) Importer(2089858483,b0f066a214c2f5e87bad3c948f4d605d) (ScriptedImporter) -> (artifact id: 'c55cae8e91845765a893384e1d5c34cf') in 0.0269463 seconds
Number of updated asset objects reloaded before import = 0Number of asset objects unloaded after import = 1

========================================================================
Received Import Request.
  Time since last request: 0.000028 seconds.
  path: Assets/TVE Collections/Unity - Terrain Demo/Prefabs With Original LODs/Grasses/GrassDry_D.prefab
  artifactKey: Guid(826c159ddcd075a449d175e56901b452) Importer(2089858483,b0f066a214c2f5e87bad3c948f4d605d)
Start importing Assets/TVE Collections/Unity - Terrain Demo/Prefabs With Original LODs/Grasses/GrassDry_D.prefab using Guid(826c159ddcd075a449d175e56901b452) Importer(2089858483,b0f066a214c2f5e87bad3c948f4d605d) (ScriptedImporter) -> (artifact id: 'e165ac582aaf599df462b3105df80d15') in 0.0532315 seconds
Number of updated asset objects reloaded before import = 0Number of asset objects unloaded after import = 9

========================================================================
Received Import Request.
  Time since last request: 0.000045 seconds.
  path: Assets/TVE Collections/Unity - Terrain Demo/Prefabs Data/Impostors/Pine_B_Impostor_Vertex.png
  artifactKey: Guid(780f3417e65bad841821f779da1d43af) Importer(2089858483,b0f066a214c2f5e87bad3c948f4d605d)
Start importing Assets/TVE Collections/Unity - Terrain Demo/Prefabs Data/Impostors/Pine_B_Impostor_Vertex.png using Guid(780f3417e65bad841821f779da1d43af) Importer(2089858483,b0f066a214c2f5e87bad3c948f4d605d) (ScriptedImporter) -> (artifact id: '8237de1a973f5df3722ea45cb804358a') in 0.093746 seconds
Number of updated asset objects reloaded before import = 0Number of asset objects unloaded after import = 1

========================================================================
Received Import Request.
  Time since last request: 0.000075 seconds.
  path: Assets/TVE Collections/Unity - Terrain Demo/Prefabs With Original LODs/Grasses/Heather_B.prefab
  artifactKey: Guid(591a9c872df10ff4d9042cc32cebdbb7) Importer(2089858483,b0f066a214c2f5e87bad3c948f4d605d)
Start importing Assets/TVE Collections/Unity - Terrain Demo/Prefabs With Original LODs/Grasses/Heather_B.prefab using Guid(591a9c872df10ff4d9042cc32cebdbb7) Importer(2089858483,b0f066a214c2f5e87bad3c948f4d605d) (ScriptedImporter) -> (artifact id: '6027b9c2a620cc3f32eb3e2bb238b510') in 0.0166664 seconds
Number of updated asset objects reloaded before import = 0Number of asset objects unloaded after import = 9

========================================================================
Received Import Request.
  Time since last request: 0.000032 seconds.
  path: Assets/TVE Collections/Unity - Terrain Demo/Prefabs Data/Textures/Bush_Twig_MaskMap 99F9 (TVE Texture).tga
  artifactKey: Guid(b6e2d4c330d93fc4aa3b745beb53edf0) Importer(2089858483,b0f066a214c2f5e87bad3c948f4d605d)
Start importing Assets/TVE Collections/Unity - Terrain Demo/Prefabs Data/Textures/Bush_Twig_MaskMap 99F9 (TVE Texture).tga using Guid(b6e2d4c330d93fc4aa3b745beb53edf0) Importer(2089858483,b0f066a214c2f5e87bad3c948f4d605d) (ScriptedImporter) -> (artifact id: 'bc26633263bebd46c5ccb93369c136ca') in 0.0170883 seconds
Number of updated asset objects reloaded before import = 0Number of asset objects unloaded after import = 1

========================================================================
Received Import Request.
  Time since last request: 0.000072 seconds.
  path: Assets/TVE Collections/Unity - Terrain Demo/Prefabs With Original LODs/Rocks/Rock_D.prefab
  artifactKey: Guid(dca0027a361a962459bf8721c49f1d7d) Importer(2089858483,b0f066a214c2f5e87bad3c948f4d605d)
Start importing Assets/TVE Collections/Unity - Terrain Demo/Prefabs With Original LODs/Rocks/Rock_D.prefab using Guid(dca0027a361a962459bf8721c49f1d7d) Importer(2089858483,b0f066a214c2f5e87bad3c948f4d605d) (ScriptedImporter) -> (artifact id: 'f4886e2423bfa04e3dd70e04f2646299') in 0.0663664 seconds
Number of updated asset objects reloaded before import = 0Number of asset objects unloaded after import = 27

========================================================================
Received Import Request.
  Time since last request: 0.000083 seconds.
  path: Assets/TVE Collections/Unity - Terrain Demo/Prefabs Data/Models/Pine_A_LOD3 6600 (TVE Model).asset
  artifactKey: Guid(780f6bbaa135ad94db214185d7b0b34b) Importer(2089858483,b0f066a214c2f5e87bad3c948f4d605d)
Start importing Assets/TVE Collections/Unity - Terrain Demo/Prefabs Data/Models/Pine_A_LOD3 6600 (TVE Model).asset using Guid(780f6bbaa135ad94db214185d7b0b34b) Importer(2089858483,b0f066a214c2f5e87bad3c948f4d605d) (ScriptedImporter) -> (artifact id: '33969399cf99f9345f3397f8555d9486') in 0.0114055 seconds
Number of updated asset objects reloaded before import = 0Number of asset objects unloaded after import = 1

========================================================================
Received Import Request.
  Time since last request: 0.000057 seconds.
  path: Assets/TVE Collections/Unity - Terrain Demo/Prefabs Data/Materials/Fern 4001 (TVE Material).mat
  artifactKey: Guid(012132e2a0b2bf84bae64872e9d0bf97) Importer(2089858483,b0f066a214c2f5e87bad3c948f4d605d)
Start importing Assets/TVE Collections/Unity - Terrain Demo/Prefabs Data/Materials/Fern 4001 (TVE Material).mat using Guid(012132e2a0b2bf84bae64872e9d0bf97) Importer(2089858483,b0f066a214c2f5e87bad3c948f4d605d) (ScriptedImporter) -> (artifact id: 'e5f4fc5a0041d6d69b2eaeb08b5b3f86') in 0.0136238 seconds
Number of updated asset objects reloaded before import = 0Number of asset objects unloaded after import = 1

========================================================================
Received Import Request.
  Time since last request: 0.000037 seconds.
  path: Assets/TVE Collections/Unity - Terrain Demo/Prefabs Data/Models/Pine_B_LOD1 B800 (TVE Model).asset
  artifactKey: Guid(618177ff0bf34794492a89fede9e27fe) Importer(2089858483,b0f066a214c2f5e87bad3c948f4d605d)
Start importing Assets/TVE Collections/Unity - Terrain Demo/Prefabs Data/Models/Pine_B_LOD1 B800 (TVE Model).asset using Guid(618177ff0bf34794492a89fede9e27fe) Importer(2089858483,b0f066a214c2f5e87bad3c948f4d605d) (ScriptedImporter) -> (artifact id: '378af35af351e19f2d29a544af990d4e') in 0.0141315 seconds
Number of updated asset objects reloaded before import = 0Number of asset objects unloaded after import = 1

========================================================================
Received Import Request.
  Time since last request: 0.000047 seconds.
  path: Assets/TVE Collections/Unity - Terrain Demo/Prefabs With Original LODs/Grasses/Grass_B.prefab
  artifactKey: Guid(f2a1ef00abdf5f748a9941ba9f2791e2) Importer(2089858483,b0f066a214c2f5e87bad3c948f4d605d)
Start importing Assets/TVE Collections/Unity - Terrain Demo/Prefabs With Original LODs/Grasses/Grass_B.prefab using Guid(f2a1ef00abdf5f748a9941ba9f2791e2) Importer(2089858483,b0f066a214c2f5e87bad3c948f4d605d) (ScriptedImporter) -> (artifact id: '552e1064b205a6b074111b5e330c3bf8') in 0.0158395 seconds
Number of updated asset objects reloaded before import = 0Number of asset objects unloaded after import = 9

========================================================================
Received Import Request.
  Time since last request: 0.000063 seconds.
  path: Assets/TVE Collections/Unity - Terrain Demo/Prefabs Data/Backups/Rock_B_01 4900 (TVE Backup).prefab
  artifactKey: Guid(b743f1d9b245a0048b4c1cf00606394d) Importer(2089858483,b0f066a214c2f5e87bad3c948f4d605d)
Start importing Assets/TVE Collections/Unity - Terrain Demo/Prefabs Data/Backups/Rock_B_01 4900 (TVE Backup).prefab using Guid(b743f1d9b245a0048b4c1cf00606394d) Importer(2089858483,b0f066a214c2f5e87bad3c948f4d605d) (ScriptedImporter) -> (artifact id: '91538c169ace15c1f6b7a662c10741f2') in 0.0069435 seconds
Number of updated asset objects reloaded before import = 0Number of asset objects unloaded after import = 2

========================================================================
Received Import Request.
  Time since last request: 0.000058 seconds.
  path: Assets/TVE Collections/Unity - Terrain Demo/Prefabs Data/Models/Pine_B_LOD3 B801 (TVE Model).asset
  artifactKey: Guid(99daf94b5cb5f7b44b9a6924a89c9964) Importer(2089858483,b0f066a214c2f5e87bad3c948f4d605d)
Start importing Assets/TVE Collections/Unity - Terrain Demo/Prefabs Data/Models/Pine_B_LOD3 B801 (TVE Model).asset using Guid(99daf94b5cb5f7b44b9a6924a89c9964) Importer(2089858483,b0f066a214c2f5e87bad3c948f4d605d) (ScriptedImporter) -> (artifact id: '9e2828f78e579dce8bcee82b6cc49b8d') in 0.0059233 seconds
Number of updated asset objects reloaded before import = 0Number of asset objects unloaded after import = 1

========================================================================
Received Import Request.
  Time since last request: 0.000035 seconds.
  path: Assets/TVE Collections/Unity - Terrain Demo/Prefabs Data/Textures/Pine_B_Billboard_Extra 22B2 (TVE Texture).tga
  artifactKey: Guid(fd4c4322e382eb5488bdd7e5b8ade708) Importer(2089858483,b0f066a214c2f5e87bad3c948f4d605d)
Start importing Assets/TVE Collections/Unity - Terrain Demo/Prefabs Data/Textures/Pine_B_Billboard_Extra 22B2 (TVE Texture).tga using Guid(fd4c4322e382eb5488bdd7e5b8ade708) Importer(2089858483,b0f066a214c2f5e87bad3c948f4d605d) (ScriptedImporter) -> (artifact id: 'bdead7c8a59d95ab8e5c9b360ef6463a') in 0.0213338 seconds
Number of updated asset objects reloaded before import = 0Number of asset objects unloaded after import = 1

========================================================================
Received Import Request.
  Time since last request: 0.000091 seconds.
  path: Assets/TVE Collections/Unity - Terrain Demo/Prefabs With Original LODs/Rocks/Rock_Overgrown_C.prefab
  artifactKey: Guid(fc96445316c5f50478b86427fbafa3f3) Importer(2089858483,b0f066a214c2f5e87bad3c948f4d605d)
Start importing Assets/TVE Collections/Unity - Terrain Demo/Prefabs With Original LODs/Rocks/Rock_Overgrown_C.prefab using Guid(fc96445316c5f50478b86427fbafa3f3) Importer(2089858483,b0f066a214c2f5e87bad3c948f4d605d) (ScriptedImporter) -> (artifact id: 'cada28f15d0a277ea96e4e0c63c1d858') in 0.0326888 seconds
Number of updated asset objects reloaded before import = 0Number of asset objects unloaded after import = 22

========================================================================
Received Import Request.
  Time since last request: 0.000074 seconds.
  path: Assets/TVE Collections/Unity - Terrain Demo/Prefabs Data/Backups/Rock_Overgrown_A 9A00 (TVE Backup).prefab
  artifactKey: Guid(6e09774ff45e3d14bbe9a387f304b456) Importer(2089858483,b0f066a214c2f5e87bad3c948f4d605d)
Start importing Assets/TVE Collections/Unity - Terrain Demo/Prefabs Data/Backups/Rock_Overgrown_A 9A00 (TVE Backup).prefab using Guid(6e09774ff45e3d14bbe9a387f304b456) Importer(2089858483,b0f066a214c2f5e87bad3c948f4d605d) (ScriptedImporter) -> (artifact id: '1ba8a189b59df4fe191401248c552126') in 0.0122502 seconds
Number of updated asset objects reloaded before import = 0Number of asset objects unloaded after import = 2

========================================================================
Received Import Request.
  Time since last request: 0.000054 seconds.
  path: Assets/TVE Collections/Unity - Terrain Demo/Prefabs Data/Models/Rock_B_01_LOD01 8D24 (TVE Model).asset
  artifactKey: Guid(6f99a9c5792b87042adb9e4f6551e163) Importer(2089858483,b0f066a214c2f5e87bad3c948f4d605d)
Start importing Assets/TVE Collections/Unity - Terrain Demo/Prefabs Data/Models/Rock_B_01_LOD01 8D24 (TVE Model).asset using Guid(6f99a9c5792b87042adb9e4f6551e163) Importer(2089858483,b0f066a214c2f5e87bad3c948f4d605d) (ScriptedImporter) -> (artifact id: 'bcd3f408df43ef47736e15138a7facfb') in 0.0184348 seconds
Number of updated asset objects reloaded before import = 0Number of asset objects unloaded after import = 1

========================================================================
Received Import Request.
  Time since last request: 0.000033 seconds.
  path: Assets/TVE Collections/Unity - Terrain Demo/Prefabs Data/Backups/Rock_Overgrown_B B800 (TVE Backup).prefab
  artifactKey: Guid(5accdc31e705d194fa35b4e9061effce) Importer(2089858483,b0f066a214c2f5e87bad3c948f4d605d)
Start importing Assets/TVE Collections/Unity - Terrain Demo/Prefabs Data/Backups/Rock_Overgrown_B B800 (TVE Backup).prefab using Guid(5accdc31e705d194fa35b4e9061effce) Importer(2089858483,b0f066a214c2f5e87bad3c948f4d605d) (ScriptedImporter) -> (artifact id: 'cb0dd47e3f2c92a81d0de44dfcb4584b') in 0.0096071 seconds
Number of updated asset objects reloaded before import = 0Number of asset objects unloaded after import = 18

========================================================================
Received Import Request.
  Time since last request: 0.000200 seconds.
  path: Assets/TVE Collections/Unity - Terrain Demo/Prefabs Data/Models/GrassDry_D 9A00 (TVE Model).asset
  artifactKey: Guid(cbce8ee5d64b2414d8da8640e33ab3bb) Importer(2089858483,b0f066a214c2f5e87bad3c948f4d605d)
Start importing Assets/TVE Collections/Unity - Terrain Demo/Prefabs Data/Models/GrassDry_D 9A00 (TVE Model).asset using Guid(cbce8ee5d64b2414d8da8640e33ab3bb) Importer(2089858483,b0f066a214c2f5e87bad3c948f4d605d) (ScriptedImporter) -> (artifact id: '360d74ef6f7a48ba99d7322bafe073b0') in 0.0093711 seconds
Number of updated asset objects reloaded before import = 0Number of asset objects unloaded after import = 1

========================================================================
Received Import Request.
  Time since last request: 0.000048 seconds.
  path: Assets/TVE Collections/Unity - Terrain Demo/Prefabs Data/Backups/Fern_A 5100 (TVE Backup).prefab
  artifactKey: Guid(2b6b3b6423f043b4f97aff74d650adfa) Importer(2089858483,b0f066a214c2f5e87bad3c948f4d605d)
Start importing Assets/TVE Collections/Unity - Terrain Demo/Prefabs Data/Backups/Fern_A 5100 (TVE Backup).prefab using Guid(2b6b3b6423f043b4f97aff74d650adfa) Importer(2089858483,b0f066a214c2f5e87bad3c948f4d605d) (ScriptedImporter) -> (artifact id: 'c3a2f25ba1347c3ece9c302fc005fcff') in 0.0123191 seconds
Number of updated asset objects reloaded before import = 0Number of asset objects unloaded after import = 6

========================================================================
Received Import Request.
  Time since last request: 0.000065 seconds.
  path: Assets/TVE Collections/Unity - Terrain Demo/Prefabs Data/Models/Shrub F900 (TVE Model).asset
  artifactKey: Guid(34b18199f23749c479dfd347cc999daf) Importer(2089858483,b0f066a214c2f5e87bad3c948f4d605d)
Start importing Assets/TVE Collections/Unity - Terrain Demo/Prefabs Data/Models/Shrub F900 (TVE Model).asset using Guid(34b18199f23749c479dfd347cc999daf) Importer(2089858483,b0f066a214c2f5e87bad3c948f4d605d) (ScriptedImporter) -> (artifact id: '839a6461c4ca728ec2addaee46055620') in 0.0091906 seconds
Number of updated asset objects reloaded before import = 0Number of asset objects unloaded after import = 1

========================================================================
Received Import Request.
  Time since last request: 0.000043 seconds.
  path: Assets/TVE Collections/Unity - Terrain Demo/Prefabs Data/Models/Geom_Rock_Overgrown_B_LOD02 B209 (TVE Model).asset
  artifactKey: Guid(d81e19c5fbef1d54baa660fd83e955e3) Importer(2089858483,b0f066a214c2f5e87bad3c948f4d605d)
Start importing Assets/TVE Collections/Unity - Terrain Demo/Prefabs Data/Models/Geom_Rock_Overgrown_B_LOD02 B209 (TVE Model).asset using Guid(d81e19c5fbef1d54baa660fd83e955e3) Importer(2089858483,b0f066a214c2f5e87bad3c948f4d605d) (ScriptedImporter) -> (artifact id: '814e3a3c08af406163a2bdba7764053b') in 0.0148502 seconds
Number of updated asset objects reloaded before import = 0Number of asset objects unloaded after import = 1

========================================================================
Received Import Request.
  Time since last request: 0.000042 seconds.
  path: Assets/TVE Collections/Unity - Terrain Demo/Prefabs Data/Impostors/Pine_C_Impostor_Vertex.png
  artifactKey: Guid(9930802f83310734993b67c1f964dfb3) Importer(2089858483,b0f066a214c2f5e87bad3c948f4d605d)
Start importing Assets/TVE Collections/Unity - Terrain Demo/Prefabs Data/Impostors/Pine_C_Impostor_Vertex.png using Guid(9930802f83310734993b67c1f964dfb3) Importer(2089858483,b0f066a214c2f5e87bad3c948f4d605d) (ScriptedImporter) -> (artifact id: 'cebe357db92bdddf650bcf3634f3a72c') in 0.0597909 seconds
Number of updated asset objects reloaded before import = 0Number of asset objects unloaded after import = 1

========================================================================
Received Import Request.
  Time since last request: 0.000050 seconds.
  path: Assets/TVE Collections/Unity - Terrain Demo/Prefabs Data/Backups/BushDry_B 0900 (TVE Backup).prefab
  artifactKey: Guid(32692b4fb503ab341b18df0ff02e89a0) Importer(2089858483,b0f066a214c2f5e87bad3c948f4d605d)
Start importing Assets/TVE Collections/Unity - Terrain Demo/Prefabs Data/Backups/BushDry_B 0900 (TVE Backup).prefab using Guid(32692b4fb503ab341b18df0ff02e89a0) Importer(2089858483,b0f066a214c2f5e87bad3c948f4d605d) (ScriptedImporter) -> (artifact id: '263dfc8d05f1ce9223d1d3a799b3bd4d') in 0.0107892 seconds
Number of updated asset objects reloaded before import = 0Number of asset objects unloaded after import = 6

========================================================================
Received Import Request.
  Time since last request: 0.000044 seconds.
  path: Assets/TVE Collections/Unity - Terrain Demo/Prefabs Data/Impostors/Cypress_Impostor_Albedo.png
  artifactKey: Guid(a082ce3d580847845958f1425459410a) Importer(2089858483,b0f066a214c2f5e87bad3c948f4d605d)
Start importing Assets/TVE Collections/Unity - Terrain Demo/Prefabs Data/Impostors/Cypress_Impostor_Albedo.png using Guid(a082ce3d580847845958f1425459410a) Importer(2089858483,b0f066a214c2f5e87bad3c948f4d605d) (ScriptedImporter) -> (artifact id: '3b8eed2c7e50ba1b93993ff3adc4cc91') in 0.0604987 seconds
Number of updated asset objects reloaded before import = 0Number of asset objects unloaded after import = 1

========================================================================
Received Import Request.
  Time since last request: 0.000037 seconds.
  path: Assets/TVE Collections/Unity - Terrain Demo/Prefabs Data/Models/Fern_B 2F00 (TVE Model).asset
  artifactKey: Guid(dc1012eb5f0952f40aa13cd3f4e52d4f) Importer(2089858483,b0f066a214c2f5e87bad3c948f4d605d)
Start importing Assets/TVE Collections/Unity - Terrain Demo/Prefabs Data/Models/Fern_B 2F00 (TVE Model).asset using Guid(dc1012eb5f0952f40aa13cd3f4e52d4f) Importer(2089858483,b0f066a214c2f5e87bad3c948f4d605d) (ScriptedImporter) -> (artifact id: '8e4b2487e9a207a4bb5228c709389452') in 0.0125385 seconds
Number of updated asset objects reloaded before import = 0Number of asset objects unloaded after import = 1

========================================================================
Received Import Request.
  Time since last request: 0.000043 seconds.
  path: Assets/TVE Collections/Unity - Terrain Demo/Prefabs Data/Materials/Pine_C_Bark EC01 (TVE Material).mat
  artifactKey: Guid(c92a547c57c05954c897bc6e2d7f9453) Importer(2089858483,b0f066a214c2f5e87bad3c948f4d605d)
Start importing Assets/TVE Collections/Unity - Terrain Demo/Prefabs Data/Materials/Pine_C_Bark EC01 (TVE Material).mat using Guid(c92a547c57c05954c897bc6e2d7f9453) Importer(2089858483,b0f066a214c2f5e87bad3c948f4d605d) (ScriptedImporter) -> (artifact id: 'f0bbd151c31284c6434e053af818bde7') in 0.016608 seconds
Number of updated asset objects reloaded before import = 0Number of asset objects unloaded after import = 1

========================================================================
Received Import Request.
  Time since last request: 0.000043 seconds.
  path: Assets/TVE Collections/Unity - Terrain Demo/Prefabs With Impostor LODs/Bushes/Bush_Red.prefab
  artifactKey: Guid(2b4763ce0ca48f549b04dcbe71bfb373) Importer(2089858483,b0f066a214c2f5e87bad3c948f4d605d)
Start importing Assets/TVE Collections/Unity - Terrain Demo/Prefabs With Impostor LODs/Bushes/Bush_Red.prefab using Guid(2b4763ce0ca48f549b04dcbe71bfb373) Importer(2089858483,b0f066a214c2f5e87bad3c948f4d605d) (ScriptedImporter) -> (artifact id: '6f8d1bc832920660c38d84666c11f254') in 0.0198797 seconds
Number of updated asset objects reloaded before import = 0Number of asset objects unloaded after import = 18

========================================================================
Received Import Request.
  Time since last request: 0.000035 seconds.
  path: Assets/TVE Collections/Unity - Terrain Demo/Unity - Terrain Demo.unity
  artifactKey: Guid(cc1134976a5778649a5a6c1921d08ba1) Importer(2089858483,b0f066a214c2f5e87bad3c948f4d605d)
Start importing Assets/TVE Collections/Unity - Terrain Demo/Unity - Terrain Demo.unity using Guid(cc1134976a5778649a5a6c1921d08ba1) Importer(2089858483,b0f066a214c2f5e87bad3c948f4d605d) (ScriptedImporter) -> (artifact id: '3cc5b7f9d8c0369aa3707b811891d8ee') in 0.0172294 seconds
Number of updated asset objects reloaded before import = 0Number of asset objects unloaded after import = 1

========================================================================
Received Import Request.
  Time since last request: 0.000049 seconds.
  path: Assets/TVE Collections/Unity - Terrain Demo/Prefabs Data/Materials/Pine_A_Billboard_LOD3 5C01 (TVE Material).mat
  artifactKey: Guid(be304716e9bc717478dfc21c6cbe88a4) Importer(2089858483,b0f066a214c2f5e87bad3c948f4d605d)
Start importing Assets/TVE Collections/Unity - Terrain Demo/Prefabs Data/Materials/Pine_A_Billboard_LOD3 5C01 (TVE Material).mat using Guid(be304716e9bc717478dfc21c6cbe88a4) Importer(2089858483,b0f066a214c2f5e87bad3c948f4d605d) (ScriptedImporter) -> (artifact id: '6fabbc411ef1bcb9dfb3a47568770f32') in 0.0123565 seconds
Number of updated asset objects reloaded before import = 0Number of asset objects unloaded after import = 1

========================================================================
Received Import Request.
  Time since last request: 0.000063 seconds.
  path: Assets/TVE Collections/Unity - Terrain Demo/Prefabs Data/Models/Rock_B_02_LOD02 D025 (TVE Model).asset
  artifactKey: Guid(5e29ae60a4fc5d14ca6e3cb5f7603ffc) Importer(2089858483,b0f066a214c2f5e87bad3c948f4d605d)
Start importing Assets/TVE Collections/Unity - Terrain Demo/Prefabs Data/Models/Rock_B_02_LOD02 D025 (TVE Model).asset using Guid(5e29ae60a4fc5d14ca6e3cb5f7603ffc) Importer(2089858483,b0f066a214c2f5e87bad3c948f4d605d) (ScriptedImporter) -> (artifact id: 'bfe76d18e5604873cc31325d814ef5c6') in 0.0109504 seconds
Number of updated asset objects reloaded before import = 0Number of asset objects unloaded after import = 1

========================================================================
Received Import Request.
  Time since last request: 0.000052 seconds.
  path: Assets/TVE Collections/Unity - Terrain Demo/Prefabs Data/Models/Bush_B 1E00 (TVE Model).asset
  artifactKey: Guid(87e5b602310cfbf4890b98c2ecf72941) Importer(2089858483,b0f066a214c2f5e87bad3c948f4d605d)
Start importing Assets/TVE Collections/Unity - Terrain Demo/Prefabs Data/Models/Bush_B 1E00 (TVE Model).asset using Guid(87e5b602310cfbf4890b98c2ecf72941) Importer(2089858483,b0f066a214c2f5e87bad3c948f4d605d) (ScriptedImporter) -> (artifact id: 'cd34c52dea520c29d05763265716562a') in 0.0163808 seconds
Number of updated asset objects reloaded before import = 0Number of asset objects unloaded after import = 1

========================================================================
Received Import Request.
  Time since last request: 0.000042 seconds.
  path: Assets/TVE Collections/Unity - Terrain Demo/Prefabs Data/Models/BushDry_A 3B00 (TVE Model).asset
  artifactKey: Guid(25056ac3a1c00f44f9a14fa500440059) Importer(2089858483,b0f066a214c2f5e87bad3c948f4d605d)
Start importing Assets/TVE Collections/Unity - Terrain Demo/Prefabs Data/Models/BushDry_A 3B00 (TVE Model).asset using Guid(25056ac3a1c00f44f9a14fa500440059) Importer(2089858483,b0f066a214c2f5e87bad3c948f4d605d) (ScriptedImporter) -> (artifact id: '1a072d00afd9fbfebc5015ca510683df') in 0.0142473 seconds
Number of updated asset objects reloaded before import = 0Number of asset objects unloaded after import = 1

========================================================================
Received Import Request.
  Time since last request: 0.000039 seconds.
  path: Assets/TVE Collections/Unity - Terrain Demo/Prefabs Data/Textures/Bark_Extra 8808 (TVE Texture).tga
  artifactKey: Guid(9b504940c3fc8ce4584835bd50f35252) Importer(2089858483,b0f066a214c2f5e87bad3c948f4d605d)
Start importing Assets/TVE Collections/Unity - Terrain Demo/Prefabs Data/Textures/Bark_Extra 8808 (TVE Texture).tga using Guid(9b504940c3fc8ce4584835bd50f35252) Importer(2089858483,b0f066a214c2f5e87bad3c948f4d605d) (ScriptedImporter) -> (artifact id: 'e8e0decbce70055f85e5bef0ce3955ed') in 0.0295804 seconds
Number of updated asset objects reloaded before import = 0Number of asset objects unloaded after import = 1

========================================================================
Received Import Request.
  Time since last request: 0.000044 seconds.
  path: Assets/TVE Collections/Unity - Terrain Demo/Prefabs Data/Models/Rock_B_02_LOD03 D026 (TVE Model).asset
  artifactKey: Guid(a0e7564e3c2fb1d4f96abe65a48459f3) Importer(2089858483,b0f066a214c2f5e87bad3c948f4d605d)
Start importing Assets/TVE Collections/Unity - Terrain Demo/Prefabs Data/Models/Rock_B_02_LOD03 D026 (TVE Model).asset using Guid(a0e7564e3c2fb1d4f96abe65a48459f3) Importer(2089858483,b0f066a214c2f5e87bad3c948f4d605d) (ScriptedImporter) -> (artifact id: '8c4cdd916b3b18fc220cb68aa1707f14') in 0.0138268 seconds
Number of updated asset objects reloaded before import = 0Number of asset objects unloaded after import = 1

========================================================================
Received Import Request.
  Time since last request: 0.000034 seconds.
  path: Assets/TVE Collections/Unity - Terrain Demo/Prefabs With Impostor LODs/Trees/Pine_B.prefab
  artifactKey: Guid(610d8e4f415890045923bc94cc2d6d8b) Importer(2089858483,b0f066a214c2f5e87bad3c948f4d605d)
Start importing Assets/TVE Collections/Unity - Terrain Demo/Prefabs With Impostor LODs/Trees/Pine_B.prefab using Guid(610d8e4f415890045923bc94cc2d6d8b) Importer(2089858483,b0f066a214c2f5e87bad3c948f4d605d) (ScriptedImporter) -> (artifact id: 'a3c4487ed7c8c9226509257f869af832') in 0.0268654 seconds
Number of updated asset objects reloaded before import = 0Number of asset objects unloaded after import = 28

========================================================================
Received Import Request.
  Time since last request: 0.000053 seconds.
  path: Assets/TVE Collections/Unity - Terrain Demo/Prefabs Data/Textures/Pine_A_Extra FF3F (TVE Texture).tga
  artifactKey: Guid(7f4450b35cd292f489a80c3cd25201c7) Importer(2089858483,b0f066a214c2f5e87bad3c948f4d605d)
Start importing Assets/TVE Collections/Unity - Terrain Demo/Prefabs Data/Textures/Pine_A_Extra FF3F (TVE Texture).tga using Guid(7f4450b35cd292f489a80c3cd25201c7) Importer(2089858483,b0f066a214c2f5e87bad3c948f4d605d) (ScriptedImporter) -> (artifact id: 'c02f98b26d93113d4cd9dd922a044d43') in 0.020943 seconds
Number of updated asset objects reloaded before import = 0Number of asset objects unloaded after import = 1

========================================================================
Received Import Request.
  Time since last request: 0.000048 seconds.
  path: Assets/TVE Collections/Unity - Terrain Demo/Prefabs Data/Materials/Bush A400 (TVE Material).mat
  artifactKey: Guid(aafb9a01423c4824ab941ec7eb905536) Importer(2089858483,b0f066a214c2f5e87bad3c948f4d605d)
Start importing Assets/TVE Collections/Unity - Terrain Demo/Prefabs Data/Materials/Bush A400 (TVE Material).mat using Guid(aafb9a01423c4824ab941ec7eb905536) Importer(2089858483,b0f066a214c2f5e87bad3c948f4d605d) (ScriptedImporter) -> (artifact id: 'dbb3ec8f94dbc1758dcf46e3c108a17d') in 0.0177227 seconds
Number of updated asset objects reloaded before import = 0Number of asset objects unloaded after import = 1

========================================================================
Received Import Request.
  Time since last request: 0.000078 seconds.
  path: Assets/TVE Collections/Unity - Terrain Demo/Prefabs Data/Models/Rock_C_01_LOD00 9E23 (TVE Model).asset
  artifactKey: Guid(f4518bca264bf44419332c310d67dfd8) Importer(2089858483,b0f066a214c2f5e87bad3c948f4d605d)
Start importing Assets/TVE Collections/Unity - Terrain Demo/Prefabs Data/Models/Rock_C_01_LOD00 9E23 (TVE Model).asset using Guid(f4518bca264bf44419332c310d67dfd8) Importer(2089858483,b0f066a214c2f5e87bad3c948f4d605d) (ScriptedImporter) -> (artifact id: '87396dcfeaacf0b4d399300c704b8b4e') in 0.0160023 seconds
Number of updated asset objects reloaded before import = 0Number of asset objects unloaded after import = 1

========================================================================
Received Import Request.
  Time since last request: 0.000067 seconds.
  path: Assets/TVE Collections/Unity - Terrain Demo/Prefabs Data/Impostors/Conifer_Impostor_Albedo.png
  artifactKey: Guid(1d8aa851b58dbd64ba89765aa4d84783) Importer(2089858483,b0f066a214c2f5e87bad3c948f4d605d)
Start importing Assets/TVE Collections/Unity - Terrain Demo/Prefabs Data/Impostors/Conifer_Impostor_Albedo.png using Guid(1d8aa851b58dbd64ba89765aa4d84783) Importer(2089858483,b0f066a214c2f5e87bad3c948f4d605d) (ScriptedImporter) -> (artifact id: '4a49017dcdcd4ae96ad3a195518fe4b3') in 0.0377524 seconds
Number of updated asset objects reloaded before import = 0Number of asset objects unloaded after import = 1

========================================================================
Received Import Request.
  Time since last request: 0.000055 seconds.
  path: Assets/TVE Collections/Unity - Terrain Demo/Prefabs Data/Materials/Cypress_Bark F900 (TVE Material).mat
  artifactKey: Guid(92a79f310a5a72d43bed995acd6df1c5) Importer(2089858483,b0f066a214c2f5e87bad3c948f4d605d)
Start importing Assets/TVE Collections/Unity - Terrain Demo/Prefabs Data/Materials/Cypress_Bark F900 (TVE Material).mat using Guid(92a79f310a5a72d43bed995acd6df1c5) Importer(2089858483,b0f066a214c2f5e87bad3c948f4d605d) (ScriptedImporter) -> (artifact id: '602ea6d91946f6824b2fbfd972a5ff53') in 0.0087943 seconds
Number of updated asset objects reloaded before import = 0Number of asset objects unloaded after import = 1

========================================================================
Received Import Request.
  Time since last request: 0.000073 seconds.
  path: Assets/TVE Collections/Unity - Terrain Demo/Prefabs Data/Impostors/Pine_C_Impostor_Packed.png
  artifactKey: Guid(3c1c9ff8b509a6844bc5bcb69337a121) Importer(2089858483,b0f066a214c2f5e87bad3c948f4d605d)
Start importing Assets/TVE Collections/Unity - Terrain Demo/Prefabs Data/Impostors/Pine_C_Impostor_Packed.png using Guid(3c1c9ff8b509a6844bc5bcb69337a121) Importer(2089858483,b0f066a214c2f5e87bad3c948f4d605d) (ScriptedImporter) -> (artifact id: '11d341101e313c8620e49d4df7c687d6') in 0.055197 seconds
Number of updated asset objects reloaded before import = 0Number of asset objects unloaded after import = 1

========================================================================
Received Import Request.
  Time since last request: 0.000058 seconds.
  path: Assets/TVE Collections/Unity - Terrain Demo/Prefabs Data/Impostors/Bush_Red_Impostor.asset
  artifactKey: Guid(919755254c44fa4479916db4fa1a3d94) Importer(2089858483,b0f066a214c2f5e87bad3c948f4d605d)
Start importing Assets/TVE Collections/Unity - Terrain Demo/Prefabs Data/Impostors/Bush_Red_Impostor.asset using Guid(919755254c44fa4479916db4fa1a3d94) Importer(2089858483,b0f066a214c2f5e87bad3c948f4d605d) (ScriptedImporter) -> (artifact id: '0c342a6d96beb0b37befe16d62a1ef5b') in 0.007278 seconds
Number of updated asset objects reloaded before import = 0Number of asset objects unloaded after import = 1

========================================================================
Received Import Request.
  Time since last request: 0.000249 seconds.
  path: Assets/TVE Collections/Unity - Terrain Demo/Prefabs With Original LODs/Trees/Pine_D.prefab
  artifactKey: Guid(8fc76397d532d8243857ead410fe9139) Importer(2089858483,b0f066a214c2f5e87bad3c948f4d605d)
Start importing Assets/TVE Collections/Unity - Terrain Demo/Prefabs With Original LODs/Trees/Pine_D.prefab using Guid(8fc76397d532d8243857ead410fe9139) Importer(2089858483,b0f066a214c2f5e87bad3c948f4d605d) (ScriptedImporter) -> (artifact id: 'bbd4dfa5086a8a5cf4002bb6bf72d6e9') in 0.0366057 seconds
Number of updated asset objects reloaded before import = 0Number of asset objects unloaded after import = 27

========================================================================
Received Import Request.
  Time since last request: 0.000064 seconds.
  path: Assets/TVE Collections/Unity - Terrain Demo/Prefabs Data/Materials/Pine_D_Billboard_LOD3 DE01 (TVE Material).mat
  artifactKey: Guid(5f89314709e64ce4db02fc5a747d5d41) Importer(2089858483,b0f066a214c2f5e87bad3c948f4d605d)
Start importing Assets/TVE Collections/Unity - Terrain Demo/Prefabs Data/Materials/Pine_D_Billboard_LOD3 DE01 (TVE Material).mat using Guid(5f89314709e64ce4db02fc5a747d5d41) Importer(2089858483,b0f066a214c2f5e87bad3c948f4d605d) (ScriptedImporter) -> (artifact id: '4395bd516848973f5a3cd10e51f334d3') in 0.0111313 seconds
Number of updated asset objects reloaded before import = 0Number of asset objects unloaded after import = 1

========================================================================
Received Import Request.
  Time since last request: 0.000066 seconds.
  path: Assets/TVE Collections/Unity - Terrain Demo/Prefabs Data/Backups/Heather_B 5900 (TVE Backup).prefab
  artifactKey: Guid(189f69ac9acca5e4490eaf37e5ae6776) Importer(2089858483,b0f066a214c2f5e87bad3c948f4d605d)
Start importing Assets/TVE Collections/Unity - Terrain Demo/Prefabs Data/Backups/Heather_B 5900 (TVE Backup).prefab using Guid(189f69ac9acca5e4490eaf37e5ae6776) Importer(2089858483,b0f066a214c2f5e87bad3c948f4d605d) (ScriptedImporter) -> (artifact id: '6a18cabf3946f931172061b561a9912f') in 0.0108055 seconds
Number of updated asset objects reloaded before import = 0Number of asset objects unloaded after import = 6

========================================================================
Received Import Request.
  Time since last request: 0.000040 seconds.
  path: Assets/TVE Collections/Unity - Terrain Demo/Prefabs Data/Models/Pine_C_LOD2 B302 (TVE Model).asset
  artifactKey: Guid(ffc567f1f86940f4995911a745efb275) Importer(2089858483,b0f066a214c2f5e87bad3c948f4d605d)
Start importing Assets/TVE Collections/Unity - Terrain Demo/Prefabs Data/Models/Pine_C_LOD2 B302 (TVE Model).asset using Guid(ffc567f1f86940f4995911a745efb275) Importer(2089858483,b0f066a214c2f5e87bad3c948f4d605d) (ScriptedImporter) -> (artifact id: '166d1d71cf75783a47cb9e71e0801dd2') in 0.0142881 seconds
Number of updated asset objects reloaded before import = 0Number of asset objects unloaded after import = 1

========================================================================
Received Import Request.
  Time since last request: 0.000357 seconds.
  path: Assets/TVE Collections/Unity - Terrain Demo/Prefabs Data/Models/Heather_B FA00 (TVE Model).asset
  artifactKey: Guid(aee13f6d855e51e40b0d387ee8c21cf9) Importer(2089858483,b0f066a214c2f5e87bad3c948f4d605d)
Start importing Assets/TVE Collections/Unity - Terrain Demo/Prefabs Data/Models/Heather_B FA00 (TVE Model).asset using Guid(aee13f6d855e51e40b0d387ee8c21cf9) Importer(2089858483,b0f066a214c2f5e87bad3c948f4d605d) (ScriptedImporter) -> (artifact id: 'e4a287d20b4c63890247448c396c6469') in 0.0062692 seconds
Number of updated asset objects reloaded before import = 0Number of asset objects unloaded after import = 1

========================================================================
Received Import Request.
  Time since last request: 0.000075 seconds.
  path: Assets/TVE Collections/Unity - Terrain Demo/Prefabs Data/Textures/Conifer_Billboard_Extra 2262 (TVE Texture).tga
  artifactKey: Guid(f64f5fa1cc0bd6843a9f7e1bdc922657) Importer(2089858483,b0f066a214c2f5e87bad3c948f4d605d)
Start importing Assets/TVE Collections/Unity - Terrain Demo/Prefabs Data/Textures/Conifer_Billboard_Extra 2262 (TVE Texture).tga using Guid(f64f5fa1cc0bd6843a9f7e1bdc922657) Importer(2089858483,b0f066a214c2f5e87bad3c948f4d605d) (ScriptedImporter) -> (artifact id: 'e7974f0e1f1150c4ff2ff54e850c35e8') in 0.0225405 seconds
Number of updated asset objects reloaded before import = 0Number of asset objects unloaded after import = 1

========================================================================
Received Import Request.
  Time since last request: 0.000049 seconds.
  path: Assets/TVE Collections/Unity - Terrain Demo/Prefabs Data/Models/Rock_A_02_LOD02 3B25 (TVE Model).asset
  artifactKey: Guid(5db1aca8c10e08d45a782b613c85ca78) Importer(2089858483,b0f066a214c2f5e87bad3c948f4d605d)
Start importing Assets/TVE Collections/Unity - Terrain Demo/Prefabs Data/Models/Rock_A_02_LOD02 3B25 (TVE Model).asset using Guid(5db1aca8c10e08d45a782b613c85ca78) Importer(2089858483,b0f066a214c2f5e87bad3c948f4d605d) (ScriptedImporter) -> (artifact id: 'b95f4acc3fbc972a3c2a78a5bb95c835') in 0.0138284 seconds
Number of updated asset objects reloaded before import = 0Number of asset objects unloaded after import = 1

========================================================================
Received Import Request.
  Time since last request: 0.000088 seconds.
  path: Assets/TVE Collections/Unity - Terrain Demo/Prefabs Data/Models/Geom_Rock_Overgrown_C_LOD01 2818 (TVE Model).asset
  artifactKey: Guid(91f30b62ce0cf9c4eafd8d898bf42b00) Importer(2089858483,b0f066a214c2f5e87bad3c948f4d605d)
Start importing Assets/TVE Collections/Unity - Terrain Demo/Prefabs Data/Models/Geom_Rock_Overgrown_C_LOD01 2818 (TVE Model).asset using Guid(91f30b62ce0cf9c4eafd8d898bf42b00) Importer(2089858483,b0f066a214c2f5e87bad3c948f4d605d) (ScriptedImporter) -> (artifact id: '3f91440cc880034e9ca40029e70f92af') in 0.016017 seconds
Number of updated asset objects reloaded before import = 0Number of asset objects unloaded after import = 1

========================================================================
Received Import Request.
  Time since last request: 0.000092 seconds.
  path: Assets/TVE Collections/Unity - Terrain Demo/Prefabs Data/Models/Rock_B_01_LOD03 8D26 (TVE Model).asset
  artifactKey: Guid(f72af8780c45bf54aa6c9e051ff8ce83) Importer(2089858483,b0f066a214c2f5e87bad3c948f4d605d)
Start importing Assets/TVE Collections/Unity - Terrain Demo/Prefabs Data/Models/Rock_B_01_LOD03 8D26 (TVE Model).asset using Guid(f72af8780c45bf54aa6c9e051ff8ce83) Importer(2089858483,b0f066a214c2f5e87bad3c948f4d605d) (ScriptedImporter) -> (artifact id: '06e93bd7fd797e20ed049ba5c64855da') in 0.0076533 seconds
Number of updated asset objects reloaded before import = 0Number of asset objects unloaded after import = 1

========================================================================
Received Import Request.
  Time since last request: 0.000053 seconds.
  path: Assets/TVE Collections/Unity - Terrain Demo/Prefabs Data/Backups/Grass_C BB00 (TVE Backup).prefab
  artifactKey: Guid(c341ce85785097c43a2f97f896b3c66b) Importer(2089858483,b0f066a214c2f5e87bad3c948f4d605d)
Start importing Assets/TVE Collections/Unity - Terrain Demo/Prefabs Data/Backups/Grass_C BB00 (TVE Backup).prefab using Guid(c341ce85785097c43a2f97f896b3c66b) Importer(2089858483,b0f066a214c2f5e87bad3c948f4d605d) (ScriptedImporter) -> (artifact id: 'fc7726f685b9e822cb98aa52b1e34542') in 0.0103519 seconds
Number of updated asset objects reloaded before import = 0Number of asset objects unloaded after import = 6

========================================================================
Received Import Request.
  Time since last request: 0.000035 seconds.
  path: Assets/TVE Collections/Unity - Terrain Demo/Prefabs Data/Models/Rock_06_A_LOD3 B800 (TVE Model).asset
  artifactKey: Guid(1d2f496e570d46240a874ded43f9a2e8) Importer(2089858483,b0f066a214c2f5e87bad3c948f4d605d)
Start importing Assets/TVE Collections/Unity - Terrain Demo/Prefabs Data/Models/Rock_06_A_LOD3 B800 (TVE Model).asset using Guid(1d2f496e570d46240a874ded43f9a2e8) Importer(2089858483,b0f066a214c2f5e87bad3c948f4d605d) (ScriptedImporter) -> (artifact id: '933294a820802ce13902ffa56feb3266') in 0.011754 seconds
Number of updated asset objects reloaded before import = 0Number of asset objects unloaded after import = 1

========================================================================
Received Import Request.
  Time since last request: 0.000225 seconds.
  path: Assets/TVE Collections/Unity - Terrain Demo/Prefabs Data/Textures/Confier_Bark_Extra 9909 (TVE Texture).tga
  artifactKey: Guid(c5566af64f3b80b499db5d200259b4d9) Importer(2089858483,b0f066a214c2f5e87bad3c948f4d605d)
Start importing Assets/TVE Collections/Unity - Terrain Demo/Prefabs Data/Textures/Confier_Bark_Extra 9909 (TVE Texture).tga using Guid(c5566af64f3b80b499db5d200259b4d9) Importer(2089858483,b0f066a214c2f5e87bad3c948f4d605d) (ScriptedImporter) -> (artifact id: '4f4360eee37ee63f3b9c329ff2a56cc2') in 0.018634 seconds
Number of updated asset objects reloaded before import = 0Number of asset objects unloaded after import = 1

========================================================================
Received Import Request.
  Time since last request: 0.000226 seconds.
  path: Assets/TVE Collections/Unity - Terrain Demo/Prefabs With Original LODs/Trees/Pine_A.prefab
  artifactKey: Guid(677ab1eaba39eb444bc4bc9a23f0b043) Importer(2089858483,b0f066a214c2f5e87bad3c948f4d605d)
Start importing Assets/TVE Collections/Unity - Terrain Demo/Prefabs With Original LODs/Trees/Pine_A.prefab using Guid(677ab1eaba39eb444bc4bc9a23f0b043) Importer(2089858483,b0f066a214c2f5e87bad3c948f4d605d) (ScriptedImporter) -> (artifact id: '1b804ef5bcb71c9041c58e3a6febc429') in 0.0290492 seconds
Number of updated asset objects reloaded before import = 0Number of asset objects unloaded after import = 27

========================================================================
Received Import Request.
  Time since last request: 0.000059 seconds.
  path: Assets/TVE Collections/Unity - Terrain Demo/Prefabs Data/Materials/Grass_C D301 (TVE Material).mat
  artifactKey: Guid(f437e3beeeb47254697665e0b30d81ca) Importer(2089858483,b0f066a214c2f5e87bad3c948f4d605d)
Start importing Assets/TVE Collections/Unity - Terrain Demo/Prefabs Data/Materials/Grass_C D301 (TVE Material).mat using Guid(f437e3beeeb47254697665e0b30d81ca) Importer(2089858483,b0f066a214c2f5e87bad3c948f4d605d) (ScriptedImporter) -> (artifact id: 'b893ac579362ce6e6e5f59a700db30e5') in 0.0136124 seconds
Number of updated asset objects reloaded before import = 0Number of asset objects unloaded after import = 1

========================================================================
Received Import Request.
  Time since last request: 0.000030 seconds.
  path: Assets/TVE Collections/Unity - Terrain Demo/Prefabs Data/Models/Pine_B_LOD2 B802 (TVE Model).asset
  artifactKey: Guid(dde9818d5afa4724eab7bdeca047d2bf) Importer(2089858483,b0f066a214c2f5e87bad3c948f4d605d)
Start importing Assets/TVE Collections/Unity - Terrain Demo/Prefabs Data/Models/Pine_B_LOD2 B802 (TVE Model).asset using Guid(dde9818d5afa4724eab7bdeca047d2bf) Importer(2089858483,b0f066a214c2f5e87bad3c948f4d605d) (ScriptedImporter) -> (artifact id: 'bff8867261e66d0631b5c12cdbdbbace') in 0.0124203 seconds
Number of updated asset objects reloaded before import = 0Number of asset objects unloaded after import = 1

========================================================================
Received Import Request.
  Time since last request: 0.000049 seconds.
  path: Assets/TVE Collections/Unity - Terrain Demo/Prefabs With Impostor LODs/Trees
  artifactKey: Guid(3ad87372a5b73a940bb16c060c376b2a) Importer(2089858483,b0f066a214c2f5e87bad3c948f4d605d)
Start importing Assets/TVE Collections/Unity - Terrain Demo/Prefabs With Impostor LODs/Trees using Guid(3ad87372a5b73a940bb16c060c376b2a) Importer(2089858483,b0f066a214c2f5e87bad3c948f4d605d) (ScriptedImporter) -> (artifact id: '6f93b6c40d1548a815b3543aa8dd6060') in 0.0101871 seconds
Number of updated asset objects reloaded before import = 0Number of asset objects unloaded after import = 1

========================================================================
Received Import Request.
  Time since last request: 0.000079 seconds.
  path: Assets/TVE Collections/Unity - Terrain Demo/Prefabs With Original LODs/Grasses/Grass_D.prefab
  artifactKey: Guid(af40333d902e5c14f9ea3357106c0fc6) Importer(2089858483,b0f066a214c2f5e87bad3c948f4d605d)
Start importing Assets/TVE Collections/Unity - Terrain Demo/Prefabs With Original LODs/Grasses/Grass_D.prefab using Guid(af40333d902e5c14f9ea3357106c0fc6) Importer(2089858483,b0f066a214c2f5e87bad3c948f4d605d) (ScriptedImporter) -> (artifact id: '99ac59f6bbc8e72c5735147e56eb08a5') in 0.0180925 seconds
Number of updated asset objects reloaded before import = 0Number of asset objects unloaded after import = 9

========================================================================
Received Import Request.
  Time since last request: 0.000050 seconds.
  path: Assets/TVE Collections/Unity - Terrain Demo/Prefabs Data/Models/Geom_Rock_Overgrown_A_LOD00 2418 (TVE Model).asset
  artifactKey: Guid(c886f9858ea60c640b7a92290164924d) Importer(2089858483,b0f066a214c2f5e87bad3c948f4d605d)
Start importing Assets/TVE Collections/Unity - Terrain Demo/Prefabs Data/Models/Geom_Rock_Overgrown_A_LOD00 2418 (TVE Model).asset using Guid(c886f9858ea60c640b7a92290164924d) Importer(2089858483,b0f066a214c2f5e87bad3c948f4d605d) (ScriptedImporter) -> (artifact id: '35a9b947ab98a2f8c741b626b9fb8474') in 0.0456626 seconds
Number of updated asset objects reloaded before import = 0Number of asset objects unloaded after import = 1

========================================================================
Received Import Request.
  Time since last request: 0.000044 seconds.
  path: Assets/TVE Collections/Unity - Terrain Demo/Prefabs Data/Models/Geom_Rock_Overgrown_A_LOD01 2416 (TVE Model).asset
  artifactKey: Guid(7bcb999595df0fc44a94ccaf37d5f381) Importer(2089858483,b0f066a214c2f5e87bad3c948f4d605d)
Start importing Assets/TVE Collections/Unity - Terrain Demo/Prefabs Data/Models/Geom_Rock_Overgrown_A_LOD01 2416 (TVE Model).asset using Guid(7bcb999595df0fc44a94ccaf37d5f381) Importer(2089858483,b0f066a214c2f5e87bad3c948f4d605d) (ScriptedImporter) -> (artifact id: '405b3cf6e76b1283058a5db5f4838d77') in 0.0189043 seconds
Number of updated asset objects reloaded before import = 0Number of asset objects unloaded after import = 1

========================================================================
Received Import Request.
  Time since last request: 0.000038 seconds.
  path: Assets/TVE Collections/Unity - Terrain Demo/Prefabs Data/Backups/Pine_D 8F00 (TVE Backup).prefab
  artifactKey: Guid(e331f2dabaeeb8c439fd754565f501dc) Importer(2089858483,b0f066a214c2f5e87bad3c948f4d605d)
Start importing Assets/TVE Collections/Unity - Terrain Demo/Prefabs Data/Backups/Pine_D 8F00 (TVE Backup).prefab using Guid(e331f2dabaeeb8c439fd754565f501dc) Importer(2089858483,b0f066a214c2f5e87bad3c948f4d605d) (ScriptedImporter) -> (artifact id: '868bc12b5800be293af4b443e47e3072') in 0.0153417 seconds
Number of updated asset objects reloaded before import = 0Number of asset objects unloaded after import = 26

========================================================================
Received Import Request.
  Time since last request: 0.000057 seconds.
  path: Assets/TVE Collections/Unity - Terrain Demo/Prefabs Data/Models/Rock_C_01_LOD01 9E24 (TVE Model).asset
  artifactKey: Guid(5f77523d288e0ce4f99d8bfb461995d3) Importer(2089858483,b0f066a214c2f5e87bad3c948f4d605d)
Start importing Assets/TVE Collections/Unity - Terrain Demo/Prefabs Data/Models/Rock_C_01_LOD01 9E24 (TVE Model).asset using Guid(5f77523d288e0ce4f99d8bfb461995d3) Importer(2089858483,b0f066a214c2f5e87bad3c948f4d605d) (ScriptedImporter) -> (artifact id: 'b493947745db5ba9a3a13a49ac1893b9') in 0.0159126 seconds
Number of updated asset objects reloaded before import = 0Number of asset objects unloaded after import = 1

========================================================================
Received Import Request.
  Time since last request: 0.000053 seconds.
  path: Assets/TVE Collections/Unity - Terrain Demo/Prefabs Data/Backups/Pine_B 5900 (TVE Backup).prefab
  artifactKey: Guid(9d0a1d239bd4f974586df2925c22a7e4) Importer(2089858483,b0f066a214c2f5e87bad3c948f4d605d)
Start importing Assets/TVE Collections/Unity - Terrain Demo/Prefabs Data/Backups/Pine_B 5900 (TVE Backup).prefab using Guid(9d0a1d239bd4f974586df2925c22a7e4) Importer(2089858483,b0f066a214c2f5e87bad3c948f4d605d) (ScriptedImporter) -> (artifact id: '7457f746a045149677c49c6881444faf') in 0.0162635 seconds
Number of updated asset objects reloaded before import = 0Number of asset objects unloaded after import = 26

========================================================================
Received Import Request.
  Time since last request: 0.000028 seconds.
  path: Assets/TVE Collections/Unity - Terrain Demo/Prefabs Data/Models/Pine_A_LOD2 6602 (TVE Model).asset
  artifactKey: Guid(0a70fa2f0f2437249b63a6a34888c7dc) Importer(2089858483,b0f066a214c2f5e87bad3c948f4d605d)
Start importing Assets/TVE Collections/Unity - Terrain Demo/Prefabs Data/Models/Pine_A_LOD2 6602 (TVE Model).asset using Guid(0a70fa2f0f2437249b63a6a34888c7dc) Importer(2089858483,b0f066a214c2f5e87bad3c948f4d605d) (ScriptedImporter) -> (artifact id: '3187f955e8b524c9ef29276eab4e1a2c') in 0.0127114 seconds
Number of updated asset objects reloaded before import = 0Number of asset objects unloaded after import = 1

========================================================================
Received Import Request.
  Time since last request: 0.000156 seconds.
  path: Assets/TVE Collections/Unity - Terrain Demo/Prefabs Data/Impostors/Pine_D_Impostor_Vertex.png
  artifactKey: Guid(41049ebad7eff8946a6c1a97d4253a3a) Importer(2089858483,b0f066a214c2f5e87bad3c948f4d605d)
Start importing Assets/TVE Collections/Unity - Terrain Demo/Prefabs Data/Impostors/Pine_D_Impostor_Vertex.png using Guid(41049ebad7eff8946a6c1a97d4253a3a) Importer(2089858483,b0f066a214c2f5e87bad3c948f4d605d) (ScriptedImporter) -> (artifact id: '528e2a7229f6b1dc2d033f97440fe269') in 0.0606477 seconds
Number of updated asset objects reloaded before import = 0Number of asset objects unloaded after import = 1

========================================================================
Received Import Request.
  Time since last request: 0.000039 seconds.
  path: Assets/TVE Collections/Unity - Terrain Demo/Prefabs With Original LODs/Grasses/Bush_B.prefab
  artifactKey: Guid(e0de77e9c4b0d4f40a660e03a009c4c8) Importer(2089858483,b0f066a214c2f5e87bad3c948f4d605d)
Start importing Assets/TVE Collections/Unity - Terrain Demo/Prefabs With Original LODs/Grasses/Bush_B.prefab using Guid(e0de77e9c4b0d4f40a660e03a009c4c8) Importer(2089858483,b0f066a214c2f5e87bad3c948f4d605d) (ScriptedImporter) -> (artifact id: '6268b155fa6e904cc77fcc5e77749d77') in 0.0155351 seconds
Number of updated asset objects reloaded before import = 0Number of asset objects unloaded after import = 9

========================================================================
Received Import Request.
  Time since last request: 0.000054 seconds.
  path: Assets/TVE Collections/Unity - Terrain Demo/Prefabs Data
  artifactKey: Guid(f6ed539e314197f4ca95ca958662953e) Importer(2089858483,b0f066a214c2f5e87bad3c948f4d605d)
Start importing Assets/TVE Collections/Unity - Terrain Demo/Prefabs Data using Guid(f6ed539e314197f4ca95ca958662953e) Importer(2089858483,b0f066a214c2f5e87bad3c948f4d605d) (ScriptedImporter) -> (artifact id: 'f8501e58567939c3cd8b7b11995b2c4d') in 0.0117164 seconds
Number of updated asset objects reloaded before import = 0Number of asset objects unloaded after import = 1

========================================================================
Received Import Request.
  Time since last request: 0.000176 seconds.
  path: Assets/TVE Collections/Unity - Terrain Demo/Prefabs Data/Impostors/Pine_D_Impostor_Shader.png
  artifactKey: Guid(da3ec2e1588567c4f9b39437c58e4a70) Importer(2089858483,b0f066a214c2f5e87bad3c948f4d605d)
Start importing Assets/TVE Collections/Unity - Terrain Demo/Prefabs Data/Impostors/Pine_D_Impostor_Shader.png using Guid(da3ec2e1588567c4f9b39437c58e4a70) Importer(2089858483,b0f066a214c2f5e87bad3c948f4d605d) (ScriptedImporter) -> (artifact id: '47c6d69eb0aa68f329858c92d386c5f4') in 0.0813593 seconds
Number of updated asset objects reloaded before import = 0Number of asset objects unloaded after import = 1

========================================================================
Received Import Request.
  Time since last request: 0.000040 seconds.
  path: Assets/TVE Collections/Unity - Terrain Demo/Prefabs With Original LODs/Grasses/GrassDry_B.prefab
  artifactKey: Guid(6c91a94f717bc9545b1f28dd5c90a202) Importer(2089858483,b0f066a214c2f5e87bad3c948f4d605d)
Start importing Assets/TVE Collections/Unity - Terrain Demo/Prefabs With Original LODs/Grasses/GrassDry_B.prefab using Guid(6c91a94f717bc9545b1f28dd5c90a202) Importer(2089858483,b0f066a214c2f5e87bad3c948f4d605d) (ScriptedImporter) -> (artifact id: '34a5982737117c334b4ad413bedc6d91') in 0.0126328 seconds
Number of updated asset objects reloaded before import = 0Number of asset objects unloaded after import = 9

========================================================================
Received Import Request.
  Time since last request: 0.000051 seconds.
  path: Assets/TVE Collections/Unity - Terrain Demo/Prefabs Data/Backups/Rock_C_02 E200 (TVE Backup).prefab
  artifactKey: Guid(a085096dd40e6e84aa0a594fd04b94a3) Importer(2089858483,b0f066a214c2f5e87bad3c948f4d605d)
Start importing Assets/TVE Collections/Unity - Terrain Demo/Prefabs Data/Backups/Rock_C_02 E200 (TVE Backup).prefab using Guid(a085096dd40e6e84aa0a594fd04b94a3) Importer(2089858483,b0f066a214c2f5e87bad3c948f4d605d) (ScriptedImporter) -> (artifact id: 'c30b44f4abec8a1964a9443d426718ef') in 0.0114574 seconds
Number of updated asset objects reloaded before import = 0Number of asset objects unloaded after import = 2

========================================================================
Received Import Request.
  Time since last request: 0.000063 seconds.
  path: Assets/TVE Collections/Unity - Terrain Demo/Prefabs Data/Models/BushDry_B 8D00 (TVE Model).asset
  artifactKey: Guid(f302a8bac5951bc44927d7f42a1bdd57) Importer(2089858483,b0f066a214c2f5e87bad3c948f4d605d)
Start importing Assets/TVE Collections/Unity - Terrain Demo/Prefabs Data/Models/BushDry_B 8D00 (TVE Model).asset using Guid(f302a8bac5951bc44927d7f42a1bdd57) Importer(2089858483,b0f066a214c2f5e87bad3c948f4d605d) (ScriptedImporter) -> (artifact id: '6f37b60a19c7fe983f8c9573de8d2842') in 0.0119275 seconds
Number of updated asset objects reloaded before import = 0Number of asset objects unloaded after import = 1

========================================================================
Received Import Request.
  Time since last request: 0.000036 seconds.
  path: Assets/TVE Collections/Unity - Terrain Demo/Prefabs With Original LODs/Grasses/Grass_C.prefab
  artifactKey: Guid(bbd2f6e869e3e174db7008179e029ccf) Importer(2089858483,b0f066a214c2f5e87bad3c948f4d605d)
Start importing Assets/TVE Collections/Unity - Terrain Demo/Prefabs With Original LODs/Grasses/Grass_C.prefab using Guid(bbd2f6e869e3e174db7008179e029ccf) Importer(2089858483,b0f066a214c2f5e87bad3c948f4d605d) (ScriptedImporter) -> (artifact id: 'b47ae8ff107b26308111dc82623f819a') in 0.0148385 seconds
Number of updated asset objects reloaded before import = 0Number of asset objects unloaded after import = 9

========================================================================
Received Import Request.
  Time since last request: 0.000034 seconds.
  path: Assets/TVE Collections/Unity - Terrain Demo/Prefabs With Impostor LODs/Trees/Pine_D.prefab
  artifactKey: Guid(8d47306c59606f34e8113cd1769b29df) Importer(2089858483,b0f066a214c2f5e87bad3c948f4d605d)
Start importing Assets/TVE Collections/Unity - Terrain Demo/Prefabs With Impostor LODs/Trees/Pine_D.prefab using Guid(8d47306c59606f34e8113cd1769b29df) Importer(2089858483,b0f066a214c2f5e87bad3c948f4d605d) (ScriptedImporter) -> (artifact id: '79075f8b38b9112c1e4d3db3e562d450') in 0.030107 seconds
Number of updated asset objects reloaded before import = 0Number of asset objects unloaded after import = 28

========================================================================
Received Import Request.
  Time since last request: 0.000083 seconds.
  path: Assets/TVE Collections/Unity - Terrain Demo/Prefabs Data/Backups/Bush_Red 1A01 (TVE Backup).prefab
  artifactKey: Guid(fd7115c46b492df4981539132a8b2e6e) Importer(2089858483,b0f066a214c2f5e87bad3c948f4d605d)
Start importing Assets/TVE Collections/Unity - Terrain Demo/Prefabs Data/Backups/Bush_Red 1A01 (TVE Backup).prefab using Guid(fd7115c46b492df4981539132a8b2e6e) Importer(2089858483,b0f066a214c2f5e87bad3c948f4d605d) (ScriptedImporter) -> (artifact id: '762b8cc713ef2e862ee8c3b354c40ecd') in 0.0165422 seconds
Number of updated asset objects reloaded before import = 0Number of asset objects unloaded after import = 6

========================================================================
Received Import Request.
  Time since last request: 0.000037 seconds.
  path: Assets/TVE Collections/Unity - Terrain Demo/Prefabs Data/Materials/Rock_Overgrown_B DD01 (TVE Material).mat
  artifactKey: Guid(f411ad69e94c0fb4face19691912c122) Importer(2089858483,b0f066a214c2f5e87bad3c948f4d605d)
Start importing Assets/TVE Collections/Unity - Terrain Demo/Prefabs Data/Materials/Rock_Overgrown_B DD01 (TVE Material).mat using Guid(f411ad69e94c0fb4face19691912c122) Importer(2089858483,b0f066a214c2f5e87bad3c948f4d605d) (ScriptedImporter) -> (artifact id: 'cc841e01ac6701fd758fdb3f58b195e5') in 0.0235941 seconds
Number of updated asset objects reloaded before import = 0Number of asset objects unloaded after import = 1

========================================================================
Received Import Request.
  Time since last request: 0.000032 seconds.
  path: Assets/TVE Collections/Unity - Terrain Demo/Prefabs Data/Impostors/Pine_B_Impostor.asset
  artifactKey: Guid(ef23e31e3736ed5409658b69656f0c8b) Importer(2089858483,b0f066a214c2f5e87bad3c948f4d605d)
Start importing Assets/TVE Collections/Unity - Terrain Demo/Prefabs Data/Impostors/Pine_B_Impostor.asset using Guid(ef23e31e3736ed5409658b69656f0c8b) Importer(2089858483,b0f066a214c2f5e87bad3c948f4d605d) (ScriptedImporter) -> (artifact id: '37d35d726937c5927939fad493009326') in 0.007021 seconds
Number of updated asset objects reloaded before import = 0Number of asset objects unloaded after import = 1

========================================================================
Received Import Request.
  Time since last request: 0.000053 seconds.
  path: Assets/TVE Collections/Unity - Terrain Demo/Prefabs Data/Impostors/Cypress_Impostor_Normals.png
  artifactKey: Guid(141ea4805cada0e469bf952e99344c15) Importer(2089858483,b0f066a214c2f5e87bad3c948f4d605d)
Start importing Assets/TVE Collections/Unity - Terrain Demo/Prefabs Data/Impostors/Cypress_Impostor_Normals.png using Guid(141ea4805cada0e469bf952e99344c15) Importer(2089858483,b0f066a214c2f5e87bad3c948f4d605d) (ScriptedImporter) -> (artifact id: 'e26f6fd27e01a4a5042b6675f4b8e641') in 0.0578516 seconds
Number of updated asset objects reloaded before import = 0Number of asset objects unloaded after import = 1

========================================================================
Received Import Request.
  Time since last request: 0.000046 seconds.
  path: Assets/TVE Collections/Unity - Terrain Demo/Prefabs Data/Textures/Bark_Extra 1101 (TVE Texture).tga
  artifactKey: Guid(8b77c6a8b333e3c4bb27bb7d8235f7fd) Importer(2089858483,b0f066a214c2f5e87bad3c948f4d605d)
Start importing Assets/TVE Collections/Unity - Terrain Demo/Prefabs Data/Textures/Bark_Extra 1101 (TVE Texture).tga using Guid(8b77c6a8b333e3c4bb27bb7d8235f7fd) Importer(2089858483,b0f066a214c2f5e87bad3c948f4d605d) (ScriptedImporter) -> (artifact id: '1736f16abb3822d271c11707b202c220') in 0.0224188 seconds
Number of updated asset objects reloaded before import = 0Number of asset objects unloaded after import = 1

========================================================================
Received Import Request.
  Time since last request: 0.000114 seconds.
  path: Assets/TVE Collections/Unity - Terrain Demo/Prefabs Data/Models/Rock_A_02_LOD04 3B27 (TVE Model).asset
  artifactKey: Guid(4dbf94b467b96c940801f835de4a5422) Importer(2089858483,b0f066a214c2f5e87bad3c948f4d605d)
Start importing Assets/TVE Collections/Unity - Terrain Demo/Prefabs Data/Models/Rock_A_02_LOD04 3B27 (TVE Model).asset using Guid(4dbf94b467b96c940801f835de4a5422) Importer(2089858483,b0f066a214c2f5e87bad3c948f4d605d) (ScriptedImporter) -> (artifact id: '079476024517f27b19e8da959fec554d') in 0.0136317 seconds
Number of updated asset objects reloaded before import = 0Number of asset objects unloaded after import = 1

========================================================================
Received Import Request.
  Time since last request: 0.000040 seconds.
  path: Assets/TVE Collections/Unity - Terrain Demo/Prefabs Data/Textures/Pine_A_Billboard_Extra DDBD (TVE Texture).tga
  artifactKey: Guid(756571038ec82e04b863ccd15c5bebff) Importer(2089858483,b0f066a214c2f5e87bad3c948f4d605d)
Start importing Assets/TVE Collections/Unity - Terrain Demo/Prefabs Data/Textures/Pine_A_Billboard_Extra DDBD (TVE Texture).tga using Guid(756571038ec82e04b863ccd15c5bebff) Importer(2089858483,b0f066a214c2f5e87bad3c948f4d605d) (ScriptedImporter) -> (artifact id: 'd9357c6ae8ca67cc936d96817983d3f9') in 0.0307084 seconds
Number of updated asset objects reloaded before import = 0Number of asset objects unloaded after import = 1

========================================================================
Received Import Request.
  Time since last request: 0.000056 seconds.
  path: Assets/TVE Collections/Unity - Terrain Demo
  artifactKey: Guid(810f947d930e5c64795a1168dcc7b97e) Importer(2089858483,b0f066a214c2f5e87bad3c948f4d605d)
Start importing Assets/TVE Collections/Unity - Terrain Demo using Guid(810f947d930e5c64795a1168dcc7b97e) Importer(2089858483,b0f066a214c2f5e87bad3c948f4d605d) (ScriptedImporter) -> (artifact id: '23bee157fbf3476812a236a1a13e7385') in 0.0066882 seconds
Number of updated asset objects reloaded before import = 0Number of asset objects unloaded after import = 1

========================================================================
Received Import Request.
  Time since last request: 0.000074 seconds.
  path: Assets/TVE Collections/Unity - Terrain Demo/Prefabs Data/Models/Rock_06_A_LOD2 B803 (TVE Model).asset
  artifactKey: Guid(4fec366808396f74e8b9a8498b64605d) Importer(2089858483,b0f066a214c2f5e87bad3c948f4d605d)
Start importing Assets/TVE Collections/Unity - Terrain Demo/Prefabs Data/Models/Rock_06_A_LOD2 B803 (TVE Model).asset using Guid(4fec366808396f74e8b9a8498b64605d) Importer(2089858483,b0f066a214c2f5e87bad3c948f4d605d) (ScriptedImporter) -> (artifact id: '3fa52d2582318a24c580958709f8491a') in 0.0178128 seconds
Number of updated asset objects reloaded before import = 0Number of asset objects unloaded after import = 1

========================================================================
Received Import Request.
  Time since last request: 0.000032 seconds.
  path: Assets/TVE Collections/Unity - Terrain Demo/Prefabs With Original LODs/Ferns/Fern_C.prefab
  artifactKey: Guid(d85f1fa1bc080804e8481881ee38b081) Importer(2089858483,b0f066a214c2f5e87bad3c948f4d605d)
Start importing Assets/TVE Collections/Unity - Terrain Demo/Prefabs With Original LODs/Ferns/Fern_C.prefab using Guid(d85f1fa1bc080804e8481881ee38b081) Importer(2089858483,b0f066a214c2f5e87bad3c948f4d605d) (ScriptedImporter) -> (artifact id: 'eaf3b0855749350a2d2b36361ac0f1f3') in 0.0126967 seconds
Number of updated asset objects reloaded before import = 0Number of asset objects unloaded after import = 9

========================================================================
Received Import Request.
  Time since last request: 0.000032 seconds.
  path: Assets/TVE Collections/Unity - Terrain Demo/Prefabs Data/Models/Rock_A_03_LOD03 0322 (TVE Model).asset
  artifactKey: Guid(ff2950eb14441494c98cb87e4f761938) Importer(2089858483,b0f066a214c2f5e87bad3c948f4d605d)
Start importing Assets/TVE Collections/Unity - Terrain Demo/Prefabs Data/Models/Rock_A_03_LOD03 0322 (TVE Model).asset using Guid(ff2950eb14441494c98cb87e4f761938) Importer(2089858483,b0f066a214c2f5e87bad3c948f4d605d) (ScriptedImporter) -> (artifact id: '6faf0a65c4d9f5af16e40c70fb1edaa7') in 0.0064489 seconds
Number of updated asset objects reloaded before import = 0Number of asset objects unloaded after import = 1

========================================================================
Received Import Request.
  Time since last request: 0.000040 seconds.
  path: Assets/TVE Collections/Unity - Terrain Demo/Prefabs Data/Impostors
  artifactKey: Guid(d503335efd86ab6458c81f4c8db33d6f) Importer(2089858483,b0f066a214c2f5e87bad3c948f4d605d)
Start importing Assets/TVE Collections/Unity - Terrain Demo/Prefabs Data/Impostors using Guid(d503335efd86ab6458c81f4c8db33d6f) Importer(2089858483,b0f066a214c2f5e87bad3c948f4d605d) (ScriptedImporter) -> (artifact id: 'c9732a71fa18880af2c4a8beee40c560') in 0.0085547 seconds
Number of updated asset objects reloaded before import = 0Number of asset objects unloaded after import = 1

========================================================================
Received Import Request.
  Time since last request: 0.000038 seconds.
  path: Assets/TVE Collections/Unity - Terrain Demo/Prefabs Data/Backups/Rock_Overgrown_D 4800 (TVE Backup).prefab
  artifactKey: Guid(16d9c78c4c6f67041a5871e1eafa490b) Importer(2089858483,b0f066a214c2f5e87bad3c948f4d605d)
Start importing Assets/TVE Collections/Unity - Terrain Demo/Prefabs Data/Backups/Rock_Overgrown_D 4800 (TVE Backup).prefab using Guid(16d9c78c4c6f67041a5871e1eafa490b) Importer(2089858483,b0f066a214c2f5e87bad3c948f4d605d) (ScriptedImporter) -> (artifact id: 'fa0714540ba45ef5850eebe842d31c9e') in 0.0068035 seconds
Number of updated asset objects reloaded before import = 0Number of asset objects unloaded after import = 2

========================================================================
Received Import Request.
  Time since last request: 0.000101 seconds.
  path: Assets/TVE Collections/Unity - Terrain Demo/Prefabs Data/Impostors/Pine_A_Impostor.asset
  artifactKey: Guid(6dfd7f2fe20815d40b8209b3f9f9fc57) Importer(2089858483,b0f066a214c2f5e87bad3c948f4d605d)
Start importing Assets/TVE Collections/Unity - Terrain Demo/Prefabs Data/Impostors/Pine_A_Impostor.asset using Guid(6dfd7f2fe20815d40b8209b3f9f9fc57) Importer(2089858483,b0f066a214c2f5e87bad3c948f4d605d) (ScriptedImporter) -> (artifact id: '25895c42e9a1dc5f4125f2fb666c904a') in 0.0161531 seconds
Number of updated asset objects reloaded before import = 0Number of asset objects unloaded after import = 1

========================================================================
Received Import Request.
  Time since last request: 0.000040 seconds.
  path: Assets/TVE Collections/Unity - Terrain Demo/Prefabs Data/Materials/Cypress_Forest_Desktop_Billboard 6E00 (TVE Material).mat
  artifactKey: Guid(269772be91d40ee4f8553af5cdab635b) Importer(2089858483,b0f066a214c2f5e87bad3c948f4d605d)
Start importing Assets/TVE Collections/Unity - Terrain Demo/Prefabs Data/Materials/Cypress_Forest_Desktop_Billboard 6E00 (TVE Material).mat using Guid(269772be91d40ee4f8553af5cdab635b) Importer(2089858483,b0f066a214c2f5e87bad3c948f4d605d) (ScriptedImporter) -> (artifact id: '925a833f15ffd20cad58521ac9c4e34b') in 0.0135402 seconds
Number of updated asset objects reloaded before import = 0Number of asset objects unloaded after import = 1

========================================================================
Received Import Request.
  Time since last request: 0.000048 seconds.
  path: Assets/TVE Collections/Unity - Terrain Demo/Prefabs With Original LODs/Trees/Cypress.prefab
  artifactKey: Guid(37bc615ba1d04934abfce33f6eacf042) Importer(2089858483,b0f066a214c2f5e87bad3c948f4d605d)
Start importing Assets/TVE Collections/Unity - Terrain Demo/Prefabs With Original LODs/Trees/Cypress.prefab using Guid(37bc615ba1d04934abfce33f6eacf042) Importer(2089858483,b0f066a214c2f5e87bad3c948f4d605d) (ScriptedImporter) -> (artifact id: '1a4898f8fcdebf5ad42dd068c114b659') in 0.0413666 seconds
Number of updated asset objects reloaded before import = 0Number of asset objects unloaded after import = 27

========================================================================
Received Import Request.
  Time since last request: 0.000042 seconds.
  path: Assets/TVE Collections/Unity - Terrain Demo/Prefabs Data/Impostors/Pine_D_Impostor_Normals.png
  artifactKey: Guid(0d94509f1ef3e264983adfeb9df83d4e) Importer(2089858483,b0f066a214c2f5e87bad3c948f4d605d)
Start importing Assets/TVE Collections/Unity - Terrain Demo/Prefabs Data/Impostors/Pine_D_Impostor_Normals.png using Guid(0d94509f1ef3e264983adfeb9df83d4e) Importer(2089858483,b0f066a214c2f5e87bad3c948f4d605d) (ScriptedImporter) -> (artifact id: '81363f5a9c8bfd555d7a0a403bba9b17') in 0.0691603 seconds
Number of updated asset objects reloaded before import = 0Number of asset objects unloaded after import = 1

========================================================================
Received Import Request.
  Time since last request: 0.000103 seconds.
  path: Assets/TVE Collections/Unity - Terrain Demo/Prefabs Data/Textures/Pine_B_Extra 7757 (TVE Texture).tga
  artifactKey: Guid(551097fe6799414409599efbd8a3e481) Importer(2089858483,b0f066a214c2f5e87bad3c948f4d605d)
Start importing Assets/TVE Collections/Unity - Terrain Demo/Prefabs Data/Textures/Pine_B_Extra 7757 (TVE Texture).tga using Guid(551097fe6799414409599efbd8a3e481) Importer(2089858483,b0f066a214c2f5e87bad3c948f4d605d) (ScriptedImporter) -> (artifact id: '91275a8402c3be9fc3d2495af1b6360a') in 0.0195835 seconds
Number of updated asset objects reloaded before import = 0Number of asset objects unloaded after import = 1

========================================================================
Received Import Request.
  Time since last request: 0.000037 seconds.
  path: Assets/TVE Collections/Unity - Terrain Demo/Prefabs Data/Impostors/Bush_Red_Impostor_Shader.png
  artifactKey: Guid(31dc2e96fbddf934c99a1e919b800879) Importer(2089858483,b0f066a214c2f5e87bad3c948f4d605d)
Start importing Assets/TVE Collections/Unity - Terrain Demo/Prefabs Data/Impostors/Bush_Red_Impostor_Shader.png using Guid(31dc2e96fbddf934c99a1e919b800879) Importer(2089858483,b0f066a214c2f5e87bad3c948f4d605d) (ScriptedImporter) -> (artifact id: 'c5d4a972be34441214c0ba50b1d6dfdb') in 0.0571454 seconds
Number of updated asset objects reloaded before import = 0Number of asset objects unloaded after import = 1

========================================================================
Received Import Request.
  Time since last request: 0.000038 seconds.
  path: Assets/TVE Collections/Unity - Terrain Demo/Prefabs Data/Textures/Heather_MaskMap 2202 (TVE Texture).tga
  artifactKey: Guid(a1075e2d91f0dc24abaf05b12a02b1e8) Importer(2089858483,b0f066a214c2f5e87bad3c948f4d605d)
Start importing Assets/TVE Collections/Unity - Terrain Demo/Prefabs Data/Textures/Heather_MaskMap 2202 (TVE Texture).tga using Guid(a1075e2d91f0dc24abaf05b12a02b1e8) Importer(2089858483,b0f066a214c2f5e87bad3c948f4d605d) (ScriptedImporter) -> (artifact id: 'bb2dd7e27fe235bc3fa43d5cdf002464') in 0.0263074 seconds
Number of updated asset objects reloaded before import = 0Number of asset objects unloaded after import = 1

========================================================================
Received Import Request.
  Time since last request: 0.000040 seconds.
  path: Assets/TVE Collections/Unity - Terrain Demo/Prefabs Data/Models/Rock_C_02_LOD03 4226 (TVE Model).asset
  artifactKey: Guid(057efb5f2fdbd4440be9efce4c50018d) Importer(2089858483,b0f066a214c2f5e87bad3c948f4d605d)
Start importing Assets/TVE Collections/Unity - Terrain Demo/Prefabs Data/Models/Rock_C_02_LOD03 4226 (TVE Model).asset using Guid(057efb5f2fdbd4440be9efce4c50018d) Importer(2089858483,b0f066a214c2f5e87bad3c948f4d605d) (ScriptedImporter) -> (artifact id: 'f78bdaa4859b64407787d90214ea7a56') in 0.0098027 seconds
Number of updated asset objects reloaded before import = 0Number of asset objects unloaded after import = 1

========================================================================
Received Import Request.
  Time since last request: 0.000073 seconds.
  path: Assets/TVE Collections/Unity - Terrain Demo/Prefabs Data/Models/Heather_A 2100 (TVE Model).asset
  artifactKey: Guid(0bee0ecda0c7dff429231bcefd60d7dc) Importer(2089858483,b0f066a214c2f5e87bad3c948f4d605d)
Start importing Assets/TVE Collections/Unity - Terrain Demo/Prefabs Data/Models/Heather_A 2100 (TVE Model).asset using Guid(0bee0ecda0c7dff429231bcefd60d7dc) Importer(2089858483,b0f066a214c2f5e87bad3c948f4d605d) (ScriptedImporter) -> (artifact id: 'ceb7b227d19111700b31ed019efe1551') in 0.0131375 seconds
Number of updated asset objects reloaded before import = 0Number of asset objects unloaded after import = 1

========================================================================
Received Import Request.
  Time since last request: 0.000042 seconds.
  path: Assets/TVE Collections/Unity - Terrain Demo/Prefabs Data/Backups/GrassDry_D 8200 (TVE Backup).prefab
  artifactKey: Guid(aaafbd407a1340341b84328ead297ffa) Importer(2089858483,b0f066a214c2f5e87bad3c948f4d605d)
Start importing Assets/TVE Collections/Unity - Terrain Demo/Prefabs Data/Backups/GrassDry_D 8200 (TVE Backup).prefab using Guid(aaafbd407a1340341b84328ead297ffa) Importer(2089858483,b0f066a214c2f5e87bad3c948f4d605d) (ScriptedImporter) -> (artifact id: '78415f65e833413f2d44107b9c0fef70') in 0.0163399 seconds
Number of updated asset objects reloaded before import = 0Number of asset objects unloaded after import = 6

========================================================================
Received Import Request.
  Time since last request: 0.000035 seconds.
  path: Assets/TVE Collections/Unity - Terrain Demo/Prefabs Data/Impostors/Pine_A_Impostor_Shader.png
  artifactKey: Guid(52d110248db5ce1448810e18f3c98743) Importer(2089858483,b0f066a214c2f5e87bad3c948f4d605d)
Start importing Assets/TVE Collections/Unity - Terrain Demo/Prefabs Data/Impostors/Pine_A_Impostor_Shader.png using Guid(52d110248db5ce1448810e18f3c98743) Importer(2089858483,b0f066a214c2f5e87bad3c948f4d605d) (ScriptedImporter) -> (artifact id: '0300c8d72721b1ef5319c1897e6c4f4f') in 0.0619157 seconds
Number of updated asset objects reloaded before import = 0Number of asset objects unloaded after import = 1

========================================================================
Received Import Request.
  Time since last request: 0.000035 seconds.
  path: Assets/TVE Collections/Unity - Terrain Demo/Prefabs Data/Models/Pine_D_LOD1 E102 (TVE Model).asset
  artifactKey: Guid(97d905af0c1a5cc46b6b408ad4357ca9) Importer(2089858483,b0f066a214c2f5e87bad3c948f4d605d)
Start importing Assets/TVE Collections/Unity - Terrain Demo/Prefabs Data/Models/Pine_D_LOD1 E102 (TVE Model).asset using Guid(97d905af0c1a5cc46b6b408ad4357ca9) Importer(2089858483,b0f066a214c2f5e87bad3c948f4d605d) (ScriptedImporter) -> (artifact id: '62cbf22a7e5932e6c8ab0fe9e5447120') in 0.0164467 seconds
Number of updated asset objects reloaded before import = 0Number of asset objects unloaded after import = 1

========================================================================
Received Import Request.
  Time since last request: 0.000051 seconds.
  path: Assets/TVE Collections/Unity - Terrain Demo/Prefabs Data/Backups/BushDry_A 8800 (TVE Backup).prefab
  artifactKey: Guid(8d114c8687496e748abda4eb5eeee822) Importer(2089858483,b0f066a214c2f5e87bad3c948f4d605d)
Start importing Assets/TVE Collections/Unity - Terrain Demo/Prefabs Data/Backups/BushDry_A 8800 (TVE Backup).prefab using Guid(8d114c8687496e748abda4eb5eeee822) Importer(2089858483,b0f066a214c2f5e87bad3c948f4d605d) (ScriptedImporter) -> (artifact id: 'f40ebd23b3f420b13c2468cae3fab869') in 0.011911 seconds
Number of updated asset objects reloaded before import = 0Number of asset objects unloaded after import = 6

========================================================================
Received Import Request.
  Time since last request: 0.000052 seconds.
  path: Assets/TVE Collections/Unity - Terrain Demo/Prefabs With Original LODs/Grasses/GrassDry_A.prefab
  artifactKey: Guid(193048bba82987e4c8480d2160aeb886) Importer(2089858483,b0f066a214c2f5e87bad3c948f4d605d)
Start importing Assets/TVE Collections/Unity - Terrain Demo/Prefabs With Original LODs/Grasses/GrassDry_A.prefab using Guid(193048bba82987e4c8480d2160aeb886) Importer(2089858483,b0f066a214c2f5e87bad3c948f4d605d) (ScriptedImporter) -> (artifact id: 'ae83440c9795f1a9f3f8e34e13327aef') in 0.0166973 seconds
Number of updated asset objects reloaded before import = 0Number of asset objects unloaded after import = 9

========================================================================
Received Import Request.
  Time since last request: 0.000040 seconds.
  path: Assets/TVE Collections/Unity - Terrain Demo/Prefabs Data/Models/Rock_C_02_LOD02 4225 (TVE Model).asset
  artifactKey: Guid(700e173d113b21448be3eec7be3ed5bb) Importer(2089858483,b0f066a214c2f5e87bad3c948f4d605d)
Start importing Assets/TVE Collections/Unity - Terrain Demo/Prefabs Data/Models/Rock_C_02_LOD02 4225 (TVE Model).asset using Guid(700e173d113b21448be3eec7be3ed5bb) Importer(2089858483,b0f066a214c2f5e87bad3c948f4d605d) (ScriptedImporter) -> (artifact id: '4e2de1b744d21936b66b5bf9ae68b9d0') in 0.0097747 seconds
Number of updated asset objects reloaded before import = 0Number of asset objects unloaded after import = 1

========================================================================
Received Import Request.
  Time since last request: 0.000057 seconds.
  path: Assets/TVE Collections/Unity - Terrain Demo/Prefabs Data/Textures/Bark_Extra 3303 (TVE Texture).tga
  artifactKey: Guid(bb4114371e1c9bf4990221459eccbd83) Importer(2089858483,b0f066a214c2f5e87bad3c948f4d605d)
Start importing Assets/TVE Collections/Unity - Terrain Demo/Prefabs Data/Textures/Bark_Extra 3303 (TVE Texture).tga using Guid(bb4114371e1c9bf4990221459eccbd83) Importer(2089858483,b0f066a214c2f5e87bad3c948f4d605d) (ScriptedImporter) -> (artifact id: '455c744613dc6fc59aade7b61d289c09') in 0.0204721 seconds
Number of updated asset objects reloaded before import = 0Number of asset objects unloaded after import = 1

========================================================================
Received Import Request.
  Time since last request: 0.000050 seconds.
  path: Assets/TVE Collections/Unity - Terrain Demo/Prefabs Data/Models/Pine_A_LOD1 6601 (TVE Model).asset
  artifactKey: Guid(3c3773f6cbe93274bb596cbaa8d1f3ae) Importer(2089858483,b0f066a214c2f5e87bad3c948f4d605d)
Start importing Assets/TVE Collections/Unity - Terrain Demo/Prefabs Data/Models/Pine_A_LOD1 6601 (TVE Model).asset using Guid(3c3773f6cbe93274bb596cbaa8d1f3ae) Importer(2089858483,b0f066a214c2f5e87bad3c948f4d605d) (ScriptedImporter) -> (artifact id: '2eb6c277f9cc4563a5492cc2ebc88848') in 0.0077591 seconds
Number of updated asset objects reloaded before import = 0Number of asset objects unloaded after import = 1

========================================================================
Received Import Request.
  Time since last request: 0.000047 seconds.
  path: Assets/TVE Collections/Unity - Terrain Demo/Prefabs Data/Materials/Grass_A FC01 (TVE Material).mat
  artifactKey: Guid(aefa1254b1ffe2742b28d89a311e301d) Importer(2089858483,b0f066a214c2f5e87bad3c948f4d605d)
Start importing Assets/TVE Collections/Unity - Terrain Demo/Prefabs Data/Materials/Grass_A FC01 (TVE Material).mat using Guid(aefa1254b1ffe2742b28d89a311e301d) Importer(2089858483,b0f066a214c2f5e87bad3c948f4d605d) (ScriptedImporter) -> (artifact id: '9276a5f7bdbf70804dcb0f1a3c4f239d') in 0.008708 seconds
Number of updated asset objects reloaded before import = 0Number of asset objects unloaded after import = 1

========================================================================
Received Import Request.
  Time since last request: 0.000051 seconds.
  path: Assets/TVE Collections/Unity - Terrain Demo/Prefabs Data/Textures/Confier_Cap_Extra 3303 (TVE Texture).tga
  artifactKey: Guid(60b51b55ce1da0244a72b62af0d3b6ba) Importer(2089858483,b0f066a214c2f5e87bad3c948f4d605d)
Start importing Assets/TVE Collections/Unity - Terrain Demo/Prefabs Data/Textures/Confier_Cap_Extra 3303 (TVE Texture).tga using Guid(60b51b55ce1da0244a72b62af0d3b6ba) Importer(2089858483,b0f066a214c2f5e87bad3c948f4d605d) (ScriptedImporter) -> (artifact id: 'fe299a153f98dd48cf7445f5332bfde4') in 0.0150555 seconds
Number of updated asset objects reloaded before import = 0Number of asset objects unloaded after import = 1

========================================================================
Received Import Request.
  Time since last request: 0.000038 seconds.
  path: Assets/TVE Collections/Unity - Terrain Demo/Prefabs Data/Impostors/Bush_Red_Impostor_Vertex.png
  artifactKey: Guid(7e2da2c70846db447be74880ef5c5846) Importer(2089858483,b0f066a214c2f5e87bad3c948f4d605d)
Start importing Assets/TVE Collections/Unity - Terrain Demo/Prefabs Data/Impostors/Bush_Red_Impostor_Vertex.png using Guid(7e2da2c70846db447be74880ef5c5846) Importer(2089858483,b0f066a214c2f5e87bad3c948f4d605d) (ScriptedImporter) -> (artifact id: '40b291dd08aef2dfd2efe08fedd96fd0') in 0.060788 seconds
Number of updated asset objects reloaded before import = 0Number of asset objects unloaded after import = 1

========================================================================
Received Import Request.
  Time since last request: 0.000056 seconds.
  path: Assets/TVE Collections/Unity - Terrain Demo/Prefabs Data/Backups/Bush_B E000 (TVE Backup).prefab
  artifactKey: Guid(c91c25cc66205f34cafdb04651665ab0) Importer(2089858483,b0f066a214c2f5e87bad3c948f4d605d)
Start importing Assets/TVE Collections/Unity - Terrain Demo/Prefabs Data/Backups/Bush_B E000 (TVE Backup).prefab using Guid(c91c25cc66205f34cafdb04651665ab0) Importer(2089858483,b0f066a214c2f5e87bad3c948f4d605d) (ScriptedImporter) -> (artifact id: 'fd4b88048909ab766aed64163ebcbe0b') in 0.0127594 seconds
Number of updated asset objects reloaded before import = 0Number of asset objects unloaded after import = 6

========================================================================
Received Import Request.
  Time since last request: 0.000043 seconds.
  path: Assets/TVE Collections/Unity - Terrain Demo/Prefabs Data/Materials/Grass_Dry 0C01 (TVE Material).mat
  artifactKey: Guid(c1278869f05a61a4b8395c96faa6dcc4) Importer(2089858483,b0f066a214c2f5e87bad3c948f4d605d)
Start importing Assets/TVE Collections/Unity - Terrain Demo/Prefabs Data/Materials/Grass_Dry 0C01 (TVE Material).mat using Guid(c1278869f05a61a4b8395c96faa6dcc4) Importer(2089858483,b0f066a214c2f5e87bad3c948f4d605d) (ScriptedImporter) -> (artifact id: 'd76685bbb3c342b81b3e6dce2da89747') in 0.0094891 seconds
Number of updated asset objects reloaded before import = 0Number of asset objects unloaded after import = 1

========================================================================
Received Import Request.
  Time since last request: 21.159765 seconds.
  path: Assets/TVE Collections/Unity - Terrain Demo/Prefabs Data/Materials/Bush A401 (TVE Material).mat
  artifactKey: Guid(9bd784d119c609a4d873dcdc0c4401d1) Importer(815301076,1909f56bfc062723c751e8b465ee728b)
Start importing Assets/TVE Collections/Unity - Terrain Demo/Prefabs Data/Materials/Bush A401 (TVE Material).mat using Guid(9bd784d119c609a4d873dcdc0c4401d1) Importer(815301076,1909f56bfc062723c751e8b465ee728b) (PreviewImporter) -> (artifact id: 'd9aa7ea007a3d23ce353f6e70ebcc1f0') in 0.1427646 seconds
Number of updated asset objects reloaded before import = 0Number of asset objects unloaded after import = 2

========================================================================
Received Import Request.
  Time since last request: 0.000047 seconds.
  path: Assets/TVE Collections/Unity - Terrain Demo/Prefabs Data/Materials/Grass_A FC01 (TVE Material).mat
  artifactKey: Guid(aefa1254b1ffe2742b28d89a311e301d) Importer(815301076,1909f56bfc062723c751e8b465ee728b)
Start importing Assets/TVE Collections/Unity - Terrain Demo/Prefabs Data/Materials/Grass_A FC01 (TVE Material).mat using Guid(aefa1254b1ffe2742b28d89a311e301d) Importer(815301076,1909f56bfc062723c751e8b465ee728b) (PreviewImporter) -> (artifact id: '084bfb435d5705ccbfa91a5d5549131f') in 0.0199705 seconds
Number of updated asset objects reloaded before import = 0Number of asset objects unloaded after import = 2

========================================================================
Received Import Request.
  Time since last request: 0.000040 seconds.
  path: Assets/TVE Collections/Unity - Terrain Demo/Prefabs Data/Materials/Bush_Twig 8E01 (TVE Material).mat
  artifactKey: Guid(4e5bcaea10137f04cb5463f7f0893129) Importer(815301076,1909f56bfc062723c751e8b465ee728b)
Start importing Assets/TVE Collections/Unity - Terrain Demo/Prefabs Data/Materials/Bush_Twig 8E01 (TVE Material).mat using Guid(4e5bcaea10137f04cb5463f7f0893129) Importer(815301076,1909f56bfc062723c751e8b465ee728b) (PreviewImporter) -> (artifact id: '125d585457d21cb4386823514539d69c') in 0.0165193 seconds
Number of updated asset objects reloaded before import = 0Number of asset objects unloaded after import = 2

========================================================================
Received Import Request.
  Time since last request: 0.000032 seconds.
  path: Assets/TVE Collections/Unity - Terrain Demo/Prefabs Data/Materials/Pine_C_Billboard_LOD3 A901 (TVE Material).mat
  artifactKey: Guid(f05e077fff199144ab0343d1b62bc1dc) Importer(815301076,1909f56bfc062723c751e8b465ee728b)
Start importing Assets/TVE Collections/Unity - Terrain Demo/Prefabs Data/Materials/Pine_C_Billboard_LOD3 A901 (TVE Material).mat using Guid(f05e077fff199144ab0343d1b62bc1dc) Importer(815301076,1909f56bfc062723c751e8b465ee728b) (PreviewImporter) -> (artifact id: '71a6280f30e9db92341c7e80f15ea155') in 0.0485372 seconds
Number of updated asset objects reloaded before import = 0Number of asset objects unloaded after import = 2

========================================================================
Received Import Request.
  Time since last request: 0.000041 seconds.
  path: Assets/TVE Collections/Unity - Terrain Demo/Prefabs Data/Materials/Pine_B_Billboard_LOD3 4701 (TVE Material).mat
  artifactKey: Guid(de4c45f1dcede6c44be7973d827fef99) Importer(815301076,1909f56bfc062723c751e8b465ee728b)
Start importing Assets/TVE Collections/Unity - Terrain Demo/Prefabs Data/Materials/Pine_B_Billboard_LOD3 4701 (TVE Material).mat using Guid(de4c45f1dcede6c44be7973d827fef99) Importer(815301076,1909f56bfc062723c751e8b465ee728b) (PreviewImporter) -> (artifact id: 'd4c3ee5044e8856bc02ff70c23239624') in 0.0208381 seconds
Number of updated asset objects reloaded before import = 0Number of asset objects unloaded after import = 2

========================================================================
Received Import Request.
  Time since last request: 0.000039 seconds.
  path: Assets/TVE Collections/Unity - Terrain Demo/Prefabs Data/Materials/Conifer_Billboard 8001 (TVE Material).mat
  artifactKey: Guid(68b26cf77fc4fa54986fbf5b87ecd165) Importer(815301076,1909f56bfc062723c751e8b465ee728b)
Start importing Assets/TVE Collections/Unity - Terrain Demo/Prefabs Data/Materials/Conifer_Billboard 8001 (TVE Material).mat using Guid(68b26cf77fc4fa54986fbf5b87ecd165) Importer(815301076,1909f56bfc062723c751e8b465ee728b) (PreviewImporter) -> (artifact id: '43795c8f87f32586f8377f2a884c69c3') in 0.0189944 seconds
Number of updated asset objects reloaded before import = 0Number of asset objects unloaded after import = 2

========================================================================
Received Import Request.
  Time since last request: 0.000087 seconds.
  path: Assets/TVE Collections/Unity - Terrain Demo/Prefabs Data/Materials/Rock_A 5D01 (TVE Material).mat
  artifactKey: Guid(e8f5030db2378b54494a74a3ac8648ce) Importer(815301076,1909f56bfc062723c751e8b465ee728b)
Start importing Assets/TVE Collections/Unity - Terrain Demo/Prefabs Data/Materials/Rock_A 5D01 (TVE Material).mat using Guid(e8f5030db2378b54494a74a3ac8648ce) Importer(815301076,1909f56bfc062723c751e8b465ee728b) (PreviewImporter) -> (artifact id: '3ca6c3a846f111a77693a4a633de492e') in 0.0168369 seconds
Number of updated asset objects reloaded before import = 0Number of asset objects unloaded after import = 1

========================================================================
Received Import Request.
  Time since last request: 0.000033 seconds.
  path: Assets/TVE Collections/Unity - Terrain Demo/Prefabs Data/Materials/Rock_Overgrown_B DD01 (TVE Material).mat
  artifactKey: Guid(f411ad69e94c0fb4face19691912c122) Importer(815301076,1909f56bfc062723c751e8b465ee728b)
Start importing Assets/TVE Collections/Unity - Terrain Demo/Prefabs Data/Materials/Rock_Overgrown_B DD01 (TVE Material).mat using Guid(f411ad69e94c0fb4face19691912c122) Importer(815301076,1909f56bfc062723c751e8b465ee728b) (PreviewImporter) -> (artifact id: '8e55ed54840a1f7b487ec64a6368921e') in 0.0116115 seconds
Number of updated asset objects reloaded before import = 0Number of asset objects unloaded after import = 1

========================================================================
Received Import Request.
  Time since last request: 0.000049 seconds.
  path: Assets/TVE Collections/Unity - Terrain Demo/Prefabs Data/Materials/Pine_D_Billboard_LOD3 DE01 (TVE Material).mat
  artifactKey: Guid(5f89314709e64ce4db02fc5a747d5d41) Importer(815301076,1909f56bfc062723c751e8b465ee728b)
Start importing Assets/TVE Collections/Unity - Terrain Demo/Prefabs Data/Materials/Pine_D_Billboard_LOD3 DE01 (TVE Material).mat using Guid(5f89314709e64ce4db02fc5a747d5d41) Importer(815301076,1909f56bfc062723c751e8b465ee728b) (PreviewImporter) -> (artifact id: '0ec908d1172832296010b319545b4d4e') in 0.025948 seconds
Number of updated asset objects reloaded before import = 0Number of asset objects unloaded after import = 2

========================================================================
Received Import Request.
  Time since last request: 0.000028 seconds.
  path: Assets/TVE Collections/Unity - Terrain Demo/Prefabs Data/Materials/Rock_D 9300 (TVE Material).mat
  artifactKey: Guid(789125b66724f0846b1f7733c469aae4) Importer(815301076,1909f56bfc062723c751e8b465ee728b)
Start importing Assets/TVE Collections/Unity - Terrain Demo/Prefabs Data/Materials/Rock_D 9300 (TVE Material).mat using Guid(789125b66724f0846b1f7733c469aae4) Importer(815301076,1909f56bfc062723c751e8b465ee728b) (PreviewImporter) -> (artifact id: '31ab090bece625ca5e5ac2cca9fbdf91') in 0.0135851 seconds
Number of updated asset objects reloaded before import = 0Number of asset objects unloaded after import = 1

========================================================================
Received Import Request.
  Time since last request: 0.000056 seconds.
  path: Assets/TVE Collections/Unity - Terrain Demo/Prefabs Data/Materials/Pine_A_Bark 5E00 (TVE Material).mat
  artifactKey: Guid(e3cbc4e0a7e3c6843956357b9808f7ea) Importer(815301076,1909f56bfc062723c751e8b465ee728b)
Start importing Assets/TVE Collections/Unity - Terrain Demo/Prefabs Data/Materials/Pine_A_Bark 5E00 (TVE Material).mat using Guid(e3cbc4e0a7e3c6843956357b9808f7ea) Importer(815301076,1909f56bfc062723c751e8b465ee728b) (PreviewImporter) -> (artifact id: 'e82147ca0340e5cc0217a9e8538176e9') in 0.0199909 seconds
Number of updated asset objects reloaded before import = 0Number of asset objects unloaded after import = 2

========================================================================
Received Import Request.
  Time since last request: 0.000060 seconds.
  path: Assets/TVE Collections/Unity - Terrain Demo/Prefabs Data/Materials/Pine_D ED01 (TVE Material).mat
  artifactKey: Guid(4ebcc89dc75ce234d84b4217c3ba73d3) Importer(815301076,1909f56bfc062723c751e8b465ee728b)
Start importing Assets/TVE Collections/Unity - Terrain Demo/Prefabs Data/Materials/Pine_D ED01 (TVE Material).mat using Guid(4ebcc89dc75ce234d84b4217c3ba73d3) Importer(815301076,1909f56bfc062723c751e8b465ee728b) (PreviewImporter) -> (artifact id: '67b813cbc4719f1b5b70720d9d5b1b23') in 0.0214619 seconds
Number of updated asset objects reloaded before import = 0Number of asset objects unloaded after import = 2

========================================================================
Received Import Request.
  Time since last request: 0.000034 seconds.
  path: Assets/TVE Collections/Unity - Terrain Demo/Prefabs Data/Materials/Pine_B 1300 (TVE Material).mat
  artifactKey: Guid(7c0a9e64f82528f4299b1d665fd067a2) Importer(815301076,1909f56bfc062723c751e8b465ee728b)
Start importing Assets/TVE Collections/Unity - Terrain Demo/Prefabs Data/Materials/Pine_B 1300 (TVE Material).mat using Guid(7c0a9e64f82528f4299b1d665fd067a2) Importer(815301076,1909f56bfc062723c751e8b465ee728b) (PreviewImporter) -> (artifact id: '3bb6ffb1a7d6d0f7b813e1cab1edcc0c') in 0.0189636 seconds
Number of updated asset objects reloaded before import = 0Number of asset objects unloaded after import = 2

========================================================================
Received Import Request.
  Time since last request: 0.000036 seconds.
  path: Assets/TVE Collections/Unity - Terrain Demo/Prefabs Data/Materials/Pine_A 2C01 (TVE Material).mat
  artifactKey: Guid(7c6f57e36bc8a9b46af9d8e936546150) Importer(815301076,1909f56bfc062723c751e8b465ee728b)
Start importing Assets/TVE Collections/Unity - Terrain Demo/Prefabs Data/Materials/Pine_A 2C01 (TVE Material).mat using Guid(7c6f57e36bc8a9b46af9d8e936546150) Importer(815301076,1909f56bfc062723c751e8b465ee728b) (PreviewImporter) -> (artifact id: '88e88e78696efa21ae5a426b6c21e6ec') in 0.0156559 seconds
Number of updated asset objects reloaded before import = 0Number of asset objects unloaded after import = 2

========================================================================
Received Import Request.
  Time since last request: 0.000036 seconds.
  path: Assets/TVE Collections/Unity - Terrain Demo/Prefabs Data/Materials/Heather 9E01 (TVE Material).mat
  artifactKey: Guid(3bcc09afea1def740bce22d7a6b31efe) Importer(815301076,1909f56bfc062723c751e8b465ee728b)
Start importing Assets/TVE Collections/Unity - Terrain Demo/Prefabs Data/Materials/Heather 9E01 (TVE Material).mat using Guid(3bcc09afea1def740bce22d7a6b31efe) Importer(815301076,1909f56bfc062723c751e8b465ee728b) (PreviewImporter) -> (artifact id: '253d4b6222096cf584ed1093c58abd76') in 0.016331 seconds
Number of updated asset objects reloaded before import = 0Number of asset objects unloaded after import = 2

========================================================================
Received Import Request.
  Time since last request: 0.000041 seconds.
  path: Assets/TVE Collections/Unity - Terrain Demo/Prefabs Data/Materials/Pine_D_Bark C201 (TVE Material).mat
  artifactKey: Guid(d51ee059d3cadfa4c9f025ed98a3710d) Importer(815301076,1909f56bfc062723c751e8b465ee728b)
Start importing Assets/TVE Collections/Unity - Terrain Demo/Prefabs Data/Materials/Pine_D_Bark C201 (TVE Material).mat using Guid(d51ee059d3cadfa4c9f025ed98a3710d) Importer(815301076,1909f56bfc062723c751e8b465ee728b) (PreviewImporter) -> (artifact id: '4e3691c02bea610691727562fb36715f') in 0.0244267 seconds
Number of updated asset objects reloaded before import = 0Number of asset objects unloaded after import = 2

========================================================================
Received Import Request.
  Time since last request: 0.000048 seconds.
  path: Assets/TVE Collections/Unity - Terrain Demo/Prefabs Data/Materials/Pine_B_Bark B501 (TVE Material).mat
  artifactKey: Guid(05832438848e82341a2538c8dd0d4be4) Importer(815301076,1909f56bfc062723c751e8b465ee728b)
Start importing Assets/TVE Collections/Unity - Terrain Demo/Prefabs Data/Materials/Pine_B_Bark B501 (TVE Material).mat using Guid(05832438848e82341a2538c8dd0d4be4) Importer(815301076,1909f56bfc062723c751e8b465ee728b) (PreviewImporter) -> (artifact id: 'd30a14091e57a09f8db1141125caa71d') in 0.0187837 seconds
Number of updated asset objects reloaded before import = 0Number of asset objects unloaded after import = 2

========================================================================
Received Import Request.
  Time since last request: 0.000039 seconds.
  path: Assets/TVE Collections/Unity - Terrain Demo/Prefabs Data/Materials/Bush_Red 1D00 (TVE Material).mat
  artifactKey: Guid(c13e69d07bae9cf42b559f06e0be8c9a) Importer(815301076,1909f56bfc062723c751e8b465ee728b)
Start importing Assets/TVE Collections/Unity - Terrain Demo/Prefabs Data/Materials/Bush_Red 1D00 (TVE Material).mat using Guid(c13e69d07bae9cf42b559f06e0be8c9a) Importer(815301076,1909f56bfc062723c751e8b465ee728b) (PreviewImporter) -> (artifact id: 'dde7cf8172337f62856cf89b0d08ee0b') in 0.0140477 seconds
Number of updated asset objects reloaded before import = 0Number of asset objects unloaded after import = 2

========================================================================
Received Import Request.
  Time since last request: 144.921346 seconds.
  path: Assets/TVE Collections/Unity - Terrain Demo/Prefabs Data/Textures/Bark_Extra 3303 (TVE Texture).tga
  artifactKey: Guid(bb4114371e1c9bf4990221459eccbd83) Importer(815301076,1909f56bfc062723c751e8b465ee728b)
Start importing Assets/TVE Collections/Unity - Terrain Demo/Prefabs Data/Textures/Bark_Extra 3303 (TVE Texture).tga using Guid(bb4114371e1c9bf4990221459eccbd83) Importer(815301076,1909f56bfc062723c751e8b465ee728b) (PreviewImporter) -> (artifact id: '1d8da76450d4a10a19885d1d65b5d3c0') in 0.1108958 seconds
Number of updated asset objects reloaded before import = 0Number of asset objects unloaded after import = 2

========================================================================
Received Import Request.
  Time since last request: 0.000315 seconds.
  path: Assets/TVE Collections/Unity - Terrain Demo/Prefabs Data/Textures/Bark_Extra 9909 (TVE Texture).tga
  artifactKey: Guid(fd0e168d5dea7154bba144f05bf7ad69) Importer(815301076,1909f56bfc062723c751e8b465ee728b)
Start importing Assets/TVE Collections/Unity - Terrain Demo/Prefabs Data/Textures/Bark_Extra 9909 (TVE Texture).tga using Guid(fd0e168d5dea7154bba144f05bf7ad69) Importer(815301076,1909f56bfc062723c751e8b465ee728b) (PreviewImporter) -> (artifact id: '9f0ff4a8340cea0b9332f14b47257002') in 0.0458124 seconds
Number of updated asset objects reloaded before import = 0Number of asset objects unloaded after import = 2

========================================================================
Received Import Request.
  Time since last request: 0.000048 seconds.
  path: Assets/TVE Collections/Unity - Terrain Demo/Prefabs Data/Textures/Bark_Extra 8808 (TVE Texture).tga
  artifactKey: Guid(9b504940c3fc8ce4584835bd50f35252) Importer(815301076,1909f56bfc062723c751e8b465ee728b)
Start importing Assets/TVE Collections/Unity - Terrain Demo/Prefabs Data/Textures/Bark_Extra 8808 (TVE Texture).tga using Guid(9b504940c3fc8ce4584835bd50f35252) Importer(815301076,1909f56bfc062723c751e8b465ee728b) (PreviewImporter) -> (artifact id: '87195ca79127dff9347a6280f74d9ffd') in 0.0320721 seconds
Number of updated asset objects reloaded before import = 0Number of asset objects unloaded after import = 2

========================================================================
Received Import Request.
  Time since last request: 0.000046 seconds.
  path: Assets/TVE Collections/Unity - Terrain Demo/Prefabs Data/Textures/Bush_A_MaskMap 0000 (TVE Texture).tga
  artifactKey: Guid(837d14109c4d4974aaa9e7be9c8698d0) Importer(815301076,1909f56bfc062723c751e8b465ee728b)
Start importing Assets/TVE Collections/Unity - Terrain Demo/Prefabs Data/Textures/Bush_A_MaskMap 0000 (TVE Texture).tga using Guid(837d14109c4d4974aaa9e7be9c8698d0) Importer(815301076,1909f56bfc062723c751e8b465ee728b) (PreviewImporter) -> (artifact id: 'ae9af0c49c484bdaa202e2e53913ac2e') in 0.02005 seconds
Number of updated asset objects reloaded before import = 0Number of asset objects unloaded after import = 2

========================================================================
Received Import Request.
  Time since last request: 5.540923 seconds.
  path: Assets/TVE Collections/Unity - Terrain Demo/Prefabs Data/Impostors/Bush_Red_Impostor_Shader.png
  artifactKey: Guid(31dc2e96fbddf934c99a1e919b800879) Importer(815301076,1909f56bfc062723c751e8b465ee728b)
Start importing Assets/TVE Collections/Unity - Terrain Demo/Prefabs Data/Impostors/Bush_Red_Impostor_Shader.png using Guid(31dc2e96fbddf934c99a1e919b800879) Importer(815301076,1909f56bfc062723c751e8b465ee728b) (PreviewImporter) -> (artifact id: '246b27bef9c01200fed2c07bf3b68877') in 0.0826632 seconds
Number of updated asset objects reloaded before import = 0Number of asset objects unloaded after import = 2

========================================================================
Received Import Request.
  Time since last request: 0.098538 seconds.
  path: Assets/TVE Collections/Unity - Terrain Demo/Prefabs Data/Textures/Bush_Twig_MaskMap 99F9 (TVE Texture).tga
  artifactKey: Guid(b6e2d4c330d93fc4aa3b745beb53edf0) Importer(815301076,1909f56bfc062723c751e8b465ee728b)
Start importing Assets/TVE Collections/Unity - Terrain Demo/Prefabs Data/Textures/Bush_Twig_MaskMap 99F9 (TVE Texture).tga using Guid(b6e2d4c330d93fc4aa3b745beb53edf0) Importer(815301076,1909f56bfc062723c751e8b465ee728b) (PreviewImporter) -> (artifact id: '3b53c89fed3c002cafaa86610834baed') in 0.0281373 seconds
Number of updated asset objects reloaded before import = 0Number of asset objects unloaded after import = 2

========================================================================
Received Import Request.
  Time since last request: 0.000044 seconds.
  path: Assets/TVE Collections/Unity - Terrain Demo/Prefabs Data/Textures/Conifer_Extra EEBE (TVE Texture).tga
  artifactKey: Guid(095d5b89527c77441bb5260d62daabb9) Importer(815301076,1909f56bfc062723c751e8b465ee728b)
Start importing Assets/TVE Collections/Unity - Terrain Demo/Prefabs Data/Textures/Conifer_Extra EEBE (TVE Texture).tga using Guid(095d5b89527c77441bb5260d62daabb9) Importer(815301076,1909f56bfc062723c751e8b465ee728b) (PreviewImporter) -> (artifact id: 'eda9007605e210d4c2d29c2392400fca') in 0.0263356 seconds
Number of updated asset objects reloaded before import = 0Number of asset objects unloaded after import = 2

========================================================================
Received Import Request.
  Time since last request: 0.000035 seconds.
  path: Assets/TVE Collections/Unity - Terrain Demo/Prefabs Data/Textures/Confier_Cap_Extra 3303 (TVE Texture).tga
  artifactKey: Guid(60b51b55ce1da0244a72b62af0d3b6ba) Importer(815301076,1909f56bfc062723c751e8b465ee728b)
Start importing Assets/TVE Collections/Unity - Terrain Demo/Prefabs Data/Textures/Confier_Cap_Extra 3303 (TVE Texture).tga using Guid(60b51b55ce1da0244a72b62af0d3b6ba) Importer(815301076,1909f56bfc062723c751e8b465ee728b) (PreviewImporter) -> (artifact id: '3e40199711014d07550e5febbde9cc5c') in 0.0217307 seconds
Number of updated asset objects reloaded before import = 0Number of asset objects unloaded after import = 2

========================================================================
Received Import Request.
  Time since last request: 11.238417 seconds.
  path: Assets/TVE Collections/Unity - Terrain Demo/Prefabs With Original LODs/Grasses/Bush_B.prefab
  artifactKey: Guid(e0de77e9c4b0d4f40a660e03a009c4c8) Importer(815301076,1909f56bfc062723c751e8b465ee728b)
Start importing Assets/TVE Collections/Unity - Terrain Demo/Prefabs With Original LODs/Grasses/Bush_B.prefab using Guid(e0de77e9c4b0d4f40a660e03a009c4c8) Importer(815301076,1909f56bfc062723c751e8b465ee728b) (PreviewImporter) -> (artifact id: '98f3122e56cc7feb9f9f916e3a773498') in 0.0593724 seconds
Number of updated asset objects reloaded before import = 0Number of asset objects unloaded after import = 10

========================================================================
Received Import Request.
  Time since last request: 0.000038 seconds.
  path: Assets/TVE Collections/Unity - Terrain Demo/Prefabs With Original LODs/Grasses/GrassDry_A.prefab
  artifactKey: Guid(193048bba82987e4c8480d2160aeb886) Importer(815301076,1909f56bfc062723c751e8b465ee728b)
Start importing Assets/TVE Collections/Unity - Terrain Demo/Prefabs With Original LODs/Grasses/GrassDry_A.prefab using Guid(193048bba82987e4c8480d2160aeb886) Importer(815301076,1909f56bfc062723c751e8b465ee728b) (PreviewImporter) -> (artifact id: 'bf7707cf02586f5329ffbcafe8bd1274') in 0.0327589 seconds
Number of updated asset objects reloaded before import = 0Number of asset objects unloaded after import = 10

========================================================================
Received Import Request.
  Time since last request: 0.000056 seconds.
  path: Assets/TVE Collections/Unity - Terrain Demo/Prefabs With Original LODs/Grasses/Heather_B.prefab
  artifactKey: Guid(591a9c872df10ff4d9042cc32cebdbb7) Importer(815301076,1909f56bfc062723c751e8b465ee728b)
Start importing Assets/TVE Collections/Unity - Terrain Demo/Prefabs With Original LODs/Grasses/Heather_B.prefab using Guid(591a9c872df10ff4d9042cc32cebdbb7) Importer(815301076,1909f56bfc062723c751e8b465ee728b) (PreviewImporter) -> (artifact id: '77c285fdd005ec790709e3a242450de6') in 0.0326362 seconds
Number of updated asset objects reloaded before import = 0Number of asset objects unloaded after import = 10

========================================================================
Received Import Request.
  Time since last request: 0.000059 seconds.
  path: Assets/TVE Collections/Unity - Terrain Demo/Prefabs With Original LODs/Grasses/Grass_C.prefab
  artifactKey: Guid(bbd2f6e869e3e174db7008179e029ccf) Importer(815301076,1909f56bfc062723c751e8b465ee728b)
Start importing Assets/TVE Collections/Unity - Terrain Demo/Prefabs With Original LODs/Grasses/Grass_C.prefab using Guid(bbd2f6e869e3e174db7008179e029ccf) Importer(815301076,1909f56bfc062723c751e8b465ee728b) (PreviewImporter) -> (artifact id: 'f543a5f46aaf72301f5a5714c00d2b88') in 0.0204419 seconds
Number of updated asset objects reloaded before import = 0Number of asset objects unloaded after import = 10

========================================================================
Received Import Request.
  Time since last request: 0.000049 seconds.
  path: Assets/TVE Collections/Unity - Terrain Demo/Prefabs With Original LODs/Grasses/Grass_D.prefab
  artifactKey: Guid(af40333d902e5c14f9ea3357106c0fc6) Importer(815301076,1909f56bfc062723c751e8b465ee728b)
Start importing Assets/TVE Collections/Unity - Terrain Demo/Prefabs With Original LODs/Grasses/Grass_D.prefab using Guid(af40333d902e5c14f9ea3357106c0fc6) Importer(815301076,1909f56bfc062723c751e8b465ee728b) (PreviewImporter) -> (artifact id: 'e4fa1ab2a5610f8bb69b216cc81771e5') in 0.0206647 seconds
Number of updated asset objects reloaded before import = 0Number of asset objects unloaded after import = 10

========================================================================
Received Import Request.
  Time since last request: 0.000038 seconds.
  path: Assets/TVE Collections/Unity - Terrain Demo/Prefabs With Original LODs/Grasses/BushDry_B.prefab
  artifactKey: Guid(09cb2d8d27a757f4db074db6f5c83f0d) Importer(815301076,1909f56bfc062723c751e8b465ee728b)
Start importing Assets/TVE Collections/Unity - Terrain Demo/Prefabs With Original LODs/Grasses/BushDry_B.prefab using Guid(09cb2d8d27a757f4db074db6f5c83f0d) Importer(815301076,1909f56bfc062723c751e8b465ee728b) (PreviewImporter) -> (artifact id: 'cc072ae7d5748e17cdd84d319e25a204') in 0.0252675 seconds
Number of updated asset objects reloaded before import = 0Number of asset objects unloaded after import = 10

========================================================================
Received Import Request.
  Time since last request: 0.000037 seconds.
  path: Assets/TVE Collections/Unity - Terrain Demo/Prefabs With Original LODs/Grasses/GrassDry_C.prefab
  artifactKey: Guid(0cb569f1c3e829545a3f32a0f1efaf8a) Importer(815301076,1909f56bfc062723c751e8b465ee728b)
Start importing Assets/TVE Collections/Unity - Terrain Demo/Prefabs With Original LODs/Grasses/GrassDry_C.prefab using Guid(0cb569f1c3e829545a3f32a0f1efaf8a) Importer(815301076,1909f56bfc062723c751e8b465ee728b) (PreviewImporter) -> (artifact id: 'af9248a441120d93169361c4e78aec04') in 0.0201044 seconds
Number of updated asset objects reloaded before import = 0Number of asset objects unloaded after import = 10

========================================================================
Received Import Request.
  Time since last request: 0.000041 seconds.
  path: Assets/TVE Collections/Unity - Terrain Demo/Prefabs With Original LODs/Grasses/GrassDry_B.prefab
  artifactKey: Guid(6c91a94f717bc9545b1f28dd5c90a202) Importer(815301076,1909f56bfc062723c751e8b465ee728b)
Start importing Assets/TVE Collections/Unity - Terrain Demo/Prefabs With Original LODs/Grasses/GrassDry_B.prefab using Guid(6c91a94f717bc9545b1f28dd5c90a202) Importer(815301076,1909f56bfc062723c751e8b465ee728b) (PreviewImporter) -> (artifact id: '68599d333741b17620878e2adbe95604') in 0.0182882 seconds
Number of updated asset objects reloaded before import = 0Number of asset objects unloaded after import = 10

========================================================================
Received Import Request.
  Time since last request: 5.940404 seconds.
  path: Assets/TVE Collections/Unity - Terrain Demo/Prefabs With Impostor LODs/Trees/Cypress.prefab
  artifactKey: Guid(2688f9a79919b434e846854a66ff8f9d) Importer(815301076,1909f56bfc062723c751e8b465ee728b)
Start importing Assets/TVE Collections/Unity - Terrain Demo/Prefabs With Impostor LODs/Trees/Cypress.prefab using Guid(2688f9a79919b434e846854a66ff8f9d) Importer(815301076,1909f56bfc062723c751e8b465ee728b) (PreviewImporter) -> (artifact id: '00f6060de9c21974c7949ed3f704cc97') in 0.4087288 seconds
Number of updated asset objects reloaded before import = 0Number of asset objects unloaded after import = 38

========================================================================
Received Import Request.
  Time since last request: 0.000035 seconds.
  path: Assets/TVE Collections/Unity - Terrain Demo/Prefabs With Impostor LODs/Trees/Pine_C.prefab
  artifactKey: Guid(7e467b37461d75640809bf24cca9eb97) Importer(815301076,1909f56bfc062723c751e8b465ee728b)
Start importing Assets/TVE Collections/Unity - Terrain Demo/Prefabs With Impostor LODs/Trees/Pine_C.prefab using Guid(7e467b37461d75640809bf24cca9eb97) Importer(815301076,1909f56bfc062723c751e8b465ee728b) (PreviewImporter) -> (artifact id: '5ab353691a2a3a498034ebbd9ca92bda') in 0.3740643 seconds
Number of updated asset objects reloaded before import = 0Number of asset objects unloaded after import = 38

========================================================================
Received Import Request.
  Time since last request: 0.000078 seconds.
  path: Assets/TVE Collections/Unity - Terrain Demo/Prefabs With Impostor LODs/Trees/Pine_A.prefab
  artifactKey: Guid(32d39cbd2e53c6c46b052dd87c44e89f) Importer(815301076,1909f56bfc062723c751e8b465ee728b)
Start importing Assets/TVE Collections/Unity - Terrain Demo/Prefabs With Impostor LODs/Trees/Pine_A.prefab using Guid(32d39cbd2e53c6c46b052dd87c44e89f) Importer(815301076,1909f56bfc062723c751e8b465ee728b) (PreviewImporter) -> (artifact id: '7aa0515baf475363319d1e44375b836c') in 0.3282177 seconds
Number of updated asset objects reloaded before import = 0Number of asset objects unloaded after import = 38

========================================================================
Received Import Request.
  Time since last request: 0.712359 seconds.
  path: Assets/TVE Collections/Unity - Terrain Demo/Prefabs With Original LODs/Ferns/Fern_B.prefab
  artifactKey: Guid(ddd4ed82619488c46beb1a9b2fee055e) Importer(815301076,1909f56bfc062723c751e8b465ee728b)
Start importing Assets/TVE Collections/Unity - Terrain Demo/Prefabs With Original LODs/Ferns/Fern_B.prefab using Guid(ddd4ed82619488c46beb1a9b2fee055e) Importer(815301076,1909f56bfc062723c751e8b465ee728b) (PreviewImporter) -> (artifact id: 'a7bca4cf7e7a90ce4b679e248898504a') in 0.0303512 seconds
Number of updated asset objects reloaded before import = 0Number of asset objects unloaded after import = 10

========================================================================
Received Import Request.
  Time since last request: 2.153859 seconds.
  path: Assets/TVE Collections/Unity - Terrain Demo/Prefabs Data/Backups/Bush_B AD00 (TVE Backup).prefab
  artifactKey: Guid(f9f349dd06f5e5f4e80277cda6a8b75f) Importer(815301076,1909f56bfc062723c751e8b465ee728b)
Start importing Assets/TVE Collections/Unity - Terrain Demo/Prefabs Data/Backups/Bush_B AD00 (TVE Backup).prefab using Guid(f9f349dd06f5e5f4e80277cda6a8b75f) Importer(815301076,1909f56bfc062723c751e8b465ee728b) (PreviewImporter) -> (artifact id: '1aa1b63bf8ed5a4dba691842e5d34d75') in 0.0038253 seconds
Number of updated asset objects reloaded before import = 0Number of asset objects unloaded after import = 6

========================================================================
Received Import Request.
  Time since last request: 0.000041 seconds.
  path: Assets/TVE Collections/Unity - Terrain Demo/Prefabs Data/Backups/Grass_B F200 (TVE Backup).prefab
  artifactKey: Guid(09d1c9930255035458c74824db42b6a5) Importer(815301076,1909f56bfc062723c751e8b465ee728b)
Start importing Assets/TVE Collections/Unity - Terrain Demo/Prefabs Data/Backups/Grass_B F200 (TVE Backup).prefab using Guid(09d1c9930255035458c74824db42b6a5) Importer(815301076,1909f56bfc062723c751e8b465ee728b) (PreviewImporter) -> (artifact id: '0e5bf2ecfeef8567759a7f6779b7838b') in 0.0035572 seconds
Number of updated asset objects reloaded before import = 0Number of asset objects unloaded after import = 6

========================================================================
Received Import Request.
  Time since last request: 0.000048 seconds.
  path: Assets/TVE Collections/Unity - Terrain Demo/Prefabs Data/Backups/Rock_B_01 4900 (TVE Backup).prefab
  artifactKey: Guid(b743f1d9b245a0048b4c1cf00606394d) Importer(815301076,1909f56bfc062723c751e8b465ee728b)
Start importing Assets/TVE Collections/Unity - Terrain Demo/Prefabs Data/Backups/Rock_B_01 4900 (TVE Backup).prefab using Guid(b743f1d9b245a0048b4c1cf00606394d) Importer(815301076,1909f56bfc062723c751e8b465ee728b) (PreviewImporter) -> (artifact id: '8a194d31d0400df110eeffebedba0f10') in 0.0118462 seconds
Number of updated asset objects reloaded before import = 0Number of asset objects unloaded after import = 1

========================================================================
Received Import Request.
  Time since last request: 0.000048 seconds.
  path: Assets/TVE Collections/Unity - Terrain Demo/Prefabs Data/Backups/Rock_C_01 7300 (TVE Backup).prefab
  artifactKey: Guid(537f6de0c51240446921710dfecb6d40) Importer(815301076,1909f56bfc062723c751e8b465ee728b)
Start importing Assets/TVE Collections/Unity - Terrain Demo/Prefabs Data/Backups/Rock_C_01 7300 (TVE Backup).prefab using Guid(537f6de0c51240446921710dfecb6d40) Importer(815301076,1909f56bfc062723c751e8b465ee728b) (PreviewImporter) -> (artifact id: 'cf7709d7b14389b880d099fccf4bc43c') in 0.0021082 seconds
Number of updated asset objects reloaded before import = 0Number of asset objects unloaded after import = 1

========================================================================
Received Import Request.
  Time since last request: 0.000042 seconds.
  path: Assets/TVE Collections/Unity - Terrain Demo/Prefabs Data/Backups/GrassDry_D 8200 (TVE Backup).prefab
  artifactKey: Guid(aaafbd407a1340341b84328ead297ffa) Importer(815301076,1909f56bfc062723c751e8b465ee728b)
Start importing Assets/TVE Collections/Unity - Terrain Demo/Prefabs Data/Backups/GrassDry_D 8200 (TVE Backup).prefab using Guid(aaafbd407a1340341b84328ead297ffa) Importer(815301076,1909f56bfc062723c751e8b465ee728b) (PreviewImporter) -> (artifact id: '2b6157f42d7a1160ba2187ed7b81b5c4') in 0.0042201 seconds
Number of updated asset objects reloaded before import = 0Number of asset objects unloaded after import = 6

========================================================================
Received Import Request.
  Time since last request: 0.000030 seconds.
  path: Assets/TVE Collections/Unity - Terrain Demo/Prefabs Data/Backups/Grass_D AF00 (TVE Backup).prefab
  artifactKey: Guid(97e0ff6b827b48d489c9baafd100e968) Importer(815301076,1909f56bfc062723c751e8b465ee728b)
Start importing Assets/TVE Collections/Unity - Terrain Demo/Prefabs Data/Backups/Grass_D AF00 (TVE Backup).prefab using Guid(97e0ff6b827b48d489c9baafd100e968) Importer(815301076,1909f56bfc062723c751e8b465ee728b) (PreviewImporter) -> (artifact id: '66ae536033d6734b1bed5555ab075d60') in 0.0080082 seconds
Number of updated asset objects reloaded before import = 0Number of asset objects unloaded after import = 6

========================================================================
Received Import Request.
  Time since last request: 0.000035 seconds.
  path: Assets/TVE Collections/Unity - Terrain Demo/Prefabs Data/Backups/Rock_A_02 0700 (TVE Backup).prefab
  artifactKey: Guid(61acd29978a379940ba035bedce92baf) Importer(815301076,1909f56bfc062723c751e8b465ee728b)
Start importing Assets/TVE Collections/Unity - Terrain Demo/Prefabs Data/Backups/Rock_A_02 0700 (TVE Backup).prefab using Guid(61acd29978a379940ba035bedce92baf) Importer(815301076,1909f56bfc062723c751e8b465ee728b) (PreviewImporter) -> (artifact id: '01129c857073e0f5dd99c4e4165b0d03') in 0.0018556 seconds
Number of updated asset objects reloaded before import = 0Number of asset objects unloaded after import = 1

========================================================================
Received Import Request.
  Time since last request: 0.000062 seconds.
  path: Assets/TVE Collections/Unity - Terrain Demo/Prefabs Data/Backups/Heather_B 5900 (TVE Backup).prefab
  artifactKey: Guid(189f69ac9acca5e4490eaf37e5ae6776) Importer(815301076,1909f56bfc062723c751e8b465ee728b)
Start importing Assets/TVE Collections/Unity - Terrain Demo/Prefabs Data/Backups/Heather_B 5900 (TVE Backup).prefab using Guid(189f69ac9acca5e4490eaf37e5ae6776) Importer(815301076,1909f56bfc062723c751e8b465ee728b) (PreviewImporter) -> (artifact id: '17eecd4d2141f520bb2242d81bf627cb') in 0.0041065 seconds
Number of updated asset objects reloaded before import = 0Number of asset objects unloaded after import = 6

========================================================================
Received Import Request.
  Time since last request: 0.000034 seconds.
  path: Assets/TVE Collections/Unity - Terrain Demo/Prefabs Data/Backups/Conifer D700 (TVE Backup).prefab
  artifactKey: Guid(8d7d8b2dbb72de34d96179779a29c51b) Importer(815301076,1909f56bfc062723c751e8b465ee728b)
Start importing Assets/TVE Collections/Unity - Terrain Demo/Prefabs Data/Backups/Conifer D700 (TVE Backup).prefab using Guid(8d7d8b2dbb72de34d96179779a29c51b) Importer(815301076,1909f56bfc062723c751e8b465ee728b) (PreviewImporter) -> (artifact id: '9344a9c5c81c2fcd04767e04b081a3ca') in 0.0086891 seconds
Number of updated asset objects reloaded before import = 0Number of asset objects unloaded after import = 26

========================================================================
Received Import Request.
  Time since last request: 0.000038 seconds.
  path: Assets/TVE Collections/Unity - Terrain Demo/Prefabs Data/Backups/Cypress 3700 (TVE Backup).prefab
  artifactKey: Guid(5b1a619621fd19c408e50ff513368e1c) Importer(815301076,1909f56bfc062723c751e8b465ee728b)
Start importing Assets/TVE Collections/Unity - Terrain Demo/Prefabs Data/Backups/Cypress 3700 (TVE Backup).prefab using Guid(5b1a619621fd19c408e50ff513368e1c) Importer(815301076,1909f56bfc062723c751e8b465ee728b) (PreviewImporter) -> (artifact id: 'f6972145b81e679afa1dbd8d40ef9ddf') in 0.0047472 seconds
Number of updated asset objects reloaded before import = 0Number of asset objects unloaded after import = 26

========================================================================
Received Import Request.
  Time since last request: 0.000098 seconds.
  path: Assets/TVE Collections/Unity - Terrain Demo/Prefabs Data/Backups/Bush_Twig D200 (TVE Backup).prefab
  artifactKey: Guid(ef84006e181b2f34492a3658d80999dc) Importer(815301076,1909f56bfc062723c751e8b465ee728b)
Start importing Assets/TVE Collections/Unity - Terrain Demo/Prefabs Data/Backups/Bush_Twig D200 (TVE Backup).prefab using Guid(ef84006e181b2f34492a3658d80999dc) Importer(815301076,1909f56bfc062723c751e8b465ee728b) (PreviewImporter) -> (artifact id: '9eac98fe0f96a7daba2ce3197b7089fc') in 0.0043704 seconds
Number of updated asset objects reloaded before import = 0Number of asset objects unloaded after import = 6

========================================================================
Received Import Request.
  Time since last request: 0.000029 seconds.
  path: Assets/TVE Collections/Unity - Terrain Demo/Prefabs Data/Backups/Fern_C D800 (TVE Backup).prefab
  artifactKey: Guid(d3d06c16ccd51e64f9c5c35582abc07d) Importer(815301076,1909f56bfc062723c751e8b465ee728b)
Start importing Assets/TVE Collections/Unity - Terrain Demo/Prefabs Data/Backups/Fern_C D800 (TVE Backup).prefab using Guid(d3d06c16ccd51e64f9c5c35582abc07d) Importer(815301076,1909f56bfc062723c751e8b465ee728b) (PreviewImporter) -> (artifact id: '94b33d7bfe218ba88e887a0abadcfc47') in 0.0041388 seconds
Number of updated asset objects reloaded before import = 0Number of asset objects unloaded after import = 6

========================================================================
Received Import Request.
  Time since last request: 0.000038 seconds.
  path: Assets/TVE Collections/Unity - Terrain Demo/Prefabs Data/Backups/Bush_Red 1A00 (TVE Backup).prefab
  artifactKey: Guid(13918978e4a7c9a4b8216bb15317802d) Importer(815301076,1909f56bfc062723c751e8b465ee728b)
Start importing Assets/TVE Collections/Unity - Terrain Demo/Prefabs Data/Backups/Bush_Red 1A00 (TVE Backup).prefab using Guid(13918978e4a7c9a4b8216bb15317802d) Importer(815301076,1909f56bfc062723c751e8b465ee728b) (PreviewImporter) -> (artifact id: '32ba8214fd25bc3696a97a02eaa4bf87') in 0.0043835 seconds
Number of updated asset objects reloaded before import = 0Number of asset objects unloaded after import = 6

========================================================================
Received Import Request.
  Time since last request: 0.000032 seconds.
  path: Assets/TVE Collections/Unity - Terrain Demo/Prefabs Data/Impostors/Bush_Red_Impostor.asset
  artifactKey: Guid(919755254c44fa4479916db4fa1a3d94) Importer(815301076,1909f56bfc062723c751e8b465ee728b)
Start importing Assets/TVE Collections/Unity - Terrain Demo/Prefabs Data/Impostors/Bush_Red_Impostor.asset using Guid(919755254c44fa4479916db4fa1a3d94) Importer(815301076,1909f56bfc062723c751e8b465ee728b) (PreviewImporter) -> (artifact id: '01602cfb00e83da568446d38e9f517ff') in 0.2658402 seconds
Number of updated asset objects reloaded before import = 0Number of asset objects unloaded after import = 9

========================================================================
Received Import Request.
  Time since last request: 0.000131 seconds.
  path: Assets/TVE Collections/Unity - Terrain Demo/Prefabs Data/Impostors/Cypress_Impostor_Packed.png
  artifactKey: Guid(ce1c342a6ad84ed439914f371c9e705b) Importer(815301076,1909f56bfc062723c751e8b465ee728b)
Start importing Assets/TVE Collections/Unity - Terrain Demo/Prefabs Data/Impostors/Cypress_Impostor_Packed.png using Guid(ce1c342a6ad84ed439914f371c9e705b) Importer(815301076,1909f56bfc062723c751e8b465ee728b) (PreviewImporter) -> (artifact id: '77eedbaa8753f9d0c2ae81685a79f259') in 0.0457684 seconds
Number of updated asset objects reloaded before import = 0Number of asset objects unloaded after import = 2

========================================================================
Received Import Request.
  Time since last request: 0.000048 seconds.
  path: Assets/TVE Collections/Unity - Terrain Demo/Prefabs Data/Impostors/Pine_C_Impostor.asset
  artifactKey: Guid(7d6ac52c87cfc8343b43b5608fe68f35) Importer(815301076,1909f56bfc062723c751e8b465ee728b)
Start importing Assets/TVE Collections/Unity - Terrain Demo/Prefabs Data/Impostors/Pine_C_Impostor.asset using Guid(7d6ac52c87cfc8343b43b5608fe68f35) Importer(815301076,1909f56bfc062723c751e8b465ee728b) (PreviewImporter) -> (artifact id: 'fd3beb6bf281f940c3f12468186f0211') in 0.1407676 seconds
Number of updated asset objects reloaded before import = 0Number of asset objects unloaded after import = 9

========================================================================
Received Import Request.
  Time since last request: 0.000067 seconds.
  path: Assets/TVE Collections/Unity - Terrain Demo/Prefabs Data/Impostors/Conifer_Impostor_Packed.png
  artifactKey: Guid(83933089fc69bdc47a2972994d3e1601) Importer(815301076,1909f56bfc062723c751e8b465ee728b)
Start importing Assets/TVE Collections/Unity - Terrain Demo/Prefabs Data/Impostors/Conifer_Impostor_Packed.png using Guid(83933089fc69bdc47a2972994d3e1601) Importer(815301076,1909f56bfc062723c751e8b465ee728b) (PreviewImporter) -> (artifact id: '77285fc80233253ba9b4ade2cca4a8ee') in 0.0492351 seconds
Number of updated asset objects reloaded before import = 0Number of asset objects unloaded after import = 2

========================================================================
Received Import Request.
  Time since last request: 0.000067 seconds.
  path: Assets/TVE Collections/Unity - Terrain Demo/Prefabs Data/Impostors/Cypress_Impostor_Normals.png
  artifactKey: Guid(141ea4805cada0e469bf952e99344c15) Importer(815301076,1909f56bfc062723c751e8b465ee728b)
Start importing Assets/TVE Collections/Unity - Terrain Demo/Prefabs Data/Impostors/Cypress_Impostor_Normals.png using Guid(141ea4805cada0e469bf952e99344c15) Importer(815301076,1909f56bfc062723c751e8b465ee728b) (PreviewImporter) -> (artifact id: '5ab83a8a156b9901257ca9770ffe683f') in 0.0498441 seconds
Number of updated asset objects reloaded before import = 0Number of asset objects unloaded after import = 2

========================================================================
Received Import Request.
  Time since last request: 0.000210 seconds.
  path: Assets/TVE Collections/Unity - Terrain Demo/Prefabs Data/Impostors/Pine_A_Impostor.asset
  artifactKey: Guid(6dfd7f2fe20815d40b8209b3f9f9fc57) Importer(815301076,1909f56bfc062723c751e8b465ee728b)
Start importing Assets/TVE Collections/Unity - Terrain Demo/Prefabs Data/Impostors/Pine_A_Impostor.asset using Guid(6dfd7f2fe20815d40b8209b3f9f9fc57) Importer(815301076,1909f56bfc062723c751e8b465ee728b) (PreviewImporter) -> (artifact id: '26ca4192c50d5445a648f983a260904d') in 0.1836827 seconds
Number of updated asset objects reloaded before import = 0Number of asset objects unloaded after import = 9

========================================================================
Received Import Request.
  Time since last request: 0.000063 seconds.
  path: Assets/TVE Collections/Unity - Terrain Demo/Prefabs Data/Impostors/Conifer_Impostor.asset
  artifactKey: Guid(74a66aeab3ecd5e4a955a5758f3a1c3b) Importer(815301076,1909f56bfc062723c751e8b465ee728b)
Start importing Assets/TVE Collections/Unity - Terrain Demo/Prefabs Data/Impostors/Conifer_Impostor.asset using Guid(74a66aeab3ecd5e4a955a5758f3a1c3b) Importer(815301076,1909f56bfc062723c751e8b465ee728b) (PreviewImporter) -> (artifact id: 'b8a5cb0bb3cbbfdf46ea68ec85a4fce9') in 0.1916258 seconds
Number of updated asset objects reloaded before import = 0Number of asset objects unloaded after import = 9

========================================================================
Received Import Request.
  Time since last request: 0.000148 seconds.
  path: Assets/TVE Collections/Unity - Terrain Demo/Prefabs Data/Impostors/Pine_A_Impostor_Shader.png
  artifactKey: Guid(52d110248db5ce1448810e18f3c98743) Importer(815301076,1909f56bfc062723c751e8b465ee728b)
Start importing Assets/TVE Collections/Unity - Terrain Demo/Prefabs Data/Impostors/Pine_A_Impostor_Shader.png using Guid(52d110248db5ce1448810e18f3c98743) Importer(815301076,1909f56bfc062723c751e8b465ee728b) (PreviewImporter) -> (artifact id: 'be00bdd6a33c277eb2efdbd866151342') in 0.032004 seconds
Number of updated asset objects reloaded before import = 0Number of asset objects unloaded after import = 2

========================================================================
Received Import Request.
  Time since last request: 0.000083 seconds.
  path: Assets/TVE Collections/Unity - Terrain Demo/Prefabs Data/Impostors/Pine_D_Impostor.asset
  artifactKey: Guid(0c481280458545b4689e693154117333) Importer(815301076,1909f56bfc062723c751e8b465ee728b)
Start importing Assets/TVE Collections/Unity - Terrain Demo/Prefabs Data/Impostors/Pine_D_Impostor.asset using Guid(0c481280458545b4689e693154117333) Importer(815301076,1909f56bfc062723c751e8b465ee728b) (PreviewImporter) -> (artifact id: '234f0571a41c0256a8d35d009ce12121') in 0.2241814 seconds
Number of updated asset objects reloaded before import = 0Number of asset objects unloaded after import = 9

========================================================================
Received Import Request.
  Time since last request: 0.000150 seconds.
  path: Assets/TVE Collections/Unity - Terrain Demo/Prefabs Data/Impostors/Cypress_Impostor_Shader.png
  artifactKey: Guid(54230b2bce27613499f70f71cb3b0b1a) Importer(815301076,1909f56bfc062723c751e8b465ee728b)
Start importing Assets/TVE Collections/Unity - Terrain Demo/Prefabs Data/Impostors/Cypress_Impostor_Shader.png using Guid(54230b2bce27613499f70f71cb3b0b1a) Importer(815301076,1909f56bfc062723c751e8b465ee728b) (PreviewImporter) -> (artifact id: '017b4e01604faf80455e61b293a6d0e4') in 0.0369253 seconds
Number of updated asset objects reloaded before import = 0Number of asset objects unloaded after import = 2

========================================================================
Received Import Request.
  Time since last request: 0.000138 seconds.
  path: Assets/TVE Collections/Unity - Terrain Demo/Prefabs Data/Impostors/Cypress_Impostor_Vertex.png
  artifactKey: Guid(a35cfdfa878644146856039883a8d7bf) Importer(815301076,1909f56bfc062723c751e8b465ee728b)
Start importing Assets/TVE Collections/Unity - Terrain Demo/Prefabs Data/Impostors/Cypress_Impostor_Vertex.png using Guid(a35cfdfa878644146856039883a8d7bf) Importer(815301076,1909f56bfc062723c751e8b465ee728b) (PreviewImporter) -> (artifact id: 'fde0b508bb1bdf873af12ba0ad521620') in 0.0381332 seconds
Number of updated asset objects reloaded before import = 0Number of asset objects unloaded after import = 2

========================================================================
Received Import Request.
  Time since last request: 0.000042 seconds.
  path: Assets/TVE Collections/Unity - Terrain Demo/Prefabs Data/Backups/Bush_B E000 (TVE Backup).prefab
  artifactKey: Guid(c91c25cc66205f34cafdb04651665ab0) Importer(815301076,1909f56bfc062723c751e8b465ee728b)
Start importing Assets/TVE Collections/Unity - Terrain Demo/Prefabs Data/Backups/Bush_B E000 (TVE Backup).prefab using Guid(c91c25cc66205f34cafdb04651665ab0) Importer(815301076,1909f56bfc062723c751e8b465ee728b) (PreviewImporter) -> (artifact id: 'a9fc3f32a2ac70058f187671a8f828ca') in 0.0023377 seconds
Number of updated asset objects reloaded before import = 0Number of asset objects unloaded after import = 6

========================================================================
Received Import Request.
  Time since last request: 0.000077 seconds.
  path: Assets/TVE Collections/Unity - Terrain Demo/Prefabs Data/Backups/Heather_A FE00 (TVE Backup).prefab
  artifactKey: Guid(7a6c54ceaa45997499ded533f9b1729a) Importer(815301076,1909f56bfc062723c751e8b465ee728b)
Start importing Assets/TVE Collections/Unity - Terrain Demo/Prefabs Data/Backups/Heather_A FE00 (TVE Backup).prefab using Guid(7a6c54ceaa45997499ded533f9b1729a) Importer(815301076,1909f56bfc062723c751e8b465ee728b) (PreviewImporter) -> (artifact id: 'b9e7fa133fc693514bd601c307e53808') in 0.0065333 seconds
Number of updated asset objects reloaded before import = 0Number of asset objects unloaded after import = 6

========================================================================
Received Import Request.
  Time since last request: 0.000034 seconds.
  path: Assets/TVE Collections/Unity - Terrain Demo/Prefabs Data/Backups/Rock_Overgrown_C FC00 (TVE Backup).prefab
  artifactKey: Guid(1e0a30cfbeb74b841ab0ec6b0954b6a6) Importer(815301076,1909f56bfc062723c751e8b465ee728b)
Start importing Assets/TVE Collections/Unity - Terrain Demo/Prefabs Data/Backups/Rock_Overgrown_C FC00 (TVE Backup).prefab using Guid(1e0a30cfbeb74b841ab0ec6b0954b6a6) Importer(815301076,1909f56bfc062723c751e8b465ee728b) (PreviewImporter) -> (artifact id: 'a6eba37eeaed7313e6878f6daed42d75') in 0.0022593 seconds
Number of updated asset objects reloaded before import = 0Number of asset objects unloaded after import = 1

========================================================================
Received Import Request.
  Time since last request: 0.000039 seconds.
  path: Assets/TVE Collections/Unity - Terrain Demo/Prefabs Data/Impostors/Conifer_Impostor_Normals.png
  artifactKey: Guid(c6f2538cd3ebf084bbc3eee9d7dfe7e3) Importer(815301076,1909f56bfc062723c751e8b465ee728b)
Start importing Assets/TVE Collections/Unity - Terrain Demo/Prefabs Data/Impostors/Conifer_Impostor_Normals.png using Guid(c6f2538cd3ebf084bbc3eee9d7dfe7e3) Importer(815301076,1909f56bfc062723c751e8b465ee728b) (PreviewImporter) -> (artifact id: '2435c5eb30eb4e178b33552f465f6dda') in 0.0505156 seconds
Number of updated asset objects reloaded before import = 0Number of asset objects unloaded after import = 2

========================================================================
Received Import Request.
  Time since last request: 0.000102 seconds.
  path: Assets/TVE Collections/Unity - Terrain Demo/Prefabs Data/Backups/Fern_B DD00 (TVE Backup).prefab
  artifactKey: Guid(49a6ea6fd0f091e4a8c598efd2e0f164) Importer(815301076,1909f56bfc062723c751e8b465ee728b)
Start importing Assets/TVE Collections/Unity - Terrain Demo/Prefabs Data/Backups/Fern_B DD00 (TVE Backup).prefab using Guid(49a6ea6fd0f091e4a8c598efd2e0f164) Importer(815301076,1909f56bfc062723c751e8b465ee728b) (PreviewImporter) -> (artifact id: 'aa72b8505989ddaf35ae753a2d6ecf08') in 0.006247 seconds
Number of updated asset objects reloaded before import = 0Number of asset objects unloaded after import = 6

========================================================================
Received Import Request.
  Time since last request: 0.000067 seconds.
  path: Assets/TVE Collections/Unity - Terrain Demo/Prefabs Data/Backups/Rock_Overgrown_B B800 (TVE Backup).prefab
  artifactKey: Guid(5accdc31e705d194fa35b4e9061effce) Importer(815301076,1909f56bfc062723c751e8b465ee728b)
Start importing Assets/TVE Collections/Unity - Terrain Demo/Prefabs Data/Backups/Rock_Overgrown_B B800 (TVE Backup).prefab using Guid(5accdc31e705d194fa35b4e9061effce) Importer(815301076,1909f56bfc062723c751e8b465ee728b) (PreviewImporter) -> (artifact id: '3f4e042d8cef4ad476f174baaec5a10e') in 0.0055842 seconds
Number of updated asset objects reloaded before import = 0Number of asset objects unloaded after import = 18

========================================================================
Received Import Request.
  Time since last request: 0.000029 seconds.
  path: Assets/TVE Collections/Unity - Terrain Demo/Prefabs Data/Impostors/Pine_C_Impostor_Packed.png
  artifactKey: Guid(3c1c9ff8b509a6844bc5bcb69337a121) Importer(815301076,1909f56bfc062723c751e8b465ee728b)
Start importing Assets/TVE Collections/Unity - Terrain Demo/Prefabs Data/Impostors/Pine_C_Impostor_Packed.png using Guid(3c1c9ff8b509a6844bc5bcb69337a121) Importer(815301076,1909f56bfc062723c751e8b465ee728b) (PreviewImporter) -> (artifact id: '803ae9260d98e8203d06a462d5f1df55') in 0.0525075 seconds
Number of updated asset objects reloaded before import = 0Number of asset objects unloaded after import = 2

========================================================================
Received Import Request.
  Time since last request: 0.000036 seconds.
  path: Assets/TVE Collections/Unity - Terrain Demo/Prefabs Data/Backups/GrassDry_B 6C00 (TVE Backup).prefab
  artifactKey: Guid(65e3e3da0d4a7bb41a46c4d65a5534b7) Importer(815301076,1909f56bfc062723c751e8b465ee728b)
Start importing Assets/TVE Collections/Unity - Terrain Demo/Prefabs Data/Backups/GrassDry_B 6C00 (TVE Backup).prefab using Guid(65e3e3da0d4a7bb41a46c4d65a5534b7) Importer(815301076,1909f56bfc062723c751e8b465ee728b) (PreviewImporter) -> (artifact id: '332a13ddeddd1cb1fced92518d7f4b10') in 0.0032793 seconds
Number of updated asset objects reloaded before import = 0Number of asset objects unloaded after import = 6

========================================================================
Received Import Request.
  Time since last request: 0.000030 seconds.
  path: Assets/TVE Collections/Unity - Terrain Demo/Prefabs Data/Backups/Pine_C 4100 (TVE Backup).prefab
  artifactKey: Guid(d92704e9553f4314cb2f5ea0bedae0c2) Importer(815301076,1909f56bfc062723c751e8b465ee728b)
Start importing Assets/TVE Collections/Unity - Terrain Demo/Prefabs Data/Backups/Pine_C 4100 (TVE Backup).prefab using Guid(d92704e9553f4314cb2f5ea0bedae0c2) Importer(815301076,1909f56bfc062723c751e8b465ee728b) (PreviewImporter) -> (artifact id: 'd3ba5244aa8a7a886c58385f886596a8') in 0.0083951 seconds
Number of updated asset objects reloaded before import = 0Number of asset objects unloaded after import = 26

========================================================================
Received Import Request.
  Time since last request: 0.258887 seconds.
  path: Assets/TVE Collections/Unity - Terrain Demo/Prefabs Data/Models/Bush_B 1E00 (TVE Model).asset
  artifactKey: Guid(87e5b602310cfbf4890b98c2ecf72941) Importer(815301076,1909f56bfc062723c751e8b465ee728b)
Start importing Assets/TVE Collections/Unity - Terrain Demo/Prefabs Data/Models/Bush_B 1E00 (TVE Model).asset using Guid(87e5b602310cfbf4890b98c2ecf72941) Importer(815301076,1909f56bfc062723c751e8b465ee728b) (PreviewImporter) -> (artifact id: 'def57c6681572cedc6f0ade9a388dc31') in 0.0208488 seconds
Number of updated asset objects reloaded before import = 0Number of asset objects unloaded after import = 2

========================================================================
Received Import Request.
  Time since last request: 0.000032 seconds.
  path: Assets/TVE Collections/Unity - Terrain Demo/Prefabs Data/Models/Cypress_Forest_Desktop_LOD2 B904 (TVE Model).asset
  artifactKey: Guid(d2d289d9b93ceb740a131785c7e046ba) Importer(815301076,1909f56bfc062723c751e8b465ee728b)
Start importing Assets/TVE Collections/Unity - Terrain Demo/Prefabs Data/Models/Cypress_Forest_Desktop_LOD2 B904 (TVE Model).asset using Guid(d2d289d9b93ceb740a131785c7e046ba) Importer(815301076,1909f56bfc062723c751e8b465ee728b) (PreviewImporter) -> (artifact id: 'b93b5ff297ccbb3e27cf866c375b1ce3') in 0.011447 seconds
Number of updated asset objects reloaded before import = 0Number of asset objects unloaded after import = 2

========================================================================
Received Import Request.
  Time since last request: 0.000069 seconds.
  path: Assets/TVE Collections/Unity - Terrain Demo/Prefabs Data/Models/Geom_Rock_Overgrown_C_LOD01 2818 (TVE Model).asset
  artifactKey: Guid(91f30b62ce0cf9c4eafd8d898bf42b00) Importer(815301076,1909f56bfc062723c751e8b465ee728b)
Start importing Assets/TVE Collections/Unity - Terrain Demo/Prefabs Data/Models/Geom_Rock_Overgrown_C_LOD01 2818 (TVE Model).asset using Guid(91f30b62ce0cf9c4eafd8d898bf42b00) Importer(815301076,1909f56bfc062723c751e8b465ee728b) (PreviewImporter) -> (artifact id: 'a4394ecb4a1ac948d2dce9e55bccbcf2') in 0.0139482 seconds
Number of updated asset objects reloaded before import = 0Number of asset objects unloaded after import = 2

========================================================================
Received Import Request.
  Time since last request: 0.000049 seconds.
  path: Assets/TVE Collections/Unity - Terrain Demo/Prefabs Data/Models/Conifer_LOD3 C702 (TVE Model).asset
  artifactKey: Guid(b0d49019681272348b553bbb7344e7e9) Importer(815301076,1909f56bfc062723c751e8b465ee728b)
Start importing Assets/TVE Collections/Unity - Terrain Demo/Prefabs Data/Models/Conifer_LOD3 C702 (TVE Model).asset using Guid(b0d49019681272348b553bbb7344e7e9) Importer(815301076,1909f56bfc062723c751e8b465ee728b) (PreviewImporter) -> (artifact id: 'fb47e6226108b6d6b0a750b7c05fc971') in 0.013678 seconds
Number of updated asset objects reloaded before import = 0Number of asset objects unloaded after import = 2

========================================================================
Received Import Request.
  Time since last request: 0.000052 seconds.
  path: Assets/TVE Collections/Unity - Terrain Demo/Prefabs Data/Models/Geom_Rock_Overgrown_C_LOD00 2816 (TVE Model).asset
  artifactKey: Guid(d218c0e98791f5a4fa90f3000863cdd5) Importer(815301076,1909f56bfc062723c751e8b465ee728b)
Start importing Assets/TVE Collections/Unity - Terrain Demo/Prefabs Data/Models/Geom_Rock_Overgrown_C_LOD00 2816 (TVE Model).asset using Guid(d218c0e98791f5a4fa90f3000863cdd5) Importer(815301076,1909f56bfc062723c751e8b465ee728b) (PreviewImporter) -> (artifact id: 'df309bcecb46d99de20463387e490706') in 0.0203227 seconds
Number of updated asset objects reloaded before import = 0Number of asset objects unloaded after import = 2

========================================================================
Received Import Request.
  Time since last request: 0.000065 seconds.
  path: Assets/TVE Collections/Unity - Terrain Demo/Prefabs Data/Models/Conifer_LOD2 C704 (TVE Model).asset
  artifactKey: Guid(823023dad817ca1439596bc0984f4b55) Importer(815301076,1909f56bfc062723c751e8b465ee728b)
Start importing Assets/TVE Collections/Unity - Terrain Demo/Prefabs Data/Models/Conifer_LOD2 C704 (TVE Model).asset using Guid(823023dad817ca1439596bc0984f4b55) Importer(815301076,1909f56bfc062723c751e8b465ee728b) (PreviewImporter) -> (artifact id: '71e17d3f19c9c71bf4d0ab86999cdc68') in 0.012449 seconds
Number of updated asset objects reloaded before import = 0Number of asset objects unloaded after import = 2

========================================================================
Received Import Request.
  Time since last request: 0.000180 seconds.
  path: Assets/TVE Collections/Unity - Terrain Demo/Prefabs Data/Models/Geom_Rock_Overgrown_A_LOD02 2410 (TVE Model).asset
  artifactKey: Guid(d3685959529f93343ac3403b9dc5ceac) Importer(815301076,1909f56bfc062723c751e8b465ee728b)
Start importing Assets/TVE Collections/Unity - Terrain Demo/Prefabs Data/Models/Geom_Rock_Overgrown_A_LOD02 2410 (TVE Model).asset using Guid(d3685959529f93343ac3403b9dc5ceac) Importer(815301076,1909f56bfc062723c751e8b465ee728b) (PreviewImporter) -> (artifact id: '76ee152dd5a3b8457430bf9253796682') in 0.0130813 seconds
Number of updated asset objects reloaded before import = 0Number of asset objects unloaded after import = 2

========================================================================
Received Import Request.
  Time since last request: 0.000034 seconds.
  path: Assets/TVE Collections/Unity - Terrain Demo/Prefabs Data/Models/Grass_C E400 (TVE Model).asset
  artifactKey: Guid(782df1671792b9a46856493abf258761) Importer(815301076,1909f56bfc062723c751e8b465ee728b)
Start importing Assets/TVE Collections/Unity - Terrain Demo/Prefabs Data/Models/Grass_C E400 (TVE Model).asset using Guid(782df1671792b9a46856493abf258761) Importer(815301076,1909f56bfc062723c751e8b465ee728b) (PreviewImporter) -> (artifact id: '351d56e6e9bffc6f93905fa669d1bb88') in 0.0106871 seconds
Number of updated asset objects reloaded before import = 0Number of asset objects unloaded after import = 2

========================================================================
Received Import Request.
  Time since last request: 0.000046 seconds.
  path: Assets/TVE Collections/Unity - Terrain Demo/Prefabs Data/Models/Bush_Twig E900 (TVE Model).asset
  artifactKey: Guid(6c2463a15a228454a91f6c4c3acf4d66) Importer(815301076,1909f56bfc062723c751e8b465ee728b)
Start importing Assets/TVE Collections/Unity - Terrain Demo/Prefabs Data/Models/Bush_Twig E900 (TVE Model).asset using Guid(6c2463a15a228454a91f6c4c3acf4d66) Importer(815301076,1909f56bfc062723c751e8b465ee728b) (PreviewImporter) -> (artifact id: '8a1078569f197a9972638d7e5aec4213') in 0.01107 seconds
Number of updated asset objects reloaded before import = 0Number of asset objects unloaded after import = 2

========================================================================
Received Import Request.
  Time since last request: 0.000030 seconds.
  path: Assets/TVE Collections/Unity - Terrain Demo/Prefabs Data/Models/Fern_A 2500 (TVE Model).asset
  artifactKey: Guid(3cca3f9a1e4568745a046749e2f559de) Importer(815301076,1909f56bfc062723c751e8b465ee728b)
Start importing Assets/TVE Collections/Unity - Terrain Demo/Prefabs Data/Models/Fern_A 2500 (TVE Model).asset using Guid(3cca3f9a1e4568745a046749e2f559de) Importer(815301076,1909f56bfc062723c751e8b465ee728b) (PreviewImporter) -> (artifact id: 'a7fac63e7ef1f877d41f7b83b63c0a12') in 0.0089889 seconds
Number of updated asset objects reloaded before import = 0Number of asset objects unloaded after import = 2

========================================================================
Received Import Request.
  Time since last request: 0.000046 seconds.
  path: Assets/TVE Collections/Unity - Terrain Demo/Prefabs Data/Models/Bush_Red C600 (TVE Model).asset
  artifactKey: Guid(91bbaa2448ba71a4d87d373412a6a8f2) Importer(815301076,1909f56bfc062723c751e8b465ee728b)
Start importing Assets/TVE Collections/Unity - Terrain Demo/Prefabs Data/Models/Bush_Red C600 (TVE Model).asset using Guid(91bbaa2448ba71a4d87d373412a6a8f2) Importer(815301076,1909f56bfc062723c751e8b465ee728b) (PreviewImporter) -> (artifact id: '82a13b323eeb62ffd60796db2a9ba75a') in 0.0158364 seconds
Number of updated asset objects reloaded before import = 0Number of asset objects unloaded after import = 2

========================================================================
Received Import Request.
  Time since last request: 0.000041 seconds.
  path: Assets/TVE Collections/Unity - Terrain Demo/Prefabs Data/Models/Geom_Rock_Overgrown_B_LOD02 B209 (TVE Model).asset
  artifactKey: Guid(d81e19c5fbef1d54baa660fd83e955e3) Importer(815301076,1909f56bfc062723c751e8b465ee728b)
Start importing Assets/TVE Collections/Unity - Terrain Demo/Prefabs Data/Models/Geom_Rock_Overgrown_B_LOD02 B209 (TVE Model).asset using Guid(d81e19c5fbef1d54baa660fd83e955e3) Importer(815301076,1909f56bfc062723c751e8b465ee728b) (PreviewImporter) -> (artifact id: '7d1ebd22182a325930086af4e5677c4f') in 0.0124398 seconds
Number of updated asset objects reloaded before import = 0Number of asset objects unloaded after import = 2

========================================================================
Received Import Request.
  Time since last request: 0.000076 seconds.
  path: Assets/TVE Collections/Unity - Terrain Demo/Prefabs Data/Models/Geom_Rock_Overgrown_C_LOD02 2801 (TVE Model).asset
  artifactKey: Guid(72ec8a46d2a9ac844a61fbedbbe01b88) Importer(815301076,1909f56bfc062723c751e8b465ee728b)
Start importing Assets/TVE Collections/Unity - Terrain Demo/Prefabs Data/Models/Geom_Rock_Overgrown_C_LOD02 2801 (TVE Model).asset using Guid(72ec8a46d2a9ac844a61fbedbbe01b88) Importer(815301076,1909f56bfc062723c751e8b465ee728b) (PreviewImporter) -> (artifact id: '078ef5fcfc555b1b98b23d964edeba1a') in 0.0125283 seconds
Number of updated asset objects reloaded before import = 0Number of asset objects unloaded after import = 2

========================================================================
Received Import Request.
  Time since last request: 0.000056 seconds.
  path: Assets/TVE Collections/Unity - Terrain Demo/Prefabs Data/Models/Geom_Rock_Overgrown_B_LOD01 B217 (TVE Model).asset
  artifactKey: Guid(201cfdfe1ad90dc488f9aea52b4bea69) Importer(815301076,1909f56bfc062723c751e8b465ee728b)
Start importing Assets/TVE Collections/Unity - Terrain Demo/Prefabs Data/Models/Geom_Rock_Overgrown_B_LOD01 B217 (TVE Model).asset using Guid(201cfdfe1ad90dc488f9aea52b4bea69) Importer(815301076,1909f56bfc062723c751e8b465ee728b) (PreviewImporter) -> (artifact id: 'cafb415a890908ef05c07527687ef1df') in 0.0146271 seconds
Number of updated asset objects reloaded before import = 0Number of asset objects unloaded after import = 2

========================================================================
Received Import Request.
  Time since last request: 0.000053 seconds.
  path: Assets/TVE Collections/Unity - Terrain Demo/Prefabs Data/Models/Geom_Rock_Overgrown_I_LOD01 D115 (TVE Model).asset
  artifactKey: Guid(95d4275b056cee347883a143d2c78e22) Importer(815301076,1909f56bfc062723c751e8b465ee728b)
Start importing Assets/TVE Collections/Unity - Terrain Demo/Prefabs Data/Models/Geom_Rock_Overgrown_I_LOD01 D115 (TVE Model).asset using Guid(95d4275b056cee347883a143d2c78e22) Importer(815301076,1909f56bfc062723c751e8b465ee728b) (PreviewImporter) -> (artifact id: '6aa71a0c5785c625d700c8c077439bd7') in 0.0092195 seconds
Number of updated asset objects reloaded before import = 0Number of asset objects unloaded after import = 2

========================================================================
Received Import Request.
  Time since last request: 0.000059 seconds.
  path: Assets/TVE Collections/Unity - Terrain Demo/Prefabs Data/Models/GrassDry_A 0900 (TVE Model).asset
  artifactKey: Guid(3355495ca31246f4c90460e871cf02be) Importer(815301076,1909f56bfc062723c751e8b465ee728b)
Start importing Assets/TVE Collections/Unity - Terrain Demo/Prefabs Data/Models/GrassDry_A 0900 (TVE Model).asset using Guid(3355495ca31246f4c90460e871cf02be) Importer(815301076,1909f56bfc062723c751e8b465ee728b) (PreviewImporter) -> (artifact id: '3fb11f68de53828d42a62b7f0a9fd767') in 0.0115847 seconds
Number of updated asset objects reloaded before import = 0Number of asset objects unloaded after import = 2

========================================================================
Received Import Request.
  Time since last request: 0.000040 seconds.
  path: Assets/TVE Collections/Unity - Terrain Demo/Prefabs Data/Models/Cypress_Forest_Desktop_LOD0 B903 (TVE Model).asset
  artifactKey: Guid(69a3fb7bbe9bb7140a09143b81792b38) Importer(815301076,1909f56bfc062723c751e8b465ee728b)
Start importing Assets/TVE Collections/Unity - Terrain Demo/Prefabs Data/Models/Cypress_Forest_Desktop_LOD0 B903 (TVE Model).asset using Guid(69a3fb7bbe9bb7140a09143b81792b38) Importer(815301076,1909f56bfc062723c751e8b465ee728b) (PreviewImporter) -> (artifact id: '3743b2fa1387ccb047a048755237acd1') in 0.0203639 seconds
Number of updated asset objects reloaded before import = 0Number of asset objects unloaded after import = 2

========================================================================
Received Import Request.
  Time since last request: 0.000047 seconds.
  path: Assets/TVE Collections/Unity - Terrain Demo/Prefabs Data/Models/BushDry_B 8D00 (TVE Model).asset
  artifactKey: Guid(f302a8bac5951bc44927d7f42a1bdd57) Importer(815301076,1909f56bfc062723c751e8b465ee728b)
Start importing Assets/TVE Collections/Unity - Terrain Demo/Prefabs Data/Models/BushDry_B 8D00 (TVE Model).asset using Guid(f302a8bac5951bc44927d7f42a1bdd57) Importer(815301076,1909f56bfc062723c751e8b465ee728b) (PreviewImporter) -> (artifact id: '7c2bb16ac357b8c01fc6717eea244923') in 0.0111826 seconds
Number of updated asset objects reloaded before import = 0Number of asset objects unloaded after import = 2

========================================================================
Received Import Request.
  Time since last request: 5.482988 seconds.
  path: Assets/TVE Collections/Unity - Terrain Demo/Prefabs Data/Textures/Cypress_Forest_Desktop_Extra AA9A (TVE Texture).tga
  artifactKey: Guid(fedcf2a10b9b0c74ab0bd973f3686a7e) Importer(815301076,1909f56bfc062723c751e8b465ee728b)
Start importing Assets/TVE Collections/Unity - Terrain Demo/Prefabs Data/Textures/Cypress_Forest_Desktop_Extra AA9A (TVE Texture).tga using Guid(fedcf2a10b9b0c74ab0bd973f3686a7e) Importer(815301076,1909f56bfc062723c751e8b465ee728b) (PreviewImporter) -> (artifact id: 'c710739881a98eee576aa4ec6da90acc') in 0.0429939 seconds
Number of updated asset objects reloaded before import = 0Number of asset objects unloaded after import = 2

========================================================================
Received Import Request.
  Time since last request: 0.000049 seconds.
  path: Assets/TVE Collections/Unity - Terrain Demo/Prefabs Data/Textures/Shrub_MaskMap 22E2 (TVE Texture).tga
  artifactKey: Guid(66759d4790942c943ad3a365826dba19) Importer(815301076,1909f56bfc062723c751e8b465ee728b)
Start importing Assets/TVE Collections/Unity - Terrain Demo/Prefabs Data/Textures/Shrub_MaskMap 22E2 (TVE Texture).tga using Guid(66759d4790942c943ad3a365826dba19) Importer(815301076,1909f56bfc062723c751e8b465ee728b) (PreviewImporter) -> (artifact id: '3a2b1dabb8f8cae3de3107c3027a9bac') in 0.0283491 seconds
Number of updated asset objects reloaded before import = 0Number of asset objects unloaded after import = 2

========================================================================
Received Import Request.
  Time since last request: 0.000058 seconds.
  path: Assets/TVE Collections/Unity - Terrain Demo/Prefabs Data/Textures/Pine_D_Extra 00D0 (TVE Texture).tga
  artifactKey: Guid(5a154280015cc444eb6d146f34098844) Importer(815301076,1909f56bfc062723c751e8b465ee728b)
Start importing Assets/TVE Collections/Unity - Terrain Demo/Prefabs Data/Textures/Pine_D_Extra 00D0 (TVE Texture).tga using Guid(5a154280015cc444eb6d146f34098844) Importer(815301076,1909f56bfc062723c751e8b465ee728b) (PreviewImporter) -> (artifact id: 'a1b13815ed99901cecd31337682cf0f7') in 0.0210424 seconds
Number of updated asset objects reloaded before import = 0Number of asset objects unloaded after import = 2

========================================================================
Received Import Request.
  Time since last request: 0.000037 seconds.
  path: Assets/TVE Collections/Unity - Terrain Demo/Prefabs Data/Textures/Pine_A_Extra FF3F (TVE Texture).tga
  artifactKey: Guid(7f4450b35cd292f489a80c3cd25201c7) Importer(815301076,1909f56bfc062723c751e8b465ee728b)
Start importing Assets/TVE Collections/Unity - Terrain Demo/Prefabs Data/Textures/Pine_A_Extra FF3F (TVE Texture).tga using Guid(7f4450b35cd292f489a80c3cd25201c7) Importer(815301076,1909f56bfc062723c751e8b465ee728b) (PreviewImporter) -> (artifact id: 'ec201716720cf590240c1a1b68f40be4') in 0.0170772 seconds
Number of updated asset objects reloaded before import = 0Number of asset objects unloaded after import = 2

========================================================================
Received Import Request.
  Time since last request: 0.000051 seconds.
  path: Assets/TVE Collections/Unity - Terrain Demo/Prefabs Data/Textures/Pine_A_Billboard_Extra DDBD (TVE Texture).tga
  artifactKey: Guid(756571038ec82e04b863ccd15c5bebff) Importer(815301076,1909f56bfc062723c751e8b465ee728b)
Start importing Assets/TVE Collections/Unity - Terrain Demo/Prefabs Data/Textures/Pine_A_Billboard_Extra DDBD (TVE Texture).tga using Guid(756571038ec82e04b863ccd15c5bebff) Importer(815301076,1909f56bfc062723c751e8b465ee728b) (PreviewImporter) -> (artifact id: '07bfcd088f970d154eed423d590f23fc') in 0.0243665 seconds
Number of updated asset objects reloaded before import = 0Number of asset objects unloaded after import = 2

========================================================================
Received Import Request.
  Time since last request: 0.000041 seconds.
  path: Assets/TVE Collections/Unity - Terrain Demo/Prefabs Data/Textures/Pine_D_Billboard_Extra AA2A (TVE Texture).tga
  artifactKey: Guid(a91090949dfd45b42a798881a649f8d8) Importer(815301076,1909f56bfc062723c751e8b465ee728b)
Start importing Assets/TVE Collections/Unity - Terrain Demo/Prefabs Data/Textures/Pine_D_Billboard_Extra AA2A (TVE Texture).tga using Guid(a91090949dfd45b42a798881a649f8d8) Importer(815301076,1909f56bfc062723c751e8b465ee728b) (PreviewImporter) -> (artifact id: 'b1a59a44c102c0ad41d95cc1b5a10a2f') in 0.0228203 seconds
Number of updated asset objects reloaded before import = 0Number of asset objects unloaded after import = 2

========================================================================
Received Import Request.
  Time since last request: 0.000034 seconds.
  path: Assets/TVE Collections/Unity - Terrain Demo/Prefabs Data/Textures/Pine_B_Billboard_Extra 22B2 (TVE Texture).tga
  artifactKey: Guid(fd4c4322e382eb5488bdd7e5b8ade708) Importer(815301076,1909f56bfc062723c751e8b465ee728b)
Start importing Assets/TVE Collections/Unity - Terrain Demo/Prefabs Data/Textures/Pine_B_Billboard_Extra 22B2 (TVE Texture).tga using Guid(fd4c4322e382eb5488bdd7e5b8ade708) Importer(815301076,1909f56bfc062723c751e8b465ee728b) (PreviewImporter) -> (artifact id: 'eccdd12236a7ab23125eac82e67c864c') in 0.0218105 seconds
Number of updated asset objects reloaded before import = 0Number of asset objects unloaded after import = 2

========================================================================
Received Import Request.
  Time since last request: 0.000075 seconds.
  path: Assets/TVE Collections/Unity - Terrain Demo/Prefabs Data/Textures/Heather_MaskMap 2202 (TVE Texture).tga
  artifactKey: Guid(a1075e2d91f0dc24abaf05b12a02b1e8) Importer(815301076,1909f56bfc062723c751e8b465ee728b)
Start importing Assets/TVE Collections/Unity - Terrain Demo/Prefabs Data/Textures/Heather_MaskMap 2202 (TVE Texture).tga using Guid(a1075e2d91f0dc24abaf05b12a02b1e8) Importer(815301076,1909f56bfc062723c751e8b465ee728b) (PreviewImporter) -> (artifact id: 'af50b53e1aad096a58ce6282b88dc32c') in 0.0202135 seconds
Number of updated asset objects reloaded before import = 0Number of asset objects unloaded after import = 2

========================================================================
Received Import Request.
  Time since last request: 26.974450 seconds.
  path: Assets/TVE Collections/Unity - Terrain Demo/Prefabs Data/Materials/Shrub 3F01 (TVE Material).mat
  artifactKey: Guid(c762011e3331201419fc45e8bd05c2d4) Importer(815301076,1909f56bfc062723c751e8b465ee728b)
Start importing Assets/TVE Collections/Unity - Terrain Demo/Prefabs Data/Materials/Shrub 3F01 (TVE Material).mat using Guid(c762011e3331201419fc45e8bd05c2d4) Importer(815301076,1909f56bfc062723c751e8b465ee728b) (PreviewImporter) -> (artifact id: '937419928cb6f095368a5ddf19a19e39') in 0.0244821 seconds
Number of updated asset objects reloaded before import = 0Number of asset objects unloaded after import = 2

========================================================================
Received Import Request.
  Time since last request: 47.967225 seconds.
  path: Assets/Cielo/_AllSkyFreeDemoEnvironment/Materials/AllSkyDemoEnv_Flag_Blue.mat
  artifactKey: Guid(8e64a72f2cb9c45bba4b11d98489b11f) Importer(815301076,1909f56bfc062723c751e8b465ee728b)
Start importing Assets/Cielo/_AllSkyFreeDemoEnvironment/Materials/AllSkyDemoEnv_Flag_Blue.mat using Guid(8e64a72f2cb9c45bba4b11d98489b11f) Importer(815301076,1909f56bfc062723c751e8b465ee728b) (PreviewImporter) -> (artifact id: '2e9d573ff13e370db2476793044b6935') in 0.0671603 seconds
Number of updated asset objects reloaded before import = 0Number of asset objects unloaded after import = 1

========================================================================
Received Import Request.
  Time since last request: 0.000043 seconds.
  path: Assets/Cielo/_AllSkyFreeDemoEnvironment/Materials/AllSkyDemoEnv_MountainGlow.mat
  artifactKey: Guid(1d924399aa96d4378b9c507b7669a4f4) Importer(815301076,1909f56bfc062723c751e8b465ee728b)
Start importing Assets/Cielo/_AllSkyFreeDemoEnvironment/Materials/AllSkyDemoEnv_MountainGlow.mat using Guid(1d924399aa96d4378b9c507b7669a4f4) Importer(815301076,1909f56bfc062723c751e8b465ee728b) (PreviewImporter) -> (artifact id: '776bce7acec5fa0591bad230b3888755') in 4.7390074 seconds
Number of updated asset objects reloaded before import = 0Number of asset objects unloaded after import = 2

========================================================================
Received Import Request.
  Time since last request: 14.640877 seconds.
  path: Assets/TVE Collections/Unity - Terrain Demo/Prefabs With Original LODs/Trees/Conifer.prefab
  artifactKey: Guid(d793d99d8f849104eb683a0ce522fc5c) Importer(815301076,1909f56bfc062723c751e8b465ee728b)
Start importing Assets/TVE Collections/Unity - Terrain Demo/Prefabs With Original LODs/Trees/Conifer.prefab using Guid(d793d99d8f849104eb683a0ce522fc5c) Importer(815301076,1909f56bfc062723c751e8b465ee728b) (PreviewImporter) -> (artifact id: '269010c3c578496e256caca2b7afd216') in 0.090936 seconds
Number of updated asset objects reloaded before import = 0Number of asset objects unloaded after import = 35

========================================================================
Received Import Request.
  Time since last request: 0.000048 seconds.
  path: Assets/TVE Collections/Unity - Terrain Demo/Prefabs With Original LODs/Trees/Pine_C.prefab
  artifactKey: Guid(4178e98eaa4ede14f86bb6b3ff2961ca) Importer(815301076,1909f56bfc062723c751e8b465ee728b)
Start importing Assets/TVE Collections/Unity - Terrain Demo/Prefabs With Original LODs/Trees/Pine_C.prefab using Guid(4178e98eaa4ede14f86bb6b3ff2961ca) Importer(815301076,1909f56bfc062723c751e8b465ee728b) (PreviewImporter) -> (artifact id: '0187832b7ad9e31d2f788294c07e6de1') in 0.0983222 seconds
Number of updated asset objects reloaded before import = 0Number of asset objects unloaded after import = 33

========================================================================
Received Import Request.
  Time since last request: 0.000178 seconds.
  path: Assets/TVE Collections/Unity - Terrain Demo/Prefabs With Original LODs/Trees/Cypress.prefab
  artifactKey: Guid(37bc615ba1d04934abfce33f6eacf042) Importer(815301076,1909f56bfc062723c751e8b465ee728b)
Start importing Assets/TVE Collections/Unity - Terrain Demo/Prefabs With Original LODs/Trees/Cypress.prefab using Guid(37bc615ba1d04934abfce33f6eacf042) Importer(815301076,1909f56bfc062723c751e8b465ee728b) (PreviewImporter) -> (artifact id: '25ac1ebeb42866c94501c9b2e0d9931d') in 0.0464485 seconds
Number of updated asset objects reloaded before import = 0Number of asset objects unloaded after import = 33

========================================================================
Received Import Request.
  Time since last request: 0.721171 seconds.
  path: Assets/TVE Collections/Unity - Terrain Demo/Prefabs With Original LODs/Rocks/Rock_A_02.prefab
  artifactKey: Guid(07f7cad6526aa034c9b4354ca56fe345) Importer(815301076,1909f56bfc062723c751e8b465ee728b)
Start importing Assets/TVE Collections/Unity - Terrain Demo/Prefabs With Original LODs/Rocks/Rock_A_02.prefab using Guid(07f7cad6526aa034c9b4354ca56fe345) Importer(815301076,1909f56bfc062723c751e8b465ee728b) (PreviewImporter) -> (artifact id: 'a659f64c068d6edd8ed1da1fda705c16') in 0.0356003 seconds
Number of updated asset objects reloaded before import = 0Number of asset objects unloaded after import = 27

========================================================================
Received Import Request.
  Time since last request: 0.000039 seconds.
  path: Assets/TVE Collections/Unity - Terrain Demo/Prefabs With Original LODs/Rocks/Rock_C_02.prefab
  artifactKey: Guid(e282c08a663fe924b8df6c6486ab001b) Importer(815301076,1909f56bfc062723c751e8b465ee728b)
Start importing Assets/TVE Collections/Unity - Terrain Demo/Prefabs With Original LODs/Rocks/Rock_C_02.prefab using Guid(e282c08a663fe924b8df6c6486ab001b) Importer(815301076,1909f56bfc062723c751e8b465ee728b) (PreviewImporter) -> (artifact id: '9b6f8a6dcdf7d9fb7753d4f8d1b9ef6e') in 0.0319974 seconds
Number of updated asset objects reloaded before import = 0Number of asset objects unloaded after import = 32

========================================================================
Received Import Request.
  Time since last request: 0.000072 seconds.
  path: Assets/TVE Collections/Unity - Terrain Demo/Prefabs With Original LODs/Rocks/Rock_Overgrown_D.prefab
  artifactKey: Guid(483eb13e1226ff04da27bfb959984bd9) Importer(815301076,1909f56bfc062723c751e8b465ee728b)
Start importing Assets/TVE Collections/Unity - Terrain Demo/Prefabs With Original LODs/Rocks/Rock_Overgrown_D.prefab using Guid(483eb13e1226ff04da27bfb959984bd9) Importer(815301076,1909f56bfc062723c751e8b465ee728b) (PreviewImporter) -> (artifact id: '30493dfc1f0b020dcdce933e0ac1d036') in 0.0236834 seconds
Number of updated asset objects reloaded before import = 0Number of asset objects unloaded after import = 23

========================================================================
Received Import Request.
  Time since last request: 0.000044 seconds.
  path: Assets/TVE Collections/Unity - Terrain Demo/Prefabs With Original LODs/Rocks/Rock_C_01.prefab
  artifactKey: Guid(739df546e62a6b74b9d81ef0398b9ec0) Importer(815301076,1909f56bfc062723c751e8b465ee728b)
Start importing Assets/TVE Collections/Unity - Terrain Demo/Prefabs With Original LODs/Rocks/Rock_C_01.prefab using Guid(739df546e62a6b74b9d81ef0398b9ec0) Importer(815301076,1909f56bfc062723c751e8b465ee728b) (PreviewImporter) -> (artifact id: '457afd5adbeb7358d830815d59fe9e7e') in 0.0576043 seconds
Number of updated asset objects reloaded before import = 0Number of asset objects unloaded after import = 32

========================================================================
Received Import Request.
  Time since last request: 0.000043 seconds.
  path: Assets/TVE Collections/Unity - Terrain Demo/Prefabs With Original LODs/Rocks/Rock_B_01.prefab
  artifactKey: Guid(49f41f0d2a9b0d741b0a518254d2412f) Importer(815301076,1909f56bfc062723c751e8b465ee728b)
Start importing Assets/TVE Collections/Unity - Terrain Demo/Prefabs With Original LODs/Rocks/Rock_B_01.prefab using Guid(49f41f0d2a9b0d741b0a518254d2412f) Importer(815301076,1909f56bfc062723c751e8b465ee728b) (PreviewImporter) -> (artifact id: 'a02fd1dcd4f69f6330390f651623673b') in 0.0414799 seconds
Number of updated asset objects reloaded before import = 0Number of asset objects unloaded after import = 34

========================================================================
Received Import Request.
  Time since last request: 0.000103 seconds.
  path: Assets/TVE Collections/Unity - Terrain Demo/Prefabs With Original LODs/Rocks/Rock_Overgrown_B.prefab
  artifactKey: Guid(b8ea4769efda5534bab761f3d21fe07d) Importer(815301076,1909f56bfc062723c751e8b465ee728b)
Start importing Assets/TVE Collections/Unity - Terrain Demo/Prefabs With Original LODs/Rocks/Rock_Overgrown_B.prefab using Guid(b8ea4769efda5534bab761f3d21fe07d) Importer(815301076,1909f56bfc062723c751e8b465ee728b) (PreviewImporter) -> (artifact id: '3e603dcc364741ff5ce929cb10e8121e') in 0.0322219 seconds
Number of updated asset objects reloaded before import = 0Number of asset objects unloaded after import = 23

========================================================================
Received Import Request.
  Time since last request: 431.323112 seconds.
  path: Assets/TerrainData_34dc4edf-f3c5-439c-9d58-814937914a72.asset
  artifactKey: Guid(0fbd1a9d8c1c72141aa39d2fa5e6a668) Importer(815301076,1909f56bfc062723c751e8b465ee728b)
Start importing Assets/TerrainData_34dc4edf-f3c5-439c-9d58-814937914a72.asset using Guid(0fbd1a9d8c1c72141aa39d2fa5e6a668) Importer(815301076,1909f56bfc062723c751e8b465ee728b) (PreviewImporter) -> (artifact id: '40def88a39bd12cd373e7ed66c29073c') in 0.0763334 seconds
Number of updated asset objects reloaded before import = 0Number of asset objects unloaded after import = 1

========================================================================
Received Import Request.
  Time since last request: 0.000409 seconds.
  path: Assets/TerrainData_33189408-c986-481c-b800-36322dd34299.asset
  artifactKey: Guid(59a62f17fe262f4489b7a7e1783f75b5) Importer(815301076,1909f56bfc062723c751e8b465ee728b)
Start importing Assets/TerrainData_33189408-c986-481c-b800-36322dd34299.asset using Guid(59a62f17fe262f4489b7a7e1783f75b5) Importer(815301076,1909f56bfc062723c751e8b465ee728b) (PreviewImporter) -> (artifact id: '9cf8a3e27b1dd26d15bf4f297d1419eb') in 0.0099273 seconds
Number of updated asset objects reloaded before import = 0Number of asset objects unloaded after import = 1

========================================================================
Received Import Request.
  Time since last request: 7.938025 seconds.
  path: Assets/Suelo/Materials/Ground Materials/NewLayer 1.terrainlayer
  artifactKey: Guid(b48528191706c70439e84292d7af91bc) Importer(2089858483,b0f066a214c2f5e87bad3c948f4d605d)
Start importing Assets/Suelo/Materials/Ground Materials/NewLayer 1.terrainlayer using Guid(b48528191706c70439e84292d7af91bc) Importer(2089858483,b0f066a214c2f5e87bad3c948f4d605d) (ScriptedImporter) -> (artifact id: '24788cdd87d20ea1b4efb22e889e7e87') in 0.2358927 seconds
Number of updated asset objects reloaded before import = 0Number of asset objects unloaded after import = 1

========================================================================
Received Import Request.
  Time since last request: 0.000095 seconds.
  path: Assets/New Terrain.asset
  artifactKey: Guid(156fa44c467dc2e48aa7f56bb0fc5545) Importer(2089858483,b0f066a214c2f5e87bad3c948f4d605d)
Start importing Assets/New Terrain.asset using Guid(156fa44c467dc2e48aa7f56bb0fc5545) Importer(2089858483,b0f066a214c2f5e87bad3c948f4d605d) (ScriptedImporter) -> (artifact id: 'd553eee1d17aa536ac0dc963de6dee30') in 0.1466598 seconds
Number of updated asset objects reloaded before import = 0Number of asset objects unloaded after import = 2

========================================================================
Received Import Request.
  Time since last request: 48.644038 seconds.
  path: Assets/Suelo/Materials/Ground Materials/Grass Floor 2.mat
  artifactKey: Guid(d0c86399931d65c40ae1b437d71e557d) Importer(2089858483,b0f066a214c2f5e87bad3c948f4d605d)
Start importing Assets/Suelo/Materials/Ground Materials/Grass Floor 2.mat using Guid(d0c86399931d65c40ae1b437d71e557d) Importer(2089858483,b0f066a214c2f5e87bad3c948f4d605d) (ScriptedImporter) -> (artifact id: '02f41c1ca53b2d293e5c8b50fb6a6a3c') in 0.5041379 seconds
Number of updated asset objects reloaded before import = 0Number of asset objects unloaded after import = 6

========================================================================
Received Import Request.
  Time since last request: 0.000106 seconds.
  path: Assets/Suelo/Materials/Tree 3/Tree 3 Branches.mat
  artifactKey: Guid(ce001724e9d21084084ee3c8f12c0a5c) Importer(2089858483,b0f066a214c2f5e87bad3c948f4d605d)
Start importing Assets/Suelo/Materials/Tree 3/Tree 3 Branches.mat using Guid(ce001724e9d21084084ee3c8f12c0a5c) Importer(2089858483,b0f066a214c2f5e87bad3c948f4d605d) (ScriptedImporter) -> (artifact id: '0bef483cf174d257d388a8b29b1029e6') in 0.2488569 seconds
Number of updated asset objects reloaded before import = 0Number of asset objects unloaded after import = 4

========================================================================
Received Import Request.
  Time since last request: 0.000233 seconds.
  path: Assets/Suelo/Materials/Tree 2/Tree 2 Branches.mat
  artifactKey: Guid(2341656973cb2df48b26cd31949f58ad) Importer(2089858483,b0f066a214c2f5e87bad3c948f4d605d)
Start importing Assets/Suelo/Materials/Tree 2/Tree 2 Branches.mat using Guid(2341656973cb2df48b26cd31949f58ad) Importer(2089858483,b0f066a214c2f5e87bad3c948f4d605d) (ScriptedImporter) -> (artifact id: '2a949ddb235b39aff390e36ffce67b69') in 0.1087759 seconds
Number of updated asset objects reloaded before import = 0Number of asset objects unloaded after import = 4

========================================================================
Received Import Request.
  Time since last request: 0.000047 seconds.
  path: Assets/Suelo/Materials/Tree 1/Tree 1 Mat.mat
  artifactKey: Guid(cb1223280cfac854184017065d85e17e) Importer(2089858483,b0f066a214c2f5e87bad3c948f4d605d)
Start importing Assets/Suelo/Materials/Tree 1/Tree 1 Mat.mat using Guid(cb1223280cfac854184017065d85e17e) Importer(2089858483,b0f066a214c2f5e87bad3c948f4d605d) (ScriptedImporter) -> (artifact id: '0266bd4384f934f073c65104ad3fe078') in 0.0776037 seconds
Number of updated asset objects reloaded before import = 0Number of asset objects unloaded after import = 4

========================================================================
Received Import Request.
  Time since last request: 0.000078 seconds.
  path: Assets/Suelo/Materials/Ground Materials/Grass Floor 3.mat
  artifactKey: Guid(d962ce535805c5a4cb27ee3888bb17af) Importer(2089858483,b0f066a214c2f5e87bad3c948f4d605d)
Start importing Assets/Suelo/Materials/Ground Materials/Grass Floor 3.mat using Guid(d962ce535805c5a4cb27ee3888bb17af) Importer(2089858483,b0f066a214c2f5e87bad3c948f4d605d) (ScriptedImporter) -> (artifact id: '25ca9b72bae97b56f51af9e0b4acd956') in 0.0927917 seconds
Number of updated asset objects reloaded before import = 0Number of asset objects unloaded after import = 6

========================================================================
Received Import Request.
  Time since last request: 0.000032 seconds.
  path: Assets/Suelo/Materials/Large Rock 2/Large Rock 2.mat
  artifactKey: Guid(dca61a30b9a7fab47a822df5bd74027f) Importer(2089858483,b0f066a214c2f5e87bad3c948f4d605d)
Start importing Assets/Suelo/Materials/Large Rock 2/Large Rock 2.mat using Guid(dca61a30b9a7fab47a822df5bd74027f) Importer(2089858483,b0f066a214c2f5e87bad3c948f4d605d) (ScriptedImporter) -> (artifact id: '6a8d5ebf769b279e325949aeeee680d5') in 0.0488154 seconds
Number of updated asset objects reloaded before import = 0Number of asset objects unloaded after import = 4

========================================================================
Received Import Request.
  Time since last request: 0.000066 seconds.
  path: Assets/Suelo/Materials/Terrain Materials/Rock Floor 2.terrainlayer
  artifactKey: Guid(34abe2e61374fb749a5e1d25d14b5cc4) Importer(2089858483,b0f066a214c2f5e87bad3c948f4d605d)
Start importing Assets/Suelo/Materials/Terrain Materials/Rock Floor 2.terrainlayer using Guid(34abe2e61374fb749a5e1d25d14b5cc4) Importer(2089858483,b0f066a214c2f5e87bad3c948f4d605d) (ScriptedImporter) -> (artifact id: '87726581c206b8f0fa7029979ce3e0f1') in 0.0370705 seconds
Number of updated asset objects reloaded before import = 0Number of asset objects unloaded after import = 3

========================================================================
Received Import Request.
  Time since last request: 0.000089 seconds.
  path: Assets/Suelo/Materials/Small Rock 3/Small Rock 3.mat
  artifactKey: Guid(376ea5618bbbf2c4d93a2b50a770d9ba) Importer(2089858483,b0f066a214c2f5e87bad3c948f4d605d)
Start importing Assets/Suelo/Materials/Small Rock 3/Small Rock 3.mat using Guid(376ea5618bbbf2c4d93a2b50a770d9ba) Importer(2089858483,b0f066a214c2f5e87bad3c948f4d605d) (ScriptedImporter) -> (artifact id: 'b967771e8ae7f0b9263fc66ee4644e2e') in 0.0507663 seconds
Number of updated asset objects reloaded before import = 0Number of asset objects unloaded after import = 4

========================================================================
Received Import Request.
  Time since last request: 0.000061 seconds.
  path: Assets/Suelo/Materials/Large Rock 1/Large Rock 1.mat
  artifactKey: Guid(b6306c259b6f870469f9db775b800f81) Importer(2089858483,b0f066a214c2f5e87bad3c948f4d605d)
Start importing Assets/Suelo/Materials/Large Rock 1/Large Rock 1.mat using Guid(b6306c259b6f870469f9db775b800f81) Importer(2089858483,b0f066a214c2f5e87bad3c948f4d605d) (ScriptedImporter) -> (artifact id: '56cccec0c06f923a6f79777281fbefb9') in 0.0564303 seconds
Number of updated asset objects reloaded before import = 0Number of asset objects unloaded after import = 4

========================================================================
Received Import Request.
  Time since last request: 0.000100 seconds.
  path: Assets/Suelo/Materials/Rock Group/Rock Group.mat
  artifactKey: Guid(0a0aedc9748ab21489476711d4495974) Importer(2089858483,b0f066a214c2f5e87bad3c948f4d605d)
Start importing Assets/Suelo/Materials/Rock Group/Rock Group.mat using Guid(0a0aedc9748ab21489476711d4495974) Importer(2089858483,b0f066a214c2f5e87bad3c948f4d605d) (ScriptedImporter) -> (artifact id: '2aa2fc7d880375fadca3126dd53af628') in 0.0489758 seconds
Number of updated asset objects reloaded before import = 0Number of asset objects unloaded after import = 4

========================================================================
Received Import Request.
  Time since last request: 0.000081 seconds.
  path: Assets/Suelo/Materials/Tree 1/Tree 1 Branches.mat
  artifactKey: Guid(478e546c94611a74099c0fa6e5202431) Importer(2089858483,b0f066a214c2f5e87bad3c948f4d605d)
Start importing Assets/Suelo/Materials/Tree 1/Tree 1 Branches.mat using Guid(478e546c94611a74099c0fa6e5202431) Importer(2089858483,b0f066a214c2f5e87bad3c948f4d605d) (ScriptedImporter) -> (artifact id: '11b4ebee1dc31228e098dbc1529f9a2e') in 0.1349943 seconds
Number of updated asset objects reloaded before import = 0Number of asset objects unloaded after import = 4

========================================================================
Received Import Request.
  Time since last request: 0.000050 seconds.
  path: Assets/Suelo/Materials/Terrain Materials/Grass 1.terrainlayer
  artifactKey: Guid(49b6d26bcaf5a3a499677263e288fe8d) Importer(2089858483,b0f066a214c2f5e87bad3c948f4d605d)
Start importing Assets/Suelo/Materials/Terrain Materials/Grass 1.terrainlayer using Guid(49b6d26bcaf5a3a499677263e288fe8d) Importer(2089858483,b0f066a214c2f5e87bad3c948f4d605d) (ScriptedImporter) -> (artifact id: '40e27e7a51de33feb7c548acbd5623da') in 0.032524 seconds
Number of updated asset objects reloaded before import = 0Number of asset objects unloaded after import = 3

========================================================================
Received Import Request.
  Time since last request: 0.000088 seconds.
  path: Assets/Suelo/Materials/Small Rock 2/Small Rock 2.mat
  artifactKey: Guid(dabe54f6d7a618b46b47a20a94dac76c) Importer(2089858483,b0f066a214c2f5e87bad3c948f4d605d)
Start importing Assets/Suelo/Materials/Small Rock 2/Small Rock 2.mat using Guid(dabe54f6d7a618b46b47a20a94dac76c) Importer(2089858483,b0f066a214c2f5e87bad3c948f4d605d) (ScriptedImporter) -> (artifact id: '1a566e7d9259a094d41f4439f5da42b5') in 0.048747 seconds
Number of updated asset objects reloaded before import = 0Number of asset objects unloaded after import = 4

========================================================================
Received Import Request.
  Time since last request: 0.000037 seconds.
  path: Assets/Suelo/Materials/Terrain Materials/Grass 2.terrainlayer
  artifactKey: Guid(5468b1d74800fce42841a39f5c42dbe1) Importer(2089858483,b0f066a214c2f5e87bad3c948f4d605d)
Start importing Assets/Suelo/Materials/Terrain Materials/Grass 2.terrainlayer using Guid(5468b1d74800fce42841a39f5c42dbe1) Importer(2089858483,b0f066a214c2f5e87bad3c948f4d605d) (ScriptedImporter) -> (artifact id: 'bcd8bd8f41bd99ed30966cc14d46cd48') in 0.0332798 seconds
Number of updated asset objects reloaded before import = 0Number of asset objects unloaded after import = 3

========================================================================
Received Import Request.
  Time since last request: 0.000059 seconds.
  path: Assets/Suelo/Materials/Ground Materials/Rock Floor 2.mat
  artifactKey: Guid(1dbea9a213a67fb4a87413976f64122b) Importer(2089858483,b0f066a214c2f5e87bad3c948f4d605d)
Start importing Assets/Suelo/Materials/Ground Materials/Rock Floor 2.mat using Guid(1dbea9a213a67fb4a87413976f64122b) Importer(2089858483,b0f066a214c2f5e87bad3c948f4d605d) (ScriptedImporter) -> (artifact id: '9b525d799e6b093b9063a03a27ebe968') in 0.0666664 seconds
Number of updated asset objects reloaded before import = 0Number of asset objects unloaded after import = 6

========================================================================
Received Import Request.
  Time since last request: 99.187328 seconds.
  path: Assets/Settings/Mobile_RPAsset.asset
  artifactKey: Guid(5e6cbd92db86f4b18aec3ed561671858) Importer(815301076,1909f56bfc062723c751e8b465ee728b)
Start importing Assets/Settings/Mobile_RPAsset.asset using Guid(5e6cbd92db86f4b18aec3ed561671858) Importer(815301076,1909f56bfc062723c751e8b465ee728b) (PreviewImporter) -> (artifact id: '3178b500f75bb8e943d8438cfcdcf1b7') in 0.076219 seconds
Number of updated asset objects reloaded before import = 0Number of asset objects unloaded after import = 2

========================================================================
Received Import Request.
  Time since last request: 154.132988 seconds.
  path: Assets/Cielo/Cold Night/Cold Night.unity
  artifactKey: Guid(8c6f0d7d2a576443a92d35db4d83c4da) Importer(2089858483,e11c23a36db5f54750b8cd40eac0985b)
Start importing Assets/Cielo/Cold Night/Cold Night.unity using Guid(8c6f0d7d2a576443a92d35db4d83c4da) Importer(2089858483,e11c23a36db5f54750b8cd40eac0985b) (ScriptedImporter)Opening scene 'Assets/Cielo/Cold Night/Cold Night.unity additively'
Loaded scene 'Assets/Cielo/Cold Night/Cold Night.unity'
	Deserialize:            7.895 ms
	Integration:            137.103 ms
	Integration of assets:  0.006 ms
	Thread Wait Time:       0.033 ms
	Total Operation Time:   145.037 ms
 -> (artifact id: 'c23466c08ae1aa21118f5023479a53e3') in 0.7855365 seconds
Number of updated asset objects reloaded before import = 0Number of asset objects unloaded after import = 33

========================================================================
Received Import Request.
  Time since last request: 0.000050 seconds.
  path: Assets/JP Environmental Asset Pack/Prefabs/Tree 2.prefab
  artifactKey: Guid(2d813655b782eef45b7188afa2dfdb2e) Importer(2089858483,e11c23a36db5f54750b8cd40eac0985b)
Start importing Assets/JP Environmental Asset Pack/Prefabs/Tree 2.prefab using Guid(2d813655b782eef45b7188afa2dfdb2e) Importer(2089858483,e11c23a36db5f54750b8cd40eac0985b) (ScriptedImporter) -> (artifact id: '88d23a8a3301095c043c4f443235917c') in 0.0401848 seconds
Number of updated asset objects reloaded before import = 0Number of asset objects unloaded after import = 11

========================================================================
Received Import Request.
  Time since last request: 0.000240 seconds.
  path: Assets/JP Environmental Asset Pack/Scenes/ForestExample.unity
  artifactKey: Guid(e0b0c202f0e294148938f0d777182238) Importer(2089858483,e11c23a36db5f54750b8cd40eac0985b)
Start importing Assets/JP Environmental Asset Pack/Scenes/ForestExample.unity using Guid(e0b0c202f0e294148938f0d777182238) Importer(2089858483,e11c23a36db5f54750b8cd40eac0985b) (ScriptedImporter)Opening scene 'Assets/JP Environmental Asset Pack/Scenes/ForestExample.unity additively'
LightingSettings: switching bake backend from 2 to 1.
Problem detected while opening the Scene file: 'Assets/JP Environmental Asset Pack/Scenes/ForestExample.unity'.
Check the following logs for more details.
UnityEngine.Debug:ExtractStackTraceNoAlloc (byte*,int,string)
UnityEngine.StackTraceUtility:ExtractStackTrace ()
UnityEditor.SceneManagement.EditorSceneManager:OpenScene (string,UnityEditor.SceneManagement.OpenSceneMode)
UnityEditor.Search.AssetIndexer:IndexScene (string,bool)
UnityEditor.Search.AssetIndexer:IndexSceneDocument (string,bool)
UnityEditor.Search.AssetIndexer:IndexDocument (string,bool)
UnityEditor.Search.SearchIndexArtifactImporter:OnImportAsset (UnityEditor.AssetImporters.AssetImportContext)
UnityEditor.AssetImporters.ScriptedImporter:GenerateAssetData (UnityEditor.AssetImporters.AssetImportContext)

[C:\build\output\unity\unity\Runtime\PreloadManager\LoadSceneOperation.cpp line 839]

Inconsistency fixed: A Component cannot be part of a Prefab instance if its GameObject isn't part of a Prefab instance (GameObject: 'Missing Prefab (Dummy)' and Component of type Transform)
UnityEngine.Debug:ExtractStackTraceNoAlloc (byte*,int,string)
UnityEngine.StackTraceUtility:ExtractStackTrace ()
UnityEditor.SceneManagement.EditorSceneManager:OpenScene (string,UnityEditor.SceneManagement.OpenSceneMode)
UnityEditor.Search.AssetIndexer:IndexScene (string,bool)
UnityEditor.Search.AssetIndexer:IndexSceneDocument (string,bool)
UnityEditor.Search.AssetIndexer:IndexDocument (string,bool)
UnityEditor.Search.SearchIndexArtifactImporter:OnImportAsset (UnityEditor.AssetImporters.AssetImportContext)
UnityEditor.AssetImporters.ScriptedImporter:GenerateAssetData (UnityEditor.AssetImporters.AssetImportContext)

[C:\build\output\unity\unity\Runtime\BaseClasses\ErrorsAndWarningsCapture.cpp line 67]

Inconsistency fixed: A Component cannot be part of a Prefab instance if its GameObject isn't part of a Prefab instance (GameObject: 'Missing Prefab (Dummy)' and Component of type Transform)
UnityEngine.Debug:ExtractStackTraceNoAlloc (byte*,int,string)
UnityEngine.StackTraceUtility:ExtractStackTrace ()
UnityEditor.SceneManagement.EditorSceneManager:OpenScene (string,UnityEditor.SceneManagement.OpenSceneMode)
UnityEditor.Search.AssetIndexer:IndexScene (string,bool)
UnityEditor.Search.AssetIndexer:IndexSceneDocument (string,bool)
UnityEditor.Search.AssetIndexer:IndexDocument (string,bool)
UnityEditor.Search.SearchIndexArtifactImporter:OnImportAsset (UnityEditor.AssetImporters.AssetImportContext)
UnityEditor.AssetImporters.ScriptedImporter:GenerateAssetData (UnityEditor.AssetImporters.AssetImportContext)

[C:\build\output\unity\unity\Runtime\BaseClasses\ErrorsAndWarningsCapture.cpp line 67]

Inconsistency fixed: A Component cannot be part of a Prefab instance if its GameObject isn't part of a Prefab instance (GameObject: 'Missing Prefab (Dummy)' and Component of type Transform)
UnityEngine.Debug:ExtractStackTraceNoAlloc (byte*,int,string)
UnityEngine.StackTraceUtility:ExtractStackTrace ()
UnityEditor.SceneManagement.EditorSceneManager:OpenScene (string,UnityEditor.SceneManagement.OpenSceneMode)
UnityEditor.Search.AssetIndexer:IndexScene (string,bool)
UnityEditor.Search.AssetIndexer:IndexSceneDocument (string,bool)
UnityEditor.Search.AssetIndexer:IndexDocument (string,bool)
UnityEditor.Search.SearchIndexArtifactImporter:OnImportAsset (UnityEditor.AssetImporters.AssetImportContext)
UnityEditor.AssetImporters.ScriptedImporter:GenerateAssetData (UnityEditor.AssetImporters.AssetImportContext)

[C:\build\output\unity\unity\Runtime\BaseClasses\ErrorsAndWarningsCapture.cpp line 67]

Inconsistency fixed: A Component cannot be part of a Prefab instance if its GameObject isn't part of a Prefab instance (GameObject: 'Missing Prefab (Dummy)' and Component of type Transform)
UnityEngine.Debug:ExtractStackTraceNoAlloc (byte*,int,string)
UnityEngine.StackTraceUtility:ExtractStackTrace ()
UnityEditor.SceneManagement.EditorSceneManager:OpenScene (string,UnityEditor.SceneManagement.OpenSceneMode)
UnityEditor.Search.AssetIndexer:IndexScene (string,bool)
UnityEditor.Search.AssetIndexer:IndexSceneDocument (string,bool)
UnityEditor.Search.AssetIndexer:IndexDocument (string,bool)
UnityEditor.Search.SearchIndexArtifactImporter:OnImportAsset (UnityEditor.AssetImporters.AssetImportContext)
UnityEditor.AssetImporters.ScriptedImporter:GenerateAssetData (UnityEditor.AssetImporters.AssetImportContext)

[C:\build\output\unity\unity\Runtime\BaseClasses\ErrorsAndWarningsCapture.cpp line 67]

Inconsistency fixed: A Component cannot be part of a Prefab instance if its GameObject isn't part of a Prefab instance (GameObject: 'Missing Prefab (Dummy)' and Component of type Transform)
UnityEngine.Debug:ExtractStackTraceNoAlloc (byte*,int,string)
UnityEngine.StackTraceUtility:ExtractStackTrace ()
UnityEditor.SceneManagement.EditorSceneManager:OpenScene (string,UnityEditor.SceneManagement.OpenSceneMode)
UnityEditor.Search.AssetIndexer:IndexScene (string,bool)
UnityEditor.Search.AssetIndexer:IndexSceneDocument (string,bool)
UnityEditor.Search.AssetIndexer:IndexDocument (string,bool)
UnityEditor.Search.SearchIndexArtifactImporter:OnImportAsset (UnityEditor.AssetImporters.AssetImportContext)
UnityEditor.AssetImporters.ScriptedImporter:GenerateAssetData (UnityEditor.AssetImporters.AssetImportContext)

[C:\build\output\unity\unity\Runtime\BaseClasses\ErrorsAndWarningsCapture.cpp line 67]

Inconsistency fixed: A Component cannot be part of a Prefab instance if its GameObject isn't part of a Prefab instance (GameObject: 'Missing Prefab (Dummy)' and Component of type Transform)
UnityEngine.Debug:ExtractStackTraceNoAlloc (byte*,int,string)
UnityEngine.StackTraceUtility:ExtractStackTrace ()
UnityEditor.SceneManagement.EditorSceneManager:OpenScene (string,UnityEditor.SceneManagement.OpenSceneMode)
UnityEditor.Search.AssetIndexer:IndexScene (string,bool)
UnityEditor.Search.AssetIndexer:IndexSceneDocument (string,bool)
UnityEditor.Search.AssetIndexer:IndexDocument (string,bool)
UnityEditor.Search.SearchIndexArtifactImporter:OnImportAsset (UnityEditor.AssetImporters.AssetImportContext)
UnityEditor.AssetImporters.ScriptedImporter:GenerateAssetData (UnityEditor.AssetImporters.AssetImportContext)

[C:\build\output\unity\unity\Runtime\BaseClasses\ErrorsAndWarningsCapture.cpp line 67]

Inconsistency fixed: A Component cannot be part of a Prefab instance if its GameObject isn't part of a Prefab instance (GameObject: 'Missing Prefab (Dummy)' and Component of type Transform)
UnityEngine.Debug:ExtractStackTraceNoAlloc (byte*,int,string)
UnityEngine.StackTraceUtility:ExtractStackTrace ()
UnityEditor.SceneManagement.EditorSceneManager:OpenScene (string,UnityEditor.SceneManagement.OpenSceneMode)
UnityEditor.Search.AssetIndexer:IndexScene (string,bool)
UnityEditor.Search.AssetIndexer:IndexSceneDocument (string,bool)
UnityEditor.Search.AssetIndexer:IndexDocument (string,bool)
UnityEditor.Search.SearchIndexArtifactImporter:OnImportAsset (UnityEditor.AssetImporters.AssetImportContext)
UnityEditor.AssetImporters.ScriptedImporter:GenerateAssetData (UnityEditor.AssetImporters.AssetImportContext)

[C:\build\output\unity\unity\Runtime\BaseClasses\ErrorsAndWarningsCapture.cpp line 67]

Inconsistency fixed: A Component cannot be part of a Prefab instance if its GameObject isn't part of a Prefab instance (GameObject: 'Missing Prefab (Dummy)' and Component of type Transform)
UnityEngine.Debug:ExtractStackTraceNoAlloc (byte*,int,string)
UnityEngine.StackTraceUtility:ExtractStackTrace ()
UnityEditor.SceneManagement.EditorSceneManager:OpenScene (string,UnityEditor.SceneManagement.OpenSceneMode)
UnityEditor.Search.AssetIndexer:IndexScene (string,bool)
UnityEditor.Search.AssetIndexer:IndexSceneDocument (string,bool)
UnityEditor.Search.AssetIndexer:IndexDocument (string,bool)
UnityEditor.Search.SearchIndexArtifactImporter:OnImportAsset (UnityEditor.AssetImporters.AssetImportContext)
UnityEditor.AssetImporters.ScriptedImporter:GenerateAssetData (UnityEditor.AssetImporters.AssetImportContext)

[C:\build\output\unity\unity\Runtime\BaseClasses\ErrorsAndWarningsCapture.cpp line 67]

Inconsistency fixed: A Component cannot be part of a Prefab instance if its GameObject isn't part of a Prefab instance (GameObject: 'Missing Prefab (Dummy)' and Component of type Transform)
UnityEngine.Debug:ExtractStackTraceNoAlloc (byte*,int,string)
UnityEngine.StackTraceUtility:ExtractStackTrace ()
UnityEditor.SceneManagement.EditorSceneManager:OpenScene (string,UnityEditor.SceneManagement.OpenSceneMode)
UnityEditor.Search.AssetIndexer:IndexScene (string,bool)
UnityEditor.Search.AssetIndexer:IndexSceneDocument (string,bool)
UnityEditor.Search.AssetIndexer:IndexDocument (string,bool)
UnityEditor.Search.SearchIndexArtifactImporter:OnImportAsset (UnityEditor.AssetImporters.AssetImportContext)
UnityEditor.AssetImporters.ScriptedImporter:GenerateAssetData (UnityEditor.AssetImporters.AssetImportContext)

[C:\build\output\unity\unity\Runtime\BaseClasses\ErrorsAndWarningsCapture.cpp line 67]

Inconsistency fixed: A Component cannot be part of a Prefab instance if its GameObject isn't part of a Prefab instance (GameObject: 'Missing Prefab (Dummy)' and Component of type Transform)
UnityEngine.Debug:ExtractStackTraceNoAlloc (byte*,int,string)
UnityEngine.StackTraceUtility:ExtractStackTrace ()
UnityEditor.SceneManagement.EditorSceneManager:OpenScene (string,UnityEditor.SceneManagement.OpenSceneMode)
UnityEditor.Search.AssetIndexer:IndexScene (string,bool)
UnityEditor.Search.AssetIndexer:IndexSceneDocument (string,bool)
UnityEditor.Search.AssetIndexer:IndexDocument (string,bool)
UnityEditor.Search.SearchIndexArtifactImporter:OnImportAsset (UnityEditor.AssetImporters.AssetImportContext)
UnityEditor.AssetImporters.ScriptedImporter:GenerateAssetData (UnityEditor.AssetImporters.AssetImportContext)

[C:\build\output\unity\unity\Runtime\BaseClasses\ErrorsAndWarningsCapture.cpp line 67]

Inconsistency fixed: A Component cannot be part of a Prefab instance if its GameObject isn't part of a Prefab instance (GameObject: 'Missing Prefab (Dummy)' and Component of type Transform)
UnityEngine.Debug:ExtractStackTraceNoAlloc (byte*,int,string)
UnityEngine.StackTraceUtility:ExtractStackTrace ()
UnityEditor.SceneManagement.EditorSceneManager:OpenScene (string,UnityEditor.SceneManagement.OpenSceneMode)
UnityEditor.Search.AssetIndexer:IndexScene (string,bool)
UnityEditor.Search.AssetIndexer:IndexSceneDocument (string,bool)
UnityEditor.Search.AssetIndexer:IndexDocument (string,bool)
UnityEditor.Search.SearchIndexArtifactImporter:OnImportAsset (UnityEditor.AssetImporters.AssetImportContext)
UnityEditor.AssetImporters.ScriptedImporter:GenerateAssetData (UnityEditor.AssetImporters.AssetImportContext)

[C:\build\output\unity\unity\Runtime\BaseClasses\ErrorsAndWarningsCapture.cpp line 67]

Inconsistency fixed: A Component cannot be part of a Prefab instance if its GameObject isn't part of a Prefab instance (GameObject: 'Missing Prefab (Dummy)' and Component of type Transform)
UnityEngine.Debug:ExtractStackTraceNoAlloc (byte*,int,string)
UnityEngine.StackTraceUtility:ExtractStackTrace ()
UnityEditor.SceneManagement.EditorSceneManager:OpenScene (string,UnityEditor.SceneManagement.OpenSceneMode)
UnityEditor.Search.AssetIndexer:IndexScene (string,bool)
UnityEditor.Search.AssetIndexer:IndexSceneDocument (string,bool)
UnityEditor.Search.AssetIndexer:IndexDocument (string,bool)
UnityEditor.Search.SearchIndexArtifactImporter:OnImportAsset (UnityEditor.AssetImporters.AssetImportContext)
UnityEditor.AssetImporters.ScriptedImporter:GenerateAssetData (UnityEditor.AssetImporters.AssetImportContext)

[C:\build\output\unity\unity\Runtime\BaseClasses\ErrorsAndWarningsCapture.cpp line 67]

Inconsistency fixed: A Component cannot be part of a Prefab instance if its GameObject isn't part of a Prefab instance (GameObject: 'Missing Prefab (Dummy)' and Component of type Transform)
UnityEngine.Debug:ExtractStackTraceNoAlloc (byte*,int,string)
UnityEngine.StackTraceUtility:ExtractStackTrace ()
UnityEditor.SceneManagement.EditorSceneManager:OpenScene (string,UnityEditor.SceneManagement.OpenSceneMode)
UnityEditor.Search.AssetIndexer:IndexScene (string,bool)
UnityEditor.Search.AssetIndexer:IndexSceneDocument (string,bool)
UnityEditor.Search.AssetIndexer:IndexDocument (string,bool)
UnityEditor.Search.SearchIndexArtifactImporter:OnImportAsset (UnityEditor.AssetImporters.AssetImportContext)
UnityEditor.AssetImporters.ScriptedImporter:GenerateAssetData (UnityEditor.AssetImporters.AssetImportContext)

[C:\build\output\unity\unity\Runtime\BaseClasses\ErrorsAndWarningsCapture.cpp line 67]

Inconsistency fixed: A Component cannot be part of a Prefab instance if its GameObject isn't part of a Prefab instance (GameObject: 'Missing Prefab (Dummy)' and Component of type Transform)
UnityEngine.Debug:ExtractStackTraceNoAlloc (byte*,int,string)
UnityEngine.StackTraceUtility:ExtractStackTrace ()
UnityEditor.SceneManagement.EditorSceneManager:OpenScene (string,UnityEditor.SceneManagement.OpenSceneMode)
UnityEditor.Search.AssetIndexer:IndexScene (string,bool)
UnityEditor.Search.AssetIndexer:IndexSceneDocument (string,bool)
UnityEditor.Search.AssetIndexer:IndexDocument (string,bool)
UnityEditor.Search.SearchIndexArtifactImporter:OnImportAsset (UnityEditor.AssetImporters.AssetImportContext)
UnityEditor.AssetImporters.ScriptedImporter:GenerateAssetData (UnityEditor.AssetImporters.AssetImportContext)

[C:\build\output\unity\unity\Runtime\BaseClasses\ErrorsAndWarningsCapture.cpp line 67]

Inconsistency fixed: A Component cannot be part of a Prefab instance if its GameObject isn't part of a Prefab instance (GameObject: 'Missing Prefab (Dummy)' and Component of type Transform)
UnityEngine.Debug:ExtractStackTraceNoAlloc (byte*,int,string)
UnityEngine.StackTraceUtility:ExtractStackTrace ()
UnityEditor.SceneManagement.EditorSceneManager:OpenScene (string,UnityEditor.SceneManagement.OpenSceneMode)
UnityEditor.Search.AssetIndexer:IndexScene (string,bool)
UnityEditor.Search.AssetIndexer:IndexSceneDocument (string,bool)
UnityEditor.Search.AssetIndexer:IndexDocument (string,bool)
UnityEditor.Search.SearchIndexArtifactImporter:OnImportAsset (UnityEditor.AssetImporters.AssetImportContext)
UnityEditor.AssetImporters.ScriptedImporter:GenerateAssetData (UnityEditor.AssetImporters.AssetImportContext)

[C:\build\output\unity\unity\Runtime\BaseClasses\ErrorsAndWarningsCapture.cpp line 67]

Inconsistency fixed: A Component cannot be part of a Prefab instance if its GameObject isn't part of a Prefab instance (GameObject: 'Missing Prefab (Dummy)' and Component of type Transform)
UnityEngine.Debug:ExtractStackTraceNoAlloc (byte*,int,string)
UnityEngine.StackTraceUtility:ExtractStackTrace ()
UnityEditor.SceneManagement.EditorSceneManager:OpenScene (string,UnityEditor.SceneManagement.OpenSceneMode)
UnityEditor.Search.AssetIndexer:IndexScene (string,bool)
UnityEditor.Search.AssetIndexer:IndexSceneDocument (string,bool)
UnityEditor.Search.AssetIndexer:IndexDocument (string,bool)
UnityEditor.Search.SearchIndexArtifactImporter:OnImportAsset (UnityEditor.AssetImporters.AssetImportContext)
UnityEditor.AssetImporters.ScriptedImporter:GenerateAssetData (UnityEditor.AssetImporters.AssetImportContext)

[C:\build\output\unity\unity\Runtime\BaseClasses\ErrorsAndWarningsCapture.cpp line 67]

Inconsistency fixed: A Component cannot be part of a Prefab instance if its GameObject isn't part of a Prefab instance (GameObject: 'Missing Prefab (Dummy)' and Component of type Transform)
UnityEngine.Debug:ExtractStackTraceNoAlloc (byte*,int,string)
UnityEngine.StackTraceUtility:ExtractStackTrace ()
UnityEditor.SceneManagement.EditorSceneManager:OpenScene (string,UnityEditor.SceneManagement.OpenSceneMode)
UnityEditor.Search.AssetIndexer:IndexScene (string,bool)
UnityEditor.Search.AssetIndexer:IndexSceneDocument (string,bool)
UnityEditor.Search.AssetIndexer:IndexDocument (string,bool)
UnityEditor.Search.SearchIndexArtifactImporter:OnImportAsset (UnityEditor.AssetImporters.AssetImportContext)
UnityEditor.AssetImporters.ScriptedImporter:GenerateAssetData (UnityEditor.AssetImporters.AssetImportContext)

[C:\build\output\unity\unity\Runtime\BaseClasses\ErrorsAndWarningsCapture.cpp line 67]

Inconsistency fixed: A Component cannot be part of a Prefab instance if its GameObject isn't part of a Prefab instance (GameObject: 'Missing Prefab (Dummy)' and Component of type Transform)
UnityEngine.Debug:ExtractStackTraceNoAlloc (byte*,int,string)
UnityEngine.StackTraceUtility:ExtractStackTrace ()
UnityEditor.SceneManagement.EditorSceneManager:OpenScene (string,UnityEditor.SceneManagement.OpenSceneMode)
UnityEditor.Search.AssetIndexer:IndexScene (string,bool)
UnityEditor.Search.AssetIndexer:IndexSceneDocument (string,bool)
UnityEditor.Search.AssetIndexer:IndexDocument (string,bool)
UnityEditor.Search.SearchIndexArtifactImporter:OnImportAsset (UnityEditor.AssetImporters.AssetImportContext)
UnityEditor.AssetImporters.ScriptedImporter:GenerateAssetData (UnityEditor.AssetImporters.AssetImportContext)

[C:\build\output\unity\unity\Runtime\BaseClasses\ErrorsAndWarningsCapture.cpp line 67]

Inconsistency fixed: A Component cannot be part of a Prefab instance if its GameObject isn't part of a Prefab instance (GameObject: 'Missing Prefab (Dummy)' and Component of type Transform)
UnityEngine.Debug:ExtractStackTraceNoAlloc (byte*,int,string)
UnityEngine.StackTraceUtility:ExtractStackTrace ()
UnityEditor.SceneManagement.EditorSceneManager:OpenScene (string,UnityEditor.SceneManagement.OpenSceneMode)
UnityEditor.Search.AssetIndexer:IndexScene (string,bool)
UnityEditor.Search.AssetIndexer:IndexSceneDocument (string,bool)
UnityEditor.Search.AssetIndexer:IndexDocument (string,bool)
UnityEditor.Search.SearchIndexArtifactImporter:OnImportAsset (UnityEditor.AssetImporters.AssetImportContext)
UnityEditor.AssetImporters.ScriptedImporter:GenerateAssetData (UnityEditor.AssetImporters.AssetImportContext)

[C:\build\output\unity\unity\Runtime\BaseClasses\ErrorsAndWarningsCapture.cpp line 67]

Inconsistency fixed: A Component cannot be part of a Prefab instance if its GameObject isn't part of a Prefab instance (GameObject: 'Missing Prefab (Dummy)' and Component of type Transform)
UnityEngine.Debug:ExtractStackTraceNoAlloc (byte*,int,string)
UnityEngine.StackTraceUtility:ExtractStackTrace ()
UnityEditor.SceneManagement.EditorSceneManager:OpenScene (string,UnityEditor.SceneManagement.OpenSceneMode)
UnityEditor.Search.AssetIndexer:IndexScene (string,bool)
UnityEditor.Search.AssetIndexer:IndexSceneDocument (string,bool)
UnityEditor.Search.AssetIndexer:IndexDocument (string,bool)
UnityEditor.Search.SearchIndexArtifactImporter:OnImportAsset (UnityEditor.AssetImporters.AssetImportContext)
UnityEditor.AssetImporters.ScriptedImporter:GenerateAssetData (UnityEditor.AssetImporters.AssetImportContext)

[C:\build\output\unity\unity\Runtime\BaseClasses\ErrorsAndWarningsCapture.cpp line 67]

Inconsistency fixed: A Component cannot be part of a Prefab instance if its GameObject isn't part of a Prefab instance (GameObject: 'Missing Prefab (Dummy)' and Component of type Transform)
UnityEngine.Debug:ExtractStackTraceNoAlloc (byte*,int,string)
UnityEngine.StackTraceUtility:ExtractStackTrace ()
UnityEditor.SceneManagement.EditorSceneManager:OpenScene (string,UnityEditor.SceneManagement.OpenSceneMode)
UnityEditor.Search.AssetIndexer:IndexScene (string,bool)
UnityEditor.Search.AssetIndexer:IndexSceneDocument (string,bool)
UnityEditor.Search.AssetIndexer:IndexDocument (string,bool)
UnityEditor.Search.SearchIndexArtifactImporter:OnImportAsset (UnityEditor.AssetImporters.AssetImportContext)
UnityEditor.AssetImporters.ScriptedImporter:GenerateAssetData (UnityEditor.AssetImporters.AssetImportContext)

[C:\build\output\unity\unity\Runtime\BaseClasses\ErrorsAndWarningsCapture.cpp line 67]

Inconsistency fixed: A Component cannot be part of a Prefab instance if its GameObject isn't part of a Prefab instance (GameObject: 'Missing Prefab (Dummy)' and Component of type Transform)
UnityEngine.Debug:ExtractStackTraceNoAlloc (byte*,int,string)
UnityEngine.StackTraceUtility:ExtractStackTrace ()
UnityEditor.SceneManagement.EditorSceneManager:OpenScene (string,UnityEditor.SceneManagement.OpenSceneMode)
UnityEditor.Search.AssetIndexer:IndexScene (string,bool)
UnityEditor.Search.AssetIndexer:IndexSceneDocument (string,bool)
UnityEditor.Search.AssetIndexer:IndexDocument (string,bool)
UnityEditor.Search.SearchIndexArtifactImporter:OnImportAsset (UnityEditor.AssetImporters.AssetImportContext)
UnityEditor.AssetImporters.ScriptedImporter:GenerateAssetData (UnityEditor.AssetImporters.AssetImportContext)

[C:\build\output\unity\unity\Runtime\BaseClasses\ErrorsAndWarningsCapture.cpp line 67]

Inconsistency fixed: A Component cannot be part of a Prefab instance if its GameObject isn't part of a Prefab instance (GameObject: 'Missing Prefab (Dummy)' and Component of type Transform)
UnityEngine.Debug:ExtractStackTraceNoAlloc (byte*,int,string)
UnityEngine.StackTraceUtility:ExtractStackTrace ()
UnityEditor.SceneManagement.EditorSceneManager:OpenScene (string,UnityEditor.SceneManagement.OpenSceneMode)
UnityEditor.Search.AssetIndexer:IndexScene (string,bool)
UnityEditor.Search.AssetIndexer:IndexSceneDocument (string,bool)
UnityEditor.Search.AssetIndexer:IndexDocument (string,bool)
UnityEditor.Search.SearchIndexArtifactImporter:OnImportAsset (UnityEditor.AssetImporters.AssetImportContext)
UnityEditor.AssetImporters.ScriptedImporter:GenerateAssetData (UnityEditor.AssetImporters.AssetImportContext)

[C:\build\output\unity\unity\Runtime\BaseClasses\ErrorsAndWarningsCapture.cpp line 67]

Inconsistency fixed: A Component cannot be part of a Prefab instance if its GameObject isn't part of a Prefab instance (GameObject: 'Missing Prefab (Dummy)' and Component of type Transform)
UnityEngine.Debug:ExtractStackTraceNoAlloc (byte*,int,string)
UnityEngine.StackTraceUtility:ExtractStackTrace ()
UnityEditor.SceneManagement.EditorSceneManager:OpenScene (string,UnityEditor.SceneManagement.OpenSceneMode)
UnityEditor.Search.AssetIndexer:IndexScene (string,bool)
UnityEditor.Search.AssetIndexer:IndexSceneDocument (string,bool)
UnityEditor.Search.AssetIndexer:IndexDocument (string,bool)
UnityEditor.Search.SearchIndexArtifactImporter:OnImportAsset (UnityEditor.AssetImporters.AssetImportContext)
UnityEditor.AssetImporters.ScriptedImporter:GenerateAssetData (UnityEditor.AssetImporters.AssetImportContext)

[C:\build\output\unity\unity\Runtime\BaseClasses\ErrorsAndWarningsCapture.cpp line 67]

Inconsistency fixed: A Component cannot be part of a Prefab instance if its GameObject isn't part of a Prefab instance (GameObject: 'Missing Prefab (Dummy)' and Component of type Transform)
UnityEngine.Debug:ExtractStackTraceNoAlloc (byte*,int,string)
UnityEngine.StackTraceUtility:ExtractStackTrace ()
UnityEditor.SceneManagement.EditorSceneManager:OpenScene (string,UnityEditor.SceneManagement.OpenSceneMode)
UnityEditor.Search.AssetIndexer:IndexScene (string,bool)
UnityEditor.Search.AssetIndexer:IndexSceneDocument (string,bool)
UnityEditor.Search.AssetIndexer:IndexDocument (string,bool)
UnityEditor.Search.SearchIndexArtifactImporter:OnImportAsset (UnityEditor.AssetImporters.AssetImportContext)
UnityEditor.AssetImporters.ScriptedImporter:GenerateAssetData (UnityEditor.AssetImporters.AssetImportContext)

[C:\build\output\unity\unity\Runtime\BaseClasses\ErrorsAndWarningsCapture.cpp line 67]

Inconsistency fixed: A Component cannot be part of a Prefab instance if its GameObject isn't part of a Prefab instance (GameObject: 'Missing Prefab (Dummy)' and Component of type Transform)
UnityEngine.Debug:ExtractStackTraceNoAlloc (byte*,int,string)
UnityEngine.StackTraceUtility:ExtractStackTrace ()
UnityEditor.SceneManagement.EditorSceneManager:OpenScene (string,UnityEditor.SceneManagement.OpenSceneMode)
UnityEditor.Search.AssetIndexer:IndexScene (string,bool)
UnityEditor.Search.AssetIndexer:IndexSceneDocument (string,bool)
UnityEditor.Search.AssetIndexer:IndexDocument (string,bool)
UnityEditor.Search.SearchIndexArtifactImporter:OnImportAsset (UnityEditor.AssetImporters.AssetImportContext)
UnityEditor.AssetImporters.ScriptedImporter:GenerateAssetData (UnityEditor.AssetImporters.AssetImportContext)

[C:\build\output\unity\unity\Runtime\BaseClasses\ErrorsAndWarningsCapture.cpp line 67]

Inconsistency fixed: A Component cannot be part of a Prefab instance if its GameObject isn't part of a Prefab instance (GameObject: 'Missing Prefab (Dummy)' and Component of type Transform)
UnityEngine.Debug:ExtractStackTraceNoAlloc (byte*,int,string)
UnityEngine.StackTraceUtility:ExtractStackTrace ()
UnityEditor.SceneManagement.EditorSceneManager:OpenScene (string,UnityEditor.SceneManagement.OpenSceneMode)
UnityEditor.Search.AssetIndexer:IndexScene (string,bool)
UnityEditor.Search.AssetIndexer:IndexSceneDocument (string,bool)
UnityEditor.Search.AssetIndexer:IndexDocument (string,bool)
UnityEditor.Search.SearchIndexArtifactImporter:OnImportAsset (UnityEditor.AssetImporters.AssetImportContext)
UnityEditor.AssetImporters.ScriptedImporter:GenerateAssetData (UnityEditor.AssetImporters.AssetImportContext)

[C:\build\output\unity\unity\Runtime\BaseClasses\ErrorsAndWarningsCapture.cpp line 67]

Inconsistency fixed: A Component cannot be part of a Prefab instance if its GameObject isn't part of a Prefab instance (GameObject: 'Missing Prefab (Dummy)' and Component of type Transform)
UnityEngine.Debug:ExtractStackTraceNoAlloc (byte*,int,string)
UnityEngine.StackTraceUtility:ExtractStackTrace ()
UnityEditor.SceneManagement.EditorSceneManager:OpenScene (string,UnityEditor.SceneManagement.OpenSceneMode)
UnityEditor.Search.AssetIndexer:IndexScene (string,bool)
UnityEditor.Search.AssetIndexer:IndexSceneDocument (string,bool)
UnityEditor.Search.AssetIndexer:IndexDocument (string,bool)
UnityEditor.Search.SearchIndexArtifactImporter:OnImportAsset (UnityEditor.AssetImporters.AssetImportContext)
UnityEditor.AssetImporters.ScriptedImporter:GenerateAssetData (UnityEditor.AssetImporters.AssetImportContext)

[C:\build\output\unity\unity\Runtime\BaseClasses\ErrorsAndWarningsCapture.cpp line 67]

Inconsistency fixed: A Component cannot be part of a Prefab instance if its GameObject isn't part of a Prefab instance (GameObject: 'Missing Prefab (Dummy)' and Component of type Transform)
UnityEngine.Debug:ExtractStackTraceNoAlloc (byte*,int,string)
UnityEngine.StackTraceUtility:ExtractStackTrace ()
UnityEditor.SceneManagement.EditorSceneManager:OpenScene (string,UnityEditor.SceneManagement.OpenSceneMode)
UnityEditor.Search.AssetIndexer:IndexScene (string,bool)
UnityEditor.Search.AssetIndexer:IndexSceneDocument (string,bool)
UnityEditor.Search.AssetIndexer:IndexDocument (string,bool)
UnityEditor.Search.SearchIndexArtifactImporter:OnImportAsset (UnityEditor.AssetImporters.AssetImportContext)
UnityEditor.AssetImporters.ScriptedImporter:GenerateAssetData (UnityEditor.AssetImporters.AssetImportContext)

[C:\build\output\unity\unity\Runtime\BaseClasses\ErrorsAndWarningsCapture.cpp line 67]

Inconsistency fixed: A Component cannot be part of a Prefab instance if its GameObject isn't part of a Prefab instance (GameObject: 'Missing Prefab (Dummy)' and Component of type Transform)
UnityEngine.Debug:ExtractStackTraceNoAlloc (byte*,int,string)
UnityEngine.StackTraceUtility:ExtractStackTrace ()
UnityEditor.SceneManagement.EditorSceneManager:OpenScene (string,UnityEditor.SceneManagement.OpenSceneMode)
UnityEditor.Search.AssetIndexer:IndexScene (string,bool)
UnityEditor.Search.AssetIndexer:IndexSceneDocument (string,bool)
UnityEditor.Search.AssetIndexer:IndexDocument (string,bool)
UnityEditor.Search.SearchIndexArtifactImporter:OnImportAsset (UnityEditor.AssetImporters.AssetImportContext)
UnityEditor.AssetImporters.ScriptedImporter:GenerateAssetData (UnityEditor.AssetImporters.AssetImportContext)

[C:\build\output\unity\unity\Runtime\BaseClasses\ErrorsAndWarningsCapture.cpp line 67]

Inconsistency fixed: A Component cannot be part of a Prefab instance if its GameObject isn't part of a Prefab instance (GameObject: 'Missing Prefab (Dummy)' and Component of type Transform)
UnityEngine.Debug:ExtractStackTraceNoAlloc (byte*,int,string)
UnityEngine.StackTraceUtility:ExtractStackTrace ()
UnityEditor.SceneManagement.EditorSceneManager:OpenScene (string,UnityEditor.SceneManagement.OpenSceneMode)
UnityEditor.Search.AssetIndexer:IndexScene (string,bool)
UnityEditor.Search.AssetIndexer:IndexSceneDocument (string,bool)
UnityEditor.Search.AssetIndexer:IndexDocument (string,bool)
UnityEditor.Search.SearchIndexArtifactImporter:OnImportAsset (UnityEditor.AssetImporters.AssetImportContext)
UnityEditor.AssetImporters.ScriptedImporter:GenerateAssetData (UnityEditor.AssetImporters.AssetImportContext)

[C:\build\output\unity\unity\Runtime\BaseClasses\ErrorsAndWarningsCapture.cpp line 67]

Inconsistency fixed: A Component cannot be part of a Prefab instance if its GameObject isn't part of a Prefab instance (GameObject: 'Missing Prefab (Dummy)' and Component of type Transform)
UnityEngine.Debug:ExtractStackTraceNoAlloc (byte*,int,string)
UnityEngine.StackTraceUtility:ExtractStackTrace ()
UnityEditor.SceneManagement.EditorSceneManager:OpenScene (string,UnityEditor.SceneManagement.OpenSceneMode)
UnityEditor.Search.AssetIndexer:IndexScene (string,bool)
UnityEditor.Search.AssetIndexer:IndexSceneDocument (string,bool)
UnityEditor.Search.AssetIndexer:IndexDocument (string,bool)
UnityEditor.Search.SearchIndexArtifactImporter:OnImportAsset (UnityEditor.AssetImporters.AssetImportContext)
UnityEditor.AssetImporters.ScriptedImporter:GenerateAssetData (UnityEditor.AssetImporters.AssetImportContext)

[C:\build\output\unity\unity\Runtime\BaseClasses\ErrorsAndWarningsCapture.cpp line 67]

Inconsistency fixed: A Component cannot be part of a Prefab instance if its GameObject isn't part of a Prefab instance (GameObject: 'Missing Prefab (Dummy)' and Component of type Transform)
UnityEngine.Debug:ExtractStackTraceNoAlloc (byte*,int,string)
UnityEngine.StackTraceUtility:ExtractStackTrace ()
UnityEditor.SceneManagement.EditorSceneManager:OpenScene (string,UnityEditor.SceneManagement.OpenSceneMode)
UnityEditor.Search.AssetIndexer:IndexScene (string,bool)
UnityEditor.Search.AssetIndexer:IndexSceneDocument (string,bool)
UnityEditor.Search.AssetIndexer:IndexDocument (string,bool)
UnityEditor.Search.SearchIndexArtifactImporter:OnImportAsset (UnityEditor.AssetImporters.AssetImportContext)
UnityEditor.AssetImporters.ScriptedImporter:GenerateAssetData (UnityEditor.AssetImporters.AssetImportContext)

[C:\build\output\unity\unity\Runtime\BaseClasses\ErrorsAndWarningsCapture.cpp line 67]

Inconsistency fixed: A Component cannot be part of a Prefab instance if its GameObject isn't part of a Prefab instance (GameObject: 'Missing Prefab (Dummy)' and Component of type Transform)
UnityEngine.Debug:ExtractStackTraceNoAlloc (byte*,int,string)
UnityEngine.StackTraceUtility:ExtractStackTrace ()
UnityEditor.SceneManagement.EditorSceneManager:OpenScene (string,UnityEditor.SceneManagement.OpenSceneMode)
UnityEditor.Search.AssetIndexer:IndexScene (string,bool)
UnityEditor.Search.AssetIndexer:IndexSceneDocument (string,bool)
UnityEditor.Search.AssetIndexer:IndexDocument (string,bool)
UnityEditor.Search.SearchIndexArtifactImporter:OnImportAsset (UnityEditor.AssetImporters.AssetImportContext)
UnityEditor.AssetImporters.ScriptedImporter:GenerateAssetData (UnityEditor.AssetImporters.AssetImportContext)

[C:\build\output\unity\unity\Runtime\BaseClasses\ErrorsAndWarningsCapture.cpp line 67]

Inconsistency fixed: A Component cannot be part of a Prefab instance if its GameObject isn't part of a Prefab instance (GameObject: 'Missing Prefab (Dummy)' and Component of type Transform)
UnityEngine.Debug:ExtractStackTraceNoAlloc (byte*,int,string)
UnityEngine.StackTraceUtility:ExtractStackTrace ()
UnityEditor.SceneManagement.EditorSceneManager:OpenScene (string,UnityEditor.SceneManagement.OpenSceneMode)
UnityEditor.Search.AssetIndexer:IndexScene (string,bool)
UnityEditor.Search.AssetIndexer:IndexSceneDocument (string,bool)
UnityEditor.Search.AssetIndexer:IndexDocument (string,bool)
UnityEditor.Search.SearchIndexArtifactImporter:OnImportAsset (UnityEditor.AssetImporters.AssetImportContext)
UnityEditor.AssetImporters.ScriptedImporter:GenerateAssetData (UnityEditor.AssetImporters.AssetImportContext)

[C:\build\output\unity\unity\Runtime\BaseClasses\ErrorsAndWarningsCapture.cpp line 67]

Inconsistency fixed: A Component cannot be part of a Prefab instance if its GameObject isn't part of a Prefab instance (GameObject: 'Missing Prefab (Dummy)' and Component of type Transform)
UnityEngine.Debug:ExtractStackTraceNoAlloc (byte*,int,string)
UnityEngine.StackTraceUtility:ExtractStackTrace ()
UnityEditor.SceneManagement.EditorSceneManager:OpenScene (string,UnityEditor.SceneManagement.OpenSceneMode)
UnityEditor.Search.AssetIndexer:IndexScene (string,bool)
UnityEditor.Search.AssetIndexer:IndexSceneDocument (string,bool)
UnityEditor.Search.AssetIndexer:IndexDocument (string,bool)
UnityEditor.Search.SearchIndexArtifactImporter:OnImportAsset (UnityEditor.AssetImporters.AssetImportContext)
UnityEditor.AssetImporters.ScriptedImporter:GenerateAssetData (UnityEditor.AssetImporters.AssetImportContext)

[C:\build\output\unity\unity\Runtime\BaseClasses\ErrorsAndWarningsCapture.cpp line 67]

Inconsistency fixed: A Component cannot be part of a Prefab instance if its GameObject isn't part of a Prefab instance (GameObject: 'Missing Prefab (Dummy)' and Component of type Transform)
UnityEngine.Debug:ExtractStackTraceNoAlloc (byte*,int,string)
UnityEngine.StackTraceUtility:ExtractStackTrace ()
UnityEditor.SceneManagement.EditorSceneManager:OpenScene (string,UnityEditor.SceneManagement.OpenSceneMode)
UnityEditor.Search.AssetIndexer:IndexScene (string,bool)
UnityEditor.Search.AssetIndexer:IndexSceneDocument (string,bool)
UnityEditor.Search.AssetIndexer:IndexDocument (string,bool)
UnityEditor.Search.SearchIndexArtifactImporter:OnImportAsset (UnityEditor.AssetImporters.AssetImportContext)
UnityEditor.AssetImporters.ScriptedImporter:GenerateAssetData (UnityEditor.AssetImporters.AssetImportContext)

[C:\build\output\unity\unity\Runtime\BaseClasses\ErrorsAndWarningsCapture.cpp line 67]

Inconsistency fixed: A Component cannot be part of a Prefab instance if its GameObject isn't part of a Prefab instance (GameObject: 'Missing Prefab (Dummy)' and Component of type Transform)
UnityEngine.Debug:ExtractStackTraceNoAlloc (byte*,int,string)
UnityEngine.StackTraceUtility:ExtractStackTrace ()
UnityEditor.SceneManagement.EditorSceneManager:OpenScene (string,UnityEditor.SceneManagement.OpenSceneMode)
UnityEditor.Search.AssetIndexer:IndexScene (string,bool)
UnityEditor.Search.AssetIndexer:IndexSceneDocument (string,bool)
UnityEditor.Search.AssetIndexer:IndexDocument (string,bool)
UnityEditor.Search.SearchIndexArtifactImporter:OnImportAsset (UnityEditor.AssetImporters.AssetImportContext)
UnityEditor.AssetImporters.ScriptedImporter:GenerateAssetData (UnityEditor.AssetImporters.AssetImportContext)

[C:\build\output\unity\unity\Runtime\BaseClasses\ErrorsAndWarningsCapture.cpp line 67]

Inconsistency fixed: A Component cannot be part of a Prefab instance if its GameObject isn't part of a Prefab instance (GameObject: 'Missing Prefab (Dummy)' and Component of type Transform)
UnityEngine.Debug:ExtractStackTraceNoAlloc (byte*,int,string)
UnityEngine.StackTraceUtility:ExtractStackTrace ()
UnityEditor.SceneManagement.EditorSceneManager:OpenScene (string,UnityEditor.SceneManagement.OpenSceneMode)
UnityEditor.Search.AssetIndexer:IndexScene (string,bool)
UnityEditor.Search.AssetIndexer:IndexSceneDocument (string,bool)
UnityEditor.Search.AssetIndexer:IndexDocument (string,bool)
UnityEditor.Search.SearchIndexArtifactImporter:OnImportAsset (UnityEditor.AssetImporters.AssetImportContext)
UnityEditor.AssetImporters.ScriptedImporter:GenerateAssetData (UnityEditor.AssetImporters.AssetImportContext)

[C:\build\output\unity\unity\Runtime\BaseClasses\ErrorsAndWarningsCapture.cpp line 67]

Inconsistency fixed: A Component cannot be part of a Prefab instance if its GameObject isn't part of a Prefab instance (GameObject: 'Missing Prefab (Dummy)' and Component of type Transform)
UnityEngine.Debug:ExtractStackTraceNoAlloc (byte*,int,string)
UnityEngine.StackTraceUtility:ExtractStackTrace ()
UnityEditor.SceneManagement.EditorSceneManager:OpenScene (string,UnityEditor.SceneManagement.OpenSceneMode)
UnityEditor.Search.AssetIndexer:IndexScene (string,bool)
UnityEditor.Search.AssetIndexer:IndexSceneDocument (string,bool)
UnityEditor.Search.AssetIndexer:IndexDocument (string,bool)
UnityEditor.Search.SearchIndexArtifactImporter:OnImportAsset (UnityEditor.AssetImporters.AssetImportContext)
UnityEditor.AssetImporters.ScriptedImporter:GenerateAssetData (UnityEditor.AssetImporters.AssetImportContext)

[C:\build\output\unity\unity\Runtime\BaseClasses\ErrorsAndWarningsCapture.cpp line 67]

Inconsistency fixed: A Component cannot be part of a Prefab instance if its GameObject isn't part of a Prefab instance (GameObject: 'Missing Prefab (Dummy)' and Component of type Transform)
UnityEngine.Debug:ExtractStackTraceNoAlloc (byte*,int,string)
UnityEngine.StackTraceUtility:ExtractStackTrace ()
UnityEditor.SceneManagement.EditorSceneManager:OpenScene (string,UnityEditor.SceneManagement.OpenSceneMode)
UnityEditor.Search.AssetIndexer:IndexScene (string,bool)
UnityEditor.Search.AssetIndexer:IndexSceneDocument (string,bool)
UnityEditor.Search.AssetIndexer:IndexDocument (string,bool)
UnityEditor.Search.SearchIndexArtifactImporter:OnImportAsset (UnityEditor.AssetImporters.AssetImportContext)
UnityEditor.AssetImporters.ScriptedImporter:GenerateAssetData (UnityEditor.AssetImporters.AssetImportContext)

[C:\build\output\unity\unity\Runtime\BaseClasses\ErrorsAndWarningsCapture.cpp line 67]

Inconsistency fixed: A Component cannot be part of a Prefab instance if its GameObject isn't part of a Prefab instance (GameObject: 'Missing Prefab (Dummy)' and Component of type Transform)
UnityEngine.Debug:ExtractStackTraceNoAlloc (byte*,int,string)
UnityEngine.StackTraceUtility:ExtractStackTrace ()
UnityEditor.SceneManagement.EditorSceneManager:OpenScene (string,UnityEditor.SceneManagement.OpenSceneMode)
UnityEditor.Search.AssetIndexer:IndexScene (string,bool)
UnityEditor.Search.AssetIndexer:IndexSceneDocument (string,bool)
UnityEditor.Search.AssetIndexer:IndexDocument (string,bool)
UnityEditor.Search.SearchIndexArtifactImporter:OnImportAsset (UnityEditor.AssetImporters.AssetImportContext)
UnityEditor.AssetImporters.ScriptedImporter:GenerateAssetData (UnityEditor.AssetImporters.AssetImportContext)

[C:\build\output\unity\unity\Runtime\BaseClasses\ErrorsAndWarningsCapture.cpp line 67]

Inconsistency fixed: A Component cannot be part of a Prefab instance if its GameObject isn't part of a Prefab instance (GameObject: 'Missing Prefab (Dummy)' and Component of type Transform)
UnityEngine.Debug:ExtractStackTraceNoAlloc (byte*,int,string)
UnityEngine.StackTraceUtility:ExtractStackTrace ()
UnityEditor.SceneManagement.EditorSceneManager:OpenScene (string,UnityEditor.SceneManagement.OpenSceneMode)
UnityEditor.Search.AssetIndexer:IndexScene (string,bool)
UnityEditor.Search.AssetIndexer:IndexSceneDocument (string,bool)
UnityEditor.Search.AssetIndexer:IndexDocument (string,bool)
UnityEditor.Search.SearchIndexArtifactImporter:OnImportAsset (UnityEditor.AssetImporters.AssetImportContext)
UnityEditor.AssetImporters.ScriptedImporter:GenerateAssetData (UnityEditor.AssetImporters.AssetImportContext)

[C:\build\output\unity\unity\Runtime\BaseClasses\ErrorsAndWarningsCapture.cpp line 67]

Inconsistency fixed: A Component cannot be part of a Prefab instance if its GameObject isn't part of a Prefab instance (GameObject: 'Missing Prefab (Dummy)' and Component of type Transform)
UnityEngine.Debug:ExtractStackTraceNoAlloc (byte*,int,string)
UnityEngine.StackTraceUtility:ExtractStackTrace ()
UnityEditor.SceneManagement.EditorSceneManager:OpenScene (string,UnityEditor.SceneManagement.OpenSceneMode)
UnityEditor.Search.AssetIndexer:IndexScene (string,bool)
UnityEditor.Search.AssetIndexer:IndexSceneDocument (string,bool)
UnityEditor.Search.AssetIndexer:IndexDocument (string,bool)
UnityEditor.Search.SearchIndexArtifactImporter:OnImportAsset (UnityEditor.AssetImporters.AssetImportContext)
UnityEditor.AssetImporters.ScriptedImporter:GenerateAssetData (UnityEditor.AssetImporters.AssetImportContext)

[C:\build\output\unity\unity\Runtime\BaseClasses\ErrorsAndWarningsCapture.cpp line 67]

Inconsistency fixed: A Component cannot be part of a Prefab instance if its GameObject isn't part of a Prefab instance (GameObject: 'Missing Prefab (Dummy)' and Component of type Transform)
UnityEngine.Debug:ExtractStackTraceNoAlloc (byte*,int,string)
UnityEngine.StackTraceUtility:ExtractStackTrace ()
UnityEditor.SceneManagement.EditorSceneManager:OpenScene (string,UnityEditor.SceneManagement.OpenSceneMode)
UnityEditor.Search.AssetIndexer:IndexScene (string,bool)
UnityEditor.Search.AssetIndexer:IndexSceneDocument (string,bool)
UnityEditor.Search.AssetIndexer:IndexDocument (string,bool)
UnityEditor.Search.SearchIndexArtifactImporter:OnImportAsset (UnityEditor.AssetImporters.AssetImportContext)
UnityEditor.AssetImporters.ScriptedImporter:GenerateAssetData (UnityEditor.AssetImporters.AssetImportContext)

[C:\build\output\unity\unity\Runtime\BaseClasses\ErrorsAndWarningsCapture.cpp line 67]

Inconsistency fixed: A Component cannot be part of a Prefab instance if its GameObject isn't part of a Prefab instance (GameObject: 'Missing Prefab (Dummy)' and Component of type Transform)
UnityEngine.Debug:ExtractStackTraceNoAlloc (byte*,int,string)
UnityEngine.StackTraceUtility:ExtractStackTrace ()
UnityEditor.SceneManagement.EditorSceneManager:OpenScene (string,UnityEditor.SceneManagement.OpenSceneMode)
UnityEditor.Search.AssetIndexer:IndexScene (string,bool)
UnityEditor.Search.AssetIndexer:IndexSceneDocument (string,bool)
UnityEditor.Search.AssetIndexer:IndexDocument (string,bool)
UnityEditor.Search.SearchIndexArtifactImporter:OnImportAsset (UnityEditor.AssetImporters.AssetImportContext)
UnityEditor.AssetImporters.ScriptedImporter:GenerateAssetData (UnityEditor.AssetImporters.AssetImportContext)

[C:\build\output\unity\unity\Runtime\BaseClasses\ErrorsAndWarningsCapture.cpp line 67]

Inconsistency fixed: A Component cannot be part of a Prefab instance if its GameObject isn't part of a Prefab instance (GameObject: 'Missing Prefab (Dummy)' and Component of type Transform)
UnityEngine.Debug:ExtractStackTraceNoAlloc (byte*,int,string)
UnityEngine.StackTraceUtility:ExtractStackTrace ()
UnityEditor.SceneManagement.EditorSceneManager:OpenScene (string,UnityEditor.SceneManagement.OpenSceneMode)
UnityEditor.Search.AssetIndexer:IndexScene (string,bool)
UnityEditor.Search.AssetIndexer:IndexSceneDocument (string,bool)
UnityEditor.Search.AssetIndexer:IndexDocument (string,bool)
UnityEditor.Search.SearchIndexArtifactImporter:OnImportAsset (UnityEditor.AssetImporters.AssetImportContext)
UnityEditor.AssetImporters.ScriptedImporter:GenerateAssetData (UnityEditor.AssetImporters.AssetImportContext)

[C:\build\output\unity\unity\Runtime\BaseClasses\ErrorsAndWarningsCapture.cpp line 67]

Inconsistency fixed: A Component cannot be part of a Prefab instance if its GameObject isn't part of a Prefab instance (GameObject: 'Missing Prefab (Dummy)' and Component of type Transform)
UnityEngine.Debug:ExtractStackTraceNoAlloc (byte*,int,string)
UnityEngine.StackTraceUtility:ExtractStackTrace ()
UnityEditor.SceneManagement.EditorSceneManager:OpenScene (string,UnityEditor.SceneManagement.OpenSceneMode)
UnityEditor.Search.AssetIndexer:IndexScene (string,bool)
UnityEditor.Search.AssetIndexer:IndexSceneDocument (string,bool)
UnityEditor.Search.AssetIndexer:IndexDocument (string,bool)
UnityEditor.Search.SearchIndexArtifactImporter:OnImportAsset (UnityEditor.AssetImporters.AssetImportContext)
UnityEditor.AssetImporters.ScriptedImporter:GenerateAssetData (UnityEditor.AssetImporters.AssetImportContext)

[C:\build\output\unity\unity\Runtime\BaseClasses\ErrorsAndWarningsCapture.cpp line 67]

Inconsistency fixed: A Component cannot be part of a Prefab instance if its GameObject isn't part of a Prefab instance (GameObject: 'Missing Prefab (Dummy)' and Component of type Transform)
UnityEngine.Debug:ExtractStackTraceNoAlloc (byte*,int,string)
UnityEngine.StackTraceUtility:ExtractStackTrace ()
UnityEditor.SceneManagement.EditorSceneManager:OpenScene (string,UnityEditor.SceneManagement.OpenSceneMode)
UnityEditor.Search.AssetIndexer:IndexScene (string,bool)
UnityEditor.Search.AssetIndexer:IndexSceneDocument (string,bool)
UnityEditor.Search.AssetIndexer:IndexDocument (string,bool)
UnityEditor.Search.SearchIndexArtifactImporter:OnImportAsset (UnityEditor.AssetImporters.AssetImportContext)
UnityEditor.AssetImporters.ScriptedImporter:GenerateAssetData (UnityEditor.AssetImporters.AssetImportContext)

[C:\build\output\unity\unity\Runtime\BaseClasses\ErrorsAndWarningsCapture.cpp line 67]

Inconsistency fixed: A Component cannot be part of a Prefab instance if its GameObject isn't part of a Prefab instance (GameObject: 'Missing Prefab (Dummy)' and Component of type Transform)
UnityEngine.Debug:ExtractStackTraceNoAlloc (byte*,int,string)
UnityEngine.StackTraceUtility:ExtractStackTrace ()
UnityEditor.SceneManagement.EditorSceneManager:OpenScene (string,UnityEditor.SceneManagement.OpenSceneMode)
UnityEditor.Search.AssetIndexer:IndexScene (string,bool)
UnityEditor.Search.AssetIndexer:IndexSceneDocument (string,bool)
UnityEditor.Search.AssetIndexer:IndexDocument (string,bool)
UnityEditor.Search.SearchIndexArtifactImporter:OnImportAsset (UnityEditor.AssetImporters.AssetImportContext)
UnityEditor.AssetImporters.ScriptedImporter:GenerateAssetData (UnityEditor.AssetImporters.AssetImportContext)

[C:\build\output\unity\unity\Runtime\BaseClasses\ErrorsAndWarningsCapture.cpp line 67]

Inconsistency fixed: A Component cannot be part of a Prefab instance if its GameObject isn't part of a Prefab instance (GameObject: 'Missing Prefab (Dummy)' and Component of type Transform)
UnityEngine.Debug:ExtractStackTraceNoAlloc (byte*,int,string)
UnityEngine.StackTraceUtility:ExtractStackTrace ()
UnityEditor.SceneManagement.EditorSceneManager:OpenScene (string,UnityEditor.SceneManagement.OpenSceneMode)
UnityEditor.Search.AssetIndexer:IndexScene (string,bool)
UnityEditor.Search.AssetIndexer:IndexSceneDocument (string,bool)
UnityEditor.Search.AssetIndexer:IndexDocument (string,bool)
UnityEditor.Search.SearchIndexArtifactImporter:OnImportAsset (UnityEditor.AssetImporters.AssetImportContext)
UnityEditor.AssetImporters.ScriptedImporter:GenerateAssetData (UnityEditor.AssetImporters.AssetImportContext)

[C:\build\output\unity\unity\Runtime\BaseClasses\ErrorsAndWarningsCapture.cpp line 67]

Inconsistency fixed: A Component cannot be part of a Prefab instance if its GameObject isn't part of a Prefab instance (GameObject: 'Missing Prefab (Dummy)' and Component of type Transform)
UnityEngine.Debug:ExtractStackTraceNoAlloc (byte*,int,string)
UnityEngine.StackTraceUtility:ExtractStackTrace ()
UnityEditor.SceneManagement.EditorSceneManager:OpenScene (string,UnityEditor.SceneManagement.OpenSceneMode)
UnityEditor.Search.AssetIndexer:IndexScene (string,bool)
UnityEditor.Search.AssetIndexer:IndexSceneDocument (string,bool)
UnityEditor.Search.AssetIndexer:IndexDocument (string,bool)
UnityEditor.Search.SearchIndexArtifactImporter:OnImportAsset (UnityEditor.AssetImporters.AssetImportContext)
UnityEditor.AssetImporters.ScriptedImporter:GenerateAssetData (UnityEditor.AssetImporters.AssetImportContext)

[C:\build\output\unity\unity\Runtime\BaseClasses\ErrorsAndWarningsCapture.cpp line 67]

Inconsistency fixed: A Component cannot be part of a Prefab instance if its GameObject isn't part of a Prefab instance (GameObject: 'Missing Prefab (Dummy)' and Component of type Transform)
UnityEngine.Debug:ExtractStackTraceNoAlloc (byte*,int,string)
UnityEngine.StackTraceUtility:ExtractStackTrace ()
UnityEditor.SceneManagement.EditorSceneManager:OpenScene (string,UnityEditor.SceneManagement.OpenSceneMode)
UnityEditor.Search.AssetIndexer:IndexScene (string,bool)
UnityEditor.Search.AssetIndexer:IndexSceneDocument (string,bool)
UnityEditor.Search.AssetIndexer:IndexDocument (string,bool)
UnityEditor.Search.SearchIndexArtifactImporter:OnImportAsset (UnityEditor.AssetImporters.AssetImportContext)
UnityEditor.AssetImporters.ScriptedImporter:GenerateAssetData (UnityEditor.AssetImporters.AssetImportContext)

[C:\build\output\unity\unity\Runtime\BaseClasses\ErrorsAndWarningsCapture.cpp line 67]

Inconsistency fixed: A Component cannot be part of a Prefab instance if its GameObject isn't part of a Prefab instance (GameObject: 'Missing Prefab (Dummy)' and Component of type Transform)
UnityEngine.Debug:ExtractStackTraceNoAlloc (byte*,int,string)
UnityEngine.StackTraceUtility:ExtractStackTrace ()
UnityEditor.SceneManagement.EditorSceneManager:OpenScene (string,UnityEditor.SceneManagement.OpenSceneMode)
UnityEditor.Search.AssetIndexer:IndexScene (string,bool)
UnityEditor.Search.AssetIndexer:IndexSceneDocument (string,bool)
UnityEditor.Search.AssetIndexer:IndexDocument (string,bool)
UnityEditor.Search.SearchIndexArtifactImporter:OnImportAsset (UnityEditor.AssetImporters.AssetImportContext)
UnityEditor.AssetImporters.ScriptedImporter:GenerateAssetData (UnityEditor.AssetImporters.AssetImportContext)

[C:\build\output\unity\unity\Runtime\BaseClasses\ErrorsAndWarningsCapture.cpp line 67]

Inconsistency fixed: A Component cannot be part of a Prefab instance if its GameObject isn't part of a Prefab instance (GameObject: 'Missing Prefab (Dummy)' and Component of type Transform)
UnityEngine.Debug:ExtractStackTraceNoAlloc (byte*,int,string)
UnityEngine.StackTraceUtility:ExtractStackTrace ()
UnityEditor.SceneManagement.EditorSceneManager:OpenScene (string,UnityEditor.SceneManagement.OpenSceneMode)
UnityEditor.Search.AssetIndexer:IndexScene (string,bool)
UnityEditor.Search.AssetIndexer:IndexSceneDocument (string,bool)
UnityEditor.Search.AssetIndexer:IndexDocument (string,bool)
UnityEditor.Search.SearchIndexArtifactImporter:OnImportAsset (UnityEditor.AssetImporters.AssetImportContext)
UnityEditor.AssetImporters.ScriptedImporter:GenerateAssetData (UnityEditor.AssetImporters.AssetImportContext)

[C:\build\output\unity\unity\Runtime\BaseClasses\ErrorsAndWarningsCapture.cpp line 67]

Inconsistency fixed: A Component cannot be part of a Prefab instance if its GameObject isn't part of a Prefab instance (GameObject: 'Missing Prefab (Dummy)' and Component of type Transform)
UnityEngine.Debug:ExtractStackTraceNoAlloc (byte*,int,string)
UnityEngine.StackTraceUtility:ExtractStackTrace ()
UnityEditor.SceneManagement.EditorSceneManager:OpenScene (string,UnityEditor.SceneManagement.OpenSceneMode)
UnityEditor.Search.AssetIndexer:IndexScene (string,bool)
UnityEditor.Search.AssetIndexer:IndexSceneDocument (string,bool)
UnityEditor.Search.AssetIndexer:IndexDocument (string,bool)
UnityEditor.Search.SearchIndexArtifactImporter:OnImportAsset (UnityEditor.AssetImporters.AssetImportContext)
UnityEditor.AssetImporters.ScriptedImporter:GenerateAssetData (UnityEditor.AssetImporters.AssetImportContext)

[C:\build\output\unity\unity\Runtime\BaseClasses\ErrorsAndWarningsCapture.cpp line 67]

Inconsistency fixed: A Component cannot be part of a Prefab instance if its GameObject isn't part of a Prefab instance (GameObject: 'Missing Prefab (Dummy)' and Component of type Transform)
UnityEngine.Debug:ExtractStackTraceNoAlloc (byte*,int,string)
UnityEngine.StackTraceUtility:ExtractStackTrace ()
UnityEditor.SceneManagement.EditorSceneManager:OpenScene (string,UnityEditor.SceneManagement.OpenSceneMode)
UnityEditor.Search.AssetIndexer:IndexScene (string,bool)
UnityEditor.Search.AssetIndexer:IndexSceneDocument (string,bool)
UnityEditor.Search.AssetIndexer:IndexDocument (string,bool)
UnityEditor.Search.SearchIndexArtifactImporter:OnImportAsset (UnityEditor.AssetImporters.AssetImportContext)
UnityEditor.AssetImporters.ScriptedImporter:GenerateAssetData (UnityEditor.AssetImporters.AssetImportContext)

[C:\build\output\unity\unity\Runtime\BaseClasses\ErrorsAndWarningsCapture.cpp line 67]

Inconsistency fixed: A Component cannot be part of a Prefab instance if its GameObject isn't part of a Prefab instance (GameObject: 'Missing Prefab (Dummy)' and Component of type Transform)
UnityEngine.Debug:ExtractStackTraceNoAlloc (byte*,int,string)
UnityEngine.StackTraceUtility:ExtractStackTrace ()
UnityEditor.SceneManagement.EditorSceneManager:OpenScene (string,UnityEditor.SceneManagement.OpenSceneMode)
UnityEditor.Search.AssetIndexer:IndexScene (string,bool)
UnityEditor.Search.AssetIndexer:IndexSceneDocument (string,bool)
UnityEditor.Search.AssetIndexer:IndexDocument (string,bool)
UnityEditor.Search.SearchIndexArtifactImporter:OnImportAsset (UnityEditor.AssetImporters.AssetImportContext)
UnityEditor.AssetImporters.ScriptedImporter:GenerateAssetData (UnityEditor.AssetImporters.AssetImportContext)

[C:\build\output\unity\unity\Runtime\BaseClasses\ErrorsAndWarningsCapture.cpp line 67]

Inconsistency fixed: A Component cannot be part of a Prefab instance if its GameObject isn't part of a Prefab instance (GameObject: 'Missing Prefab (Dummy)' and Component of type Transform)
UnityEngine.Debug:ExtractStackTraceNoAlloc (byte*,int,string)
UnityEngine.StackTraceUtility:ExtractStackTrace ()
UnityEditor.SceneManagement.EditorSceneManager:OpenScene (string,UnityEditor.SceneManagement.OpenSceneMode)
UnityEditor.Search.AssetIndexer:IndexScene (string,bool)
UnityEditor.Search.AssetIndexer:IndexSceneDocument (string,bool)
UnityEditor.Search.AssetIndexer:IndexDocument (string,bool)
UnityEditor.Search.SearchIndexArtifactImporter:OnImportAsset (UnityEditor.AssetImporters.AssetImportContext)
UnityEditor.AssetImporters.ScriptedImporter:GenerateAssetData (UnityEditor.AssetImporters.AssetImportContext)

[C:\build\output\unity\unity\Runtime\BaseClasses\ErrorsAndWarningsCapture.cpp line 67]

Inconsistency fixed: A Component cannot be part of a Prefab instance if its GameObject isn't part of a Prefab instance (GameObject: 'Missing Prefab (Dummy)' and Component of type Transform)
UnityEngine.Debug:ExtractStackTraceNoAlloc (byte*,int,string)
UnityEngine.StackTraceUtility:ExtractStackTrace ()
UnityEditor.SceneManagement.EditorSceneManager:OpenScene (string,UnityEditor.SceneManagement.OpenSceneMode)
UnityEditor.Search.AssetIndexer:IndexScene (string,bool)
UnityEditor.Search.AssetIndexer:IndexSceneDocument (string,bool)
UnityEditor.Search.AssetIndexer:IndexDocument (string,bool)
UnityEditor.Search.SearchIndexArtifactImporter:OnImportAsset (UnityEditor.AssetImporters.AssetImportContext)
UnityEditor.AssetImporters.ScriptedImporter:GenerateAssetData (UnityEditor.AssetImporters.AssetImportContext)

[C:\build\output\unity\unity\Runtime\BaseClasses\ErrorsAndWarningsCapture.cpp line 67]

Inconsistency fixed: A Component cannot be part of a Prefab instance if its GameObject isn't part of a Prefab instance (GameObject: 'Missing Prefab (Dummy)' and Component of type Transform)
UnityEngine.Debug:ExtractStackTraceNoAlloc (byte*,int,string)
UnityEngine.StackTraceUtility:ExtractStackTrace ()
UnityEditor.SceneManagement.EditorSceneManager:OpenScene (string,UnityEditor.SceneManagement.OpenSceneMode)
UnityEditor.Search.AssetIndexer:IndexScene (string,bool)
UnityEditor.Search.AssetIndexer:IndexSceneDocument (string,bool)
UnityEditor.Search.AssetIndexer:IndexDocument (string,bool)
UnityEditor.Search.SearchIndexArtifactImporter:OnImportAsset (UnityEditor.AssetImporters.AssetImportContext)
UnityEditor.AssetImporters.ScriptedImporter:GenerateAssetData (UnityEditor.AssetImporters.AssetImportContext)

[C:\build\output\unity\unity\Runtime\BaseClasses\ErrorsAndWarningsCapture.cpp line 67]

Inconsistency fixed: A Component cannot be part of a Prefab instance if its GameObject isn't part of a Prefab instance (GameObject: 'Missing Prefab (Dummy)' and Component of type Transform)
UnityEngine.Debug:ExtractStackTraceNoAlloc (byte*,int,string)
UnityEngine.StackTraceUtility:ExtractStackTrace ()
UnityEditor.SceneManagement.EditorSceneManager:OpenScene (string,UnityEditor.SceneManagement.OpenSceneMode)
UnityEditor.Search.AssetIndexer:IndexScene (string,bool)
UnityEditor.Search.AssetIndexer:IndexSceneDocument (string,bool)
UnityEditor.Search.AssetIndexer:IndexDocument (string,bool)
UnityEditor.Search.SearchIndexArtifactImporter:OnImportAsset (UnityEditor.AssetImporters.AssetImportContext)
UnityEditor.AssetImporters.ScriptedImporter:GenerateAssetData (UnityEditor.AssetImporters.AssetImportContext)

[C:\build\output\unity\unity\Runtime\BaseClasses\ErrorsAndWarningsCapture.cpp line 67]

Inconsistency fixed: A Component cannot be part of a Prefab instance if its GameObject isn't part of a Prefab instance (GameObject: 'Missing Prefab (Dummy)' and Component of type Transform)
UnityEngine.Debug:ExtractStackTraceNoAlloc (byte*,int,string)
UnityEngine.StackTraceUtility:ExtractStackTrace ()
UnityEditor.SceneManagement.EditorSceneManager:OpenScene (string,UnityEditor.SceneManagement.OpenSceneMode)
UnityEditor.Search.AssetIndexer:IndexScene (string,bool)
UnityEditor.Search.AssetIndexer:IndexSceneDocument (string,bool)
UnityEditor.Search.AssetIndexer:IndexDocument (string,bool)
UnityEditor.Search.SearchIndexArtifactImporter:OnImportAsset (UnityEditor.AssetImporters.AssetImportContext)
UnityEditor.AssetImporters.ScriptedImporter:GenerateAssetData (UnityEditor.AssetImporters.AssetImportContext)

[C:\build\output\unity\unity\Runtime\BaseClasses\ErrorsAndWarningsCapture.cpp line 67]

Inconsistency fixed: A Component cannot be part of a Prefab instance if its GameObject isn't part of a Prefab instance (GameObject: 'Missing Prefab (Dummy)' and Component of type Transform)
UnityEngine.Debug:ExtractStackTraceNoAlloc (byte*,int,string)
UnityEngine.StackTraceUtility:ExtractStackTrace ()
UnityEditor.SceneManagement.EditorSceneManager:OpenScene (string,UnityEditor.SceneManagement.OpenSceneMode)
UnityEditor.Search.AssetIndexer:IndexScene (string,bool)
UnityEditor.Search.AssetIndexer:IndexSceneDocument (string,bool)
UnityEditor.Search.AssetIndexer:IndexDocument (string,bool)
UnityEditor.Search.SearchIndexArtifactImporter:OnImportAsset (UnityEditor.AssetImporters.AssetImportContext)
UnityEditor.AssetImporters.ScriptedImporter:GenerateAssetData (UnityEditor.AssetImporters.AssetImportContext)

[C:\build\output\unity\unity\Runtime\BaseClasses\ErrorsAndWarningsCapture.cpp line 67]

Inconsistency fixed: A Component cannot be part of a Prefab instance if its GameObject isn't part of a Prefab instance (GameObject: 'Missing Prefab (Dummy)' and Component of type Transform)
UnityEngine.Debug:ExtractStackTraceNoAlloc (byte*,int,string)
UnityEngine.StackTraceUtility:ExtractStackTrace ()
UnityEditor.SceneManagement.EditorSceneManager:OpenScene (string,UnityEditor.SceneManagement.OpenSceneMode)
UnityEditor.Search.AssetIndexer:IndexScene (string,bool)
UnityEditor.Search.AssetIndexer:IndexSceneDocument (string,bool)
UnityEditor.Search.AssetIndexer:IndexDocument (string,bool)
UnityEditor.Search.SearchIndexArtifactImporter:OnImportAsset (UnityEditor.AssetImporters.AssetImportContext)
UnityEditor.AssetImporters.ScriptedImporter:GenerateAssetData (UnityEditor.AssetImporters.AssetImportContext)

[C:\build\output\unity\unity\Runtime\BaseClasses\ErrorsAndWarningsCapture.cpp line 67]

Inconsistency fixed: A Component cannot be part of a Prefab instance if its GameObject isn't part of a Prefab instance (GameObject: 'Missing Prefab (Dummy)' and Component of type Transform)
UnityEngine.Debug:ExtractStackTraceNoAlloc (byte*,int,string)
UnityEngine.StackTraceUtility:ExtractStackTrace ()
UnityEditor.SceneManagement.EditorSceneManager:OpenScene (string,UnityEditor.SceneManagement.OpenSceneMode)
UnityEditor.Search.AssetIndexer:IndexScene (string,bool)
UnityEditor.Search.AssetIndexer:IndexSceneDocument (string,bool)
UnityEditor.Search.AssetIndexer:IndexDocument (string,bool)
UnityEditor.Search.SearchIndexArtifactImporter:OnImportAsset (UnityEditor.AssetImporters.AssetImportContext)
UnityEditor.AssetImporters.ScriptedImporter:GenerateAssetData (UnityEditor.AssetImporters.AssetImportContext)

[C:\build\output\unity\unity\Runtime\BaseClasses\ErrorsAndWarningsCapture.cpp line 67]

Inconsistency fixed: A Component cannot be part of a Prefab instance if its GameObject isn't part of a Prefab instance (GameObject: 'Missing Prefab (Dummy)' and Component of type Transform)
UnityEngine.Debug:ExtractStackTraceNoAlloc (byte*,int,string)
UnityEngine.StackTraceUtility:ExtractStackTrace ()
UnityEditor.SceneManagement.EditorSceneManager:OpenScene (string,UnityEditor.SceneManagement.OpenSceneMode)
UnityEditor.Search.AssetIndexer:IndexScene (string,bool)
UnityEditor.Search.AssetIndexer:IndexSceneDocument (string,bool)
UnityEditor.Search.AssetIndexer:IndexDocument (string,bool)
UnityEditor.Search.SearchIndexArtifactImporter:OnImportAsset (UnityEditor.AssetImporters.AssetImportContext)
UnityEditor.AssetImporters.ScriptedImporter:GenerateAssetData (UnityEditor.AssetImporters.AssetImportContext)

[C:\build\output\unity\unity\Runtime\BaseClasses\ErrorsAndWarningsCapture.cpp line 67]

Inconsistency fixed: A Component cannot be part of a Prefab instance if its GameObject isn't part of a Prefab instance (GameObject: 'Missing Prefab (Dummy)' and Component of type Transform)
UnityEngine.Debug:ExtractStackTraceNoAlloc (byte*,int,string)
UnityEngine.StackTraceUtility:ExtractStackTrace ()
UnityEditor.SceneManagement.EditorSceneManager:OpenScene (string,UnityEditor.SceneManagement.OpenSceneMode)
UnityEditor.Search.AssetIndexer:IndexScene (string,bool)
UnityEditor.Search.AssetIndexer:IndexSceneDocument (string,bool)
UnityEditor.Search.AssetIndexer:IndexDocument (string,bool)
UnityEditor.Search.SearchIndexArtifactImporter:OnImportAsset (UnityEditor.AssetImporters.AssetImportContext)
UnityEditor.AssetImporters.ScriptedImporter:GenerateAssetData (UnityEditor.AssetImporters.AssetImportContext)

[C:\build\output\unity\unity\Runtime\BaseClasses\ErrorsAndWarningsCapture.cpp line 67]

Inconsistency fixed: A Component cannot be part of a Prefab instance if its GameObject isn't part of a Prefab instance (GameObject: 'Missing Prefab (Dummy)' and Component of type Transform)
UnityEngine.Debug:ExtractStackTraceNoAlloc (byte*,int,string)
UnityEngine.StackTraceUtility:ExtractStackTrace ()
UnityEditor.SceneManagement.EditorSceneManager:OpenScene (string,UnityEditor.SceneManagement.OpenSceneMode)
UnityEditor.Search.AssetIndexer:IndexScene (string,bool)
UnityEditor.Search.AssetIndexer:IndexSceneDocument (string,bool)
UnityEditor.Search.AssetIndexer:IndexDocument (string,bool)
UnityEditor.Search.SearchIndexArtifactImporter:OnImportAsset (UnityEditor.AssetImporters.AssetImportContext)
UnityEditor.AssetImporters.ScriptedImporter:GenerateAssetData (UnityEditor.AssetImporters.AssetImportContext)

[C:\build\output\unity\unity\Runtime\BaseClasses\ErrorsAndWarningsCapture.cpp line 67]

Inconsistency fixed: A Component cannot be part of a Prefab instance if its GameObject isn't part of a Prefab instance (GameObject: 'Missing Prefab (Dummy)' and Component of type Transform)
UnityEngine.Debug:ExtractStackTraceNoAlloc (byte*,int,string)
UnityEngine.StackTraceUtility:ExtractStackTrace ()
UnityEditor.SceneManagement.EditorSceneManager:OpenScene (string,UnityEditor.SceneManagement.OpenSceneMode)
UnityEditor.Search.AssetIndexer:IndexScene (string,bool)
UnityEditor.Search.AssetIndexer:IndexSceneDocument (string,bool)
UnityEditor.Search.AssetIndexer:IndexDocument (string,bool)
UnityEditor.Search.SearchIndexArtifactImporter:OnImportAsset (UnityEditor.AssetImporters.AssetImportContext)
UnityEditor.AssetImporters.ScriptedImporter:GenerateAssetData (UnityEditor.AssetImporters.AssetImportContext)

[C:\build\output\unity\unity\Runtime\BaseClasses\ErrorsAndWarningsCapture.cpp line 67]

Inconsistency fixed: A Component cannot be part of a Prefab instance if its GameObject isn't part of a Prefab instance (GameObject: 'Missing Prefab (Dummy)' and Component of type Transform)
UnityEngine.Debug:ExtractStackTraceNoAlloc (byte*,int,string)
UnityEngine.StackTraceUtility:ExtractStackTrace ()
UnityEditor.SceneManagement.EditorSceneManager:OpenScene (string,UnityEditor.SceneManagement.OpenSceneMode)
UnityEditor.Search.AssetIndexer:IndexScene (string,bool)
UnityEditor.Search.AssetIndexer:IndexSceneDocument (string,bool)
UnityEditor.Search.AssetIndexer:IndexDocument (string,bool)
UnityEditor.Search.SearchIndexArtifactImporter:OnImportAsset (UnityEditor.AssetImporters.AssetImportContext)
UnityEditor.AssetImporters.ScriptedImporter:GenerateAssetData (UnityEditor.AssetImporters.AssetImportContext)

[C:\build\output\unity\unity\Runtime\BaseClasses\ErrorsAndWarningsCapture.cpp line 67]

Inconsistency fixed: A Component cannot be part of a Prefab instance if its GameObject isn't part of a Prefab instance (GameObject: 'Missing Prefab (Dummy)' and Component of type Transform)
UnityEngine.Debug:ExtractStackTraceNoAlloc (byte*,int,string)
UnityEngine.StackTraceUtility:ExtractStackTrace ()
UnityEditor.SceneManagement.EditorSceneManager:OpenScene (string,UnityEditor.SceneManagement.OpenSceneMode)
UnityEditor.Search.AssetIndexer:IndexScene (string,bool)
UnityEditor.Search.AssetIndexer:IndexSceneDocument (string,bool)
UnityEditor.Search.AssetIndexer:IndexDocument (string,bool)
UnityEditor.Search.SearchIndexArtifactImporter:OnImportAsset (UnityEditor.AssetImporters.AssetImportContext)
UnityEditor.AssetImporters.ScriptedImporter:GenerateAssetData (UnityEditor.AssetImporters.AssetImportContext)

[C:\build\output\unity\unity\Runtime\BaseClasses\ErrorsAndWarningsCapture.cpp line 67]

Inconsistency fixed: A Component cannot be part of a Prefab instance if its GameObject isn't part of a Prefab instance (GameObject: 'Missing Prefab (Dummy)' and Component of type Transform)
UnityEngine.Debug:ExtractStackTraceNoAlloc (byte*,int,string)
UnityEngine.StackTraceUtility:ExtractStackTrace ()
UnityEditor.SceneManagement.EditorSceneManager:OpenScene (string,UnityEditor.SceneManagement.OpenSceneMode)
UnityEditor.Search.AssetIndexer:IndexScene (string,bool)
UnityEditor.Search.AssetIndexer:IndexSceneDocument (string,bool)
UnityEditor.Search.AssetIndexer:IndexDocument (string,bool)
UnityEditor.Search.SearchIndexArtifactImporter:OnImportAsset (UnityEditor.AssetImporters.AssetImportContext)
UnityEditor.AssetImporters.ScriptedImporter:GenerateAssetData (UnityEditor.AssetImporters.AssetImportContext)

[C:\build\output\unity\unity\Runtime\BaseClasses\ErrorsAndWarningsCapture.cpp line 67]

Inconsistency fixed: A Component cannot be part of a Prefab instance if its GameObject isn't part of a Prefab instance (GameObject: 'Missing Prefab (Dummy)' and Component of type Transform)
UnityEngine.Debug:ExtractStackTraceNoAlloc (byte*,int,string)
UnityEngine.StackTraceUtility:ExtractStackTrace ()
UnityEditor.SceneManagement.EditorSceneManager:OpenScene (string,UnityEditor.SceneManagement.OpenSceneMode)
UnityEditor.Search.AssetIndexer:IndexScene (string,bool)
UnityEditor.Search.AssetIndexer:IndexSceneDocument (string,bool)
UnityEditor.Search.AssetIndexer:IndexDocument (string,bool)
UnityEditor.Search.SearchIndexArtifactImporter:OnImportAsset (UnityEditor.AssetImporters.AssetImportContext)
UnityEditor.AssetImporters.ScriptedImporter:GenerateAssetData (UnityEditor.AssetImporters.AssetImportContext)

[C:\build\output\unity\unity\Runtime\BaseClasses\ErrorsAndWarningsCapture.cpp line 67]

Inconsistency fixed: A Component cannot be part of a Prefab instance if its GameObject isn't part of a Prefab instance (GameObject: 'Missing Prefab (Dummy)' and Component of type Transform)
UnityEngine.Debug:ExtractStackTraceNoAlloc (byte*,int,string)
UnityEngine.StackTraceUtility:ExtractStackTrace ()
UnityEditor.SceneManagement.EditorSceneManager:OpenScene (string,UnityEditor.SceneManagement.OpenSceneMode)
UnityEditor.Search.AssetIndexer:IndexScene (string,bool)
UnityEditor.Search.AssetIndexer:IndexSceneDocument (string,bool)
UnityEditor.Search.AssetIndexer:IndexDocument (string,bool)
UnityEditor.Search.SearchIndexArtifactImporter:OnImportAsset (UnityEditor.AssetImporters.AssetImportContext)
UnityEditor.AssetImporters.ScriptedImporter:GenerateAssetData (UnityEditor.AssetImporters.AssetImportContext)

[C:\build\output\unity\unity\Runtime\BaseClasses\ErrorsAndWarningsCapture.cpp line 67]

Prefab instance problem: 'Foliage 2 (2) (Missing Prefab with guid: 037620092e8c1d64084abe6b1c60072a)'. 4 instances are missing the same Prefab Asset with guid 037620092e8c1d64084abe6b1c60072a.
UnityEngine.Debug:ExtractStackTraceNoAlloc (byte*,int,string)
UnityEngine.StackTraceUtility:ExtractStackTrace ()
UnityEditor.SceneManagement.EditorSceneManager:OpenScene (string,UnityEditor.SceneManagement.OpenSceneMode)
UnityEditor.Search.AssetIndexer:IndexScene (string,bool)
UnityEditor.Search.AssetIndexer:IndexSceneDocument (string,bool)
UnityEditor.Search.AssetIndexer:IndexDocument (string,bool)
UnityEditor.Search.SearchIndexArtifactImporter:OnImportAsset (UnityEditor.AssetImporters.AssetImportContext)
UnityEditor.AssetImporters.ScriptedImporter:GenerateAssetData (UnityEditor.AssetImporters.AssetImportContext)

[C:\build\output\unity\unity\Runtime\BaseClasses\ErrorsAndWarningsCapture.cpp line 67]

Prefab instance problem. Missing Prefab Asset: 'Small Rock 4 Moss (1) (Missing Prefab with guid: 05dedacd61fdc644fb4b25032406c2b5)'
UnityEngine.Debug:ExtractStackTraceNoAlloc (byte*,int,string)
UnityEngine.StackTraceUtility:ExtractStackTrace ()
UnityEditor.SceneManagement.EditorSceneManager:OpenScene (string,UnityEditor.SceneManagement.OpenSceneMode)
UnityEditor.Search.AssetIndexer:IndexScene (string,bool)
UnityEditor.Search.AssetIndexer:IndexSceneDocument (string,bool)
UnityEditor.Search.AssetIndexer:IndexDocument (string,bool)
UnityEditor.Search.SearchIndexArtifactImporter:OnImportAsset (UnityEditor.AssetImporters.AssetImportContext)
UnityEditor.AssetImporters.ScriptedImporter:GenerateAssetData (UnityEditor.AssetImporters.AssetImportContext)

[C:\build\output\unity\unity\Runtime\BaseClasses\ErrorsAndWarningsCapture.cpp line 67]

Prefab instance problem. Missing Prefab Asset: 'Small Rock 4 (1) (Missing Prefab with guid: 07f8dcb6fe2a5704790baf16a46d92b9)'
UnityEngine.Debug:ExtractStackTraceNoAlloc (byte*,int,string)
UnityEngine.StackTraceUtility:ExtractStackTrace ()
UnityEditor.SceneManagement.EditorSceneManager:OpenScene (string,UnityEditor.SceneManagement.OpenSceneMode)
UnityEditor.Search.AssetIndexer:IndexScene (string,bool)
UnityEditor.Search.AssetIndexer:IndexSceneDocument (string,bool)
UnityEditor.Search.AssetIndexer:IndexDocument (string,bool)
UnityEditor.Search.SearchIndexArtifactImporter:OnImportAsset (UnityEditor.AssetImporters.AssetImportContext)
UnityEditor.AssetImporters.ScriptedImporter:GenerateAssetData (UnityEditor.AssetImporters.AssetImportContext)

[C:\build\output\unity\unity\Runtime\BaseClasses\ErrorsAndWarningsCapture.cpp line 67]

Prefab instance problem: 'Foliage 3 (2) (Missing Prefab with guid: 132cb59a0fc806a419b4a31ffaae84cc)'. 6 instances are missing the same Prefab Asset with guid 132cb59a0fc806a419b4a31ffaae84cc.
UnityEngine.Debug:ExtractStackTraceNoAlloc (byte*,int,string)
UnityEngine.StackTraceUtility:ExtractStackTrace ()
UnityEditor.SceneManagement.EditorSceneManager:OpenScene (string,UnityEditor.SceneManagement.OpenSceneMode)
UnityEditor.Search.AssetIndexer:IndexScene (string,bool)
UnityEditor.Search.AssetIndexer:IndexSceneDocument (string,bool)
UnityEditor.Search.AssetIndexer:IndexDocument (string,bool)
UnityEditor.Search.SearchIndexArtifactImporter:OnImportAsset (UnityEditor.AssetImporters.AssetImportContext)
UnityEditor.AssetImporters.ScriptedImporter:GenerateAssetData (UnityEditor.AssetImporters.AssetImportContext)

[C:\build\output\unity\unity\Runtime\BaseClasses\ErrorsAndWarningsCapture.cpp line 67]

Prefab instance problem: 'Dead Tree 1 (16) (Missing Prefab with guid: 1d64046dd551a074590f976cf50b6ebc)'. 19 instances are missing the same Prefab Asset with guid 1d64046dd551a074590f976cf50b6ebc.
UnityEngine.Debug:ExtractStackTraceNoAlloc (byte*,int,string)
UnityEngine.StackTraceUtility:ExtractStackTrace ()
UnityEditor.SceneManagement.EditorSceneManager:OpenScene (string,UnityEditor.SceneManagement.OpenSceneMode)
UnityEditor.Search.AssetIndexer:IndexScene (string,bool)
UnityEditor.Search.AssetIndexer:IndexSceneDocument (string,bool)
UnityEditor.Search.AssetIndexer:IndexDocument (string,bool)
UnityEditor.Search.SearchIndexArtifactImporter:OnImportAsset (UnityEditor.AssetImporters.AssetImportContext)
UnityEditor.AssetImporters.ScriptedImporter:GenerateAssetData (UnityEditor.AssetImporters.AssetImportContext)

[C:\build\output\unity\unity\Runtime\BaseClasses\ErrorsAndWarningsCapture.cpp line 67]

Prefab instance problem. Missing Prefab Asset: 'Small Rock 1 (1) (Missing Prefab with guid: 46bc42c333e6bde448711ddef8b33283)'
UnityEngine.Debug:ExtractStackTraceNoAlloc (byte*,int,string)
UnityEngine.StackTraceUtility:ExtractStackTrace ()
UnityEditor.SceneManagement.EditorSceneManager:OpenScene (string,UnityEditor.SceneManagement.OpenSceneMode)
UnityEditor.Search.AssetIndexer:IndexScene (string,bool)
UnityEditor.Search.AssetIndexer:IndexSceneDocument (string,bool)
UnityEditor.Search.AssetIndexer:IndexDocument (string,bool)
UnityEditor.Search.SearchIndexArtifactImporter:OnImportAsset (UnityEditor.AssetImporters.AssetImportContext)
UnityEditor.AssetImporters.ScriptedImporter:GenerateAssetData (UnityEditor.AssetImporters.AssetImportContext)

[C:\build\output\unity\unity\Runtime\BaseClasses\ErrorsAndWarningsCapture.cpp line 67]

Prefab instance problem. Missing Prefab Asset: 'Small Rock 3 (1) (Missing Prefab with guid: 472065f27b2536548ac62963f0eebe93)'
UnityEngine.Debug:ExtractStackTraceNoAlloc (byte*,int,string)
UnityEngine.StackTraceUtility:ExtractStackTrace ()
UnityEditor.SceneManagement.EditorSceneManager:OpenScene (string,UnityEditor.SceneManagement.OpenSceneMode)
UnityEditor.Search.AssetIndexer:IndexScene (string,bool)
UnityEditor.Search.AssetIndexer:IndexSceneDocument (string,bool)
UnityEditor.Search.AssetIndexer:IndexDocument (string,bool)
UnityEditor.Search.SearchIndexArtifactImporter:OnImportAsset (UnityEditor.AssetImporters.AssetImportContext)
UnityEditor.AssetImporters.ScriptedImporter:GenerateAssetData (UnityEditor.AssetImporters.AssetImportContext)

[C:\build\output\unity\unity\Runtime\BaseClasses\ErrorsAndWarningsCapture.cpp line 67]

Prefab instance problem: 'Rock Group (2) (Missing Prefab with guid: 5d730d8f25bbc5e4caae2d744e5d06c6)'. 5 instances are missing the same Prefab Asset with guid 5d730d8f25bbc5e4caae2d744e5d06c6.
UnityEngine.Debug:ExtractStackTraceNoAlloc (byte*,int,string)
UnityEngine.StackTraceUtility:ExtractStackTrace ()
UnityEditor.SceneManagement.EditorSceneManager:OpenScene (string,UnityEditor.SceneManagement.OpenSceneMode)
UnityEditor.Search.AssetIndexer:IndexScene (string,bool)
UnityEditor.Search.AssetIndexer:IndexSceneDocument (string,bool)
UnityEditor.Search.AssetIndexer:IndexDocument (string,bool)
UnityEditor.Search.SearchIndexArtifactImporter:OnImportAsset (UnityEditor.AssetImporters.AssetImportContext)
UnityEditor.AssetImporters.ScriptedImporter:GenerateAssetData (UnityEditor.AssetImporters.AssetImportContext)

[C:\build\output\unity\unity\Runtime\BaseClasses\ErrorsAndWarningsCapture.cpp line 67]

Prefab instance problem. Missing Prefab Asset: 'Large Rock 2 (1) (Missing Prefab with guid: 677cd509bbab8b44d98505f7385f871d)'
UnityEngine.Debug:ExtractStackTraceNoAlloc (byte*,int,string)
UnityEngine.StackTraceUtility:ExtractStackTrace ()
UnityEditor.SceneManagement.EditorSceneManager:OpenScene (string,UnityEditor.SceneManagement.OpenSceneMode)
UnityEditor.Search.AssetIndexer:IndexScene (string,bool)
UnityEditor.Search.AssetIndexer:IndexSceneDocument (string,bool)
UnityEditor.Search.AssetIndexer:IndexDocument (string,bool)
UnityEditor.Search.SearchIndexArtifactImporter:OnImportAsset (UnityEditor.AssetImporters.AssetImportContext)
UnityEditor.AssetImporters.ScriptedImporter:GenerateAssetData (UnityEditor.AssetImporters.AssetImportContext)

[C:\build\output\unity\unity\Runtime\BaseClasses\ErrorsAndWarningsCapture.cpp line 67]

Prefab instance problem: 'Dead Tree 4 (3) (Missing Prefab with guid: 6c4752a6113e4394b9fa556372d2949a)'. 3 instances are missing the same Prefab Asset with guid 6c4752a6113e4394b9fa556372d2949a.
UnityEngine.Debug:ExtractStackTraceNoAlloc (byte*,int,string)
UnityEngine.StackTraceUtility:ExtractStackTrace ()
UnityEditor.SceneManagement.EditorSceneManager:OpenScene (string,UnityEditor.SceneManagement.OpenSceneMode)
UnityEditor.Search.AssetIndexer:IndexScene (string,bool)
UnityEditor.Search.AssetIndexer:IndexSceneDocument (string,bool)
UnityEditor.Search.AssetIndexer:IndexDocument (string,bool)
UnityEditor.Search.SearchIndexArtifactImporter:OnImportAsset (UnityEditor.AssetImporters.AssetImportContext)
UnityEditor.AssetImporters.ScriptedImporter:GenerateAssetData (UnityEditor.AssetImporters.AssetImportContext)

[C:\build\output\unity\unity\Runtime\BaseClasses\ErrorsAndWarningsCapture.cpp line 67]

Prefab instance problem. Missing Prefab Asset: 'Small Rock 2 (1) (Missing Prefab with guid: 6cc7ae4365298c4458be91f20d9f2d9d)'
UnityEngine.Debug:ExtractStackTraceNoAlloc (byte*,int,string)
UnityEngine.StackTraceUtility:ExtractStackTrace ()
UnityEditor.SceneManagement.EditorSceneManager:OpenScene (string,UnityEditor.SceneManagement.OpenSceneMode)
UnityEditor.Search.AssetIndexer:IndexScene (string,bool)
UnityEditor.Search.AssetIndexer:IndexSceneDocument (string,bool)
UnityEditor.Search.AssetIndexer:IndexDocument (string,bool)
UnityEditor.Search.SearchIndexArtifactImporter:OnImportAsset (UnityEditor.AssetImporters.AssetImportContext)
UnityEditor.AssetImporters.ScriptedImporter:GenerateAssetData (UnityEditor.AssetImporters.AssetImportContext)

[C:\build\output\unity\unity\Runtime\BaseClasses\ErrorsAndWarningsCapture.cpp line 67]

Prefab instance problem: 'Grass Patch Short (14) (Missing Prefab with guid: 6ef72564605c1464b8ad5b6934a82eba)'. 20 instances are missing the same Prefab Asset with guid 6ef72564605c1464b8ad5b6934a82eba.
UnityEngine.Debug:ExtractStackTraceNoAlloc (byte*,int,string)
UnityEngine.StackTraceUtility:ExtractStackTrace ()
UnityEditor.SceneManagement.EditorSceneManager:OpenScene (string,UnityEditor.SceneManagement.OpenSceneMode)
UnityEditor.Search.AssetIndexer:IndexScene (string,bool)
UnityEditor.Search.AssetIndexer:IndexSceneDocument (string,bool)
UnityEditor.Search.AssetIndexer:IndexDocument (string,bool)
UnityEditor.Search.SearchIndexArtifactImporter:OnImportAsset (UnityEditor.AssetImporters.AssetImportContext)
UnityEditor.AssetImporters.ScriptedImporter:GenerateAssetData (UnityEditor.AssetImporters.AssetImportContext)

[C:\build\output\unity\unity\Runtime\BaseClasses\ErrorsAndWarningsCapture.cpp line 67]

Prefab instance problem: 'Dead Tree 3 (3) (Missing Prefab with guid: 96d662e7fe0a56d4096829949bef0b9f)'. 7 instances are missing the same Prefab Asset with guid 96d662e7fe0a56d4096829949bef0b9f.
UnityEngine.Debug:ExtractStackTraceNoAlloc (byte*,int,string)
UnityEngine.StackTraceUtility:ExtractStackTrace ()
UnityEditor.SceneManagement.EditorSceneManager:OpenScene (string,UnityEditor.SceneManagement.OpenSceneMode)
UnityEditor.Search.AssetIndexer:IndexScene (string,bool)
UnityEditor.Search.AssetIndexer:IndexSceneDocument (string,bool)
UnityEditor.Search.AssetIndexer:IndexDocument (string,bool)
UnityEditor.Search.SearchIndexArtifactImporter:OnImportAsset (UnityEditor.AssetImporters.AssetImportContext)
UnityEditor.AssetImporters.ScriptedImporter:GenerateAssetData (UnityEditor.AssetImporters.AssetImportContext)

[C:\build\output\unity\unity\Runtime\BaseClasses\ErrorsAndWarningsCapture.cpp line 67]

Prefab instance problem. Missing Prefab Asset: 'Large Rock 1 (1) (Missing Prefab with guid: c305e22a4cf90ba458d389441da833f3)'
UnityEngine.Debug:ExtractStackTraceNoAlloc (byte*,int,string)
UnityEngine.StackTraceUtility:ExtractStackTrace ()
UnityEditor.SceneManagement.EditorSceneManager:OpenScene (string,UnityEditor.SceneManagement.OpenSceneMode)
UnityEditor.Search.AssetIndexer:IndexScene (string,bool)
UnityEditor.Search.AssetIndexer:IndexSceneDocument (string,bool)
UnityEditor.Search.AssetIndexer:IndexDocument (string,bool)
UnityEditor.Search.SearchIndexArtifactImporter:OnImportAsset (UnityEditor.AssetImporters.AssetImportContext)
UnityEditor.AssetImporters.ScriptedImporter:GenerateAssetData (UnityEditor.AssetImporters.AssetImportContext)

[C:\build\output\unity\unity\Runtime\BaseClasses\ErrorsAndWarningsCapture.cpp line 67]

Prefab instance problem: 'Foliage 1 (2) (Missing Prefab with guid: f2651311f551b0f418c87919c338d6e4)'. 4 instances are missing the same Prefab Asset with guid f2651311f551b0f418c87919c338d6e4.
UnityEngine.Debug:ExtractStackTraceNoAlloc (byte*,int,string)
UnityEngine.StackTraceUtility:ExtractStackTrace ()
UnityEditor.SceneManagement.EditorSceneManager:OpenScene (string,UnityEditor.SceneManagement.OpenSceneMode)
UnityEditor.Search.AssetIndexer:IndexScene (string,bool)
UnityEditor.Search.AssetIndexer:IndexSceneDocument (string,bool)
UnityEditor.Search.AssetIndexer:IndexDocument (string,bool)
UnityEditor.Search.SearchIndexArtifactImporter:OnImportAsset (UnityEditor.AssetImporters.AssetImportContext)
UnityEditor.AssetImporters.ScriptedImporter:GenerateAssetData (UnityEditor.AssetImporters.AssetImportContext)

[C:\build\output\unity\unity\Runtime\BaseClasses\ErrorsAndWarningsCapture.cpp line 67]

Loaded scene 'Assets/JP Environmental Asset Pack/Scenes/ForestExample.unity'
	Deserialize:            54.733 ms
	Integration:            249.682 ms
	Integration of assets:  0.030 ms
	Thread Wait Time:       0.017 ms
	Total Operation Time:   304.463 ms
 -> (artifact id: '02ad428166967fcec7618ddc8d10c6b1') in 0.764792 seconds
Number of updated asset objects reloaded before import = 0Number of asset objects unloaded after import = 151

========================================================================
Received Import Request.
  Time since last request: 0.000309 seconds.
  path: Assets/First_Person/FirstPersonControllerPro/Player/Prefab/Player.prefab
  artifactKey: Guid(691d201409042b143af4574240386e30) Importer(2089858483,e11c23a36db5f54750b8cd40eac0985b)
Start importing Assets/First_Person/FirstPersonControllerPro/Player/Prefab/Player.prefab using Guid(691d201409042b143af4574240386e30) Importer(2089858483,e11c23a36db5f54750b8cd40eac0985b) (ScriptedImporter) -> (artifact id: '48417abc49d3c482577bb622864bd381') in 0.1889677 seconds
Number of updated asset objects reloaded before import = 0Number of asset objects unloaded after import = 40

========================================================================
Received Import Request.
  Time since last request: 0.000108 seconds.
  path: Assets/JP Environmental Asset Pack/Prefabs/Grass Patch Small.prefab
  artifactKey: Guid(975ca1de1ebfe964491f7f9df16a60be) Importer(2089858483,e11c23a36db5f54750b8cd40eac0985b)
Start importing Assets/JP Environmental Asset Pack/Prefabs/Grass Patch Small.prefab using Guid(975ca1de1ebfe964491f7f9df16a60be) Importer(2089858483,e11c23a36db5f54750b8cd40eac0985b) (ScriptedImporter) -> (artifact id: 'f7d04637a7e5b9c207ccaa456e595eae') in 0.0148575 seconds
Number of updated asset objects reloaded before import = 0Number of asset objects unloaded after import = 10

========================================================================
Received Import Request.
  Time since last request: 0.000070 seconds.
  path: Assets/JP Environmental Asset Pack/Prefabs/Small Rock 2.prefab
  artifactKey: Guid(b10cc6f9768e47f48814e5902fe068eb) Importer(2089858483,e11c23a36db5f54750b8cd40eac0985b)
Start importing Assets/JP Environmental Asset Pack/Prefabs/Small Rock 2.prefab using Guid(b10cc6f9768e47f48814e5902fe068eb) Importer(2089858483,e11c23a36db5f54750b8cd40eac0985b) (ScriptedImporter) -> (artifact id: 'fad2b1616a3e497f5491b2fc521544f1') in 0.0146703 seconds
Number of updated asset objects reloaded before import = 0Number of asset objects unloaded after import = 9

========================================================================
Received Import Request.
  Time since last request: 0.000069 seconds.
  path: Assets/JP Environmental Asset Pack/Prefabs/Tree 3.prefab
  artifactKey: Guid(fb468437ddd8f1b4fa857e505c8400af) Importer(2089858483,e11c23a36db5f54750b8cd40eac0985b)
Start importing Assets/JP Environmental Asset Pack/Prefabs/Tree 3.prefab using Guid(fb468437ddd8f1b4fa857e505c8400af) Importer(2089858483,e11c23a36db5f54750b8cd40eac0985b) (ScriptedImporter) -> (artifact id: '9212307037c1f2500e028b284d705e2a') in 0.0243671 seconds
Number of updated asset objects reloaded before import = 0Number of asset objects unloaded after import = 11

========================================================================
Received Import Request.
  Time since last request: 0.000063 seconds.
  path: Assets/Slender/Example/Scene/Example.unity
  artifactKey: Guid(810bd709cb3740f1b178a3210c8bb8ed) Importer(2089858483,e11c23a36db5f54750b8cd40eac0985b)
Start importing Assets/Slender/Example/Scene/Example.unity using Guid(810bd709cb3740f1b178a3210c8bb8ed) Importer(2089858483,e11c23a36db5f54750b8cd40eac0985b) (ScriptedImporter)Opening scene 'Assets/Slender/Example/Scene/Example.unity additively'
LightingSettings: switching bake backend from 2 to 1.
Loaded scene 'Assets/Slender/Example/Scene/Example.unity'
	Deserialize:            65.818 ms
	Integration:            142.159 ms
	Integration of assets:  10.190 ms
	Thread Wait Time:       0.094 ms
	Total Operation Time:   218.262 ms
 -> (artifact id: '8b106bd8f2e3bb874cdac1a5ddb8a074') in 0.3561111 seconds
Number of updated asset objects reloaded before import = 0Number of asset objects unloaded after import = 242

========================================================================
Received Import Request.
  Time since last request: 0.000067 seconds.
  path: Assets/Slender/Slender/Prefab/Slender.prefab
  artifactKey: Guid(c0ec2cd63f93487d92d6623d393c83ba) Importer(2089858483,e11c23a36db5f54750b8cd40eac0985b)
Start importing Assets/Slender/Slender/Prefab/Slender.prefab using Guid(c0ec2cd63f93487d92d6623d393c83ba) Importer(2089858483,e11c23a36db5f54750b8cd40eac0985b) (ScriptedImporter) -> (artifact id: '737892416a8517de47ef721ae0d83e1b') in 0.1164668 seconds
Number of updated asset objects reloaded before import = 0Number of asset objects unloaded after import = 190

========================================================================
Received Import Request.
  Time since last request: 0.000045 seconds.
  path: Assets/Cielo/Epic_GloriousPink/Epic_GloriousPink.unity
  artifactKey: Guid(a6ac75420f93c4fa99b35113a21e4eff) Importer(2089858483,e11c23a36db5f54750b8cd40eac0985b)
Start importing Assets/Cielo/Epic_GloriousPink/Epic_GloriousPink.unity using Guid(a6ac75420f93c4fa99b35113a21e4eff) Importer(2089858483,e11c23a36db5f54750b8cd40eac0985b) (ScriptedImporter)Opening scene 'Assets/Cielo/Epic_GloriousPink/Epic_GloriousPink.unity additively'
Loaded scene 'Assets/Cielo/Epic_GloriousPink/Epic_GloriousPink.unity'
	Deserialize:            7.639 ms
	Integration:            22.766 ms
	Integration of assets:  0.009 ms
	Thread Wait Time:       0.020 ms
	Total Operation Time:   30.433 ms
 -> (artifact id: '1f6df0dd99c5106a4419f94dbfdb3f75') in 0.0649019 seconds
Number of updated asset objects reloaded before import = 0Number of asset objects unloaded after import = 33

========================================================================
Received Import Request.
  Time since last request: 0.000046 seconds.
  path: Assets/JP Environmental Asset Pack/Prefabs/Tree 4.prefab
  artifactKey: Guid(a73e9680647acdd40b863c4b6d3982b0) Importer(2089858483,e11c23a36db5f54750b8cd40eac0985b)
Start importing Assets/JP Environmental Asset Pack/Prefabs/Tree 4.prefab using Guid(a73e9680647acdd40b863c4b6d3982b0) Importer(2089858483,e11c23a36db5f54750b8cd40eac0985b) (ScriptedImporter) -> (artifact id: 'c3ca70e2648b70ea1567fad0bf09124f') in 0.0133469 seconds
Number of updated asset objects reloaded before import = 0Number of asset objects unloaded after import = 11

========================================================================
Received Import Request.
  Time since last request: 0.000064 seconds.
  path: Assets/JP Environmental Asset Pack/Prefabs/Foliage 1.prefab
  artifactKey: Guid(dfd4a7a5dfb2d0f418db69b31fed990f) Importer(2089858483,e11c23a36db5f54750b8cd40eac0985b)
Start importing Assets/JP Environmental Asset Pack/Prefabs/Foliage 1.prefab using Guid(dfd4a7a5dfb2d0f418db69b31fed990f) Importer(2089858483,e11c23a36db5f54750b8cd40eac0985b) (ScriptedImporter) -> (artifact id: '488802c729966466750b09a58e875019') in 0.0361525 seconds
Number of updated asset objects reloaded before import = 0Number of asset objects unloaded after import = 10

========================================================================
Received Import Request.
  Time since last request: 0.000055 seconds.
  path: Assets/Cielo/Overcast Low/AllSky_Overcast4_Low.unity
  artifactKey: Guid(5d6a31542c4b5409faf229e819f55341) Importer(2089858483,e11c23a36db5f54750b8cd40eac0985b)
Start importing Assets/Cielo/Overcast Low/AllSky_Overcast4_Low.unity using Guid(5d6a31542c4b5409faf229e819f55341) Importer(2089858483,e11c23a36db5f54750b8cd40eac0985b) (ScriptedImporter)Opening scene 'Assets/Cielo/Overcast Low/AllSky_Overcast4_Low.unity additively'
Loaded scene 'Assets/Cielo/Overcast Low/AllSky_Overcast4_Low.unity'
	Deserialize:            1.696 ms
	Integration:            22.922 ms
	Integration of assets:  0.005 ms
	Thread Wait Time:       0.017 ms
	Total Operation Time:   24.641 ms
 -> (artifact id: 'c65de47ea21285a45c7efe92147b5a59') in 0.0623134 seconds
Number of updated asset objects reloaded before import = 0Number of asset objects unloaded after import = 33

========================================================================
Received Import Request.
  Time since last request: 0.000075 seconds.
  path: Assets/JP Environmental Asset Pack/Prefabs/Small Rock 3.prefab
  artifactKey: Guid(e5a5fd945677a3f43bc08c44bf38e61f) Importer(2089858483,e11c23a36db5f54750b8cd40eac0985b)
Start importing Assets/JP Environmental Asset Pack/Prefabs/Small Rock 3.prefab using Guid(e5a5fd945677a3f43bc08c44bf38e61f) Importer(2089858483,e11c23a36db5f54750b8cd40eac0985b) (ScriptedImporter) -> (artifact id: 'f5376865cc5b5962b679493894ca1a3e') in 0.0129021 seconds
Number of updated asset objects reloaded before import = 0Number of asset objects unloaded after import = 9

========================================================================
Received Import Request.
  Time since last request: 0.000044 seconds.
  path: Assets/JP Environmental Asset Pack/Prefabs/Large Rock 1.prefab
  artifactKey: Guid(79d04eb1ecfb2d741a1da8434557a623) Importer(2089858483,e11c23a36db5f54750b8cd40eac0985b)
Start importing Assets/JP Environmental Asset Pack/Prefabs/Large Rock 1.prefab using Guid(79d04eb1ecfb2d741a1da8434557a623) Importer(2089858483,e11c23a36db5f54750b8cd40eac0985b) (ScriptedImporter) -> (artifact id: 'e78757b4b8dfacdcf630155a53ade3f0') in 0.0151438 seconds
Number of updated asset objects reloaded before import = 0Number of asset objects unloaded after import = 9

========================================================================
Received Import Request.
  Time since last request: 0.000054 seconds.
  path: Assets/First_Person/FirstPersonControllerPro/Scenes/Polugon_test.unity
  artifactKey: Guid(aedf074826556ff429451bcee36ca2b5) Importer(2089858483,e11c23a36db5f54750b8cd40eac0985b)
Start importing Assets/First_Person/FirstPersonControllerPro/Scenes/Polugon_test.unity using Guid(aedf074826556ff429451bcee36ca2b5) Importer(2089858483,e11c23a36db5f54750b8cd40eac0985b) (ScriptedImporter)Opening scene 'Assets/First_Person/FirstPersonControllerPro/Scenes/Polugon_test.unity additively'
Loaded scene 'Assets/First_Person/FirstPersonControllerPro/Scenes/Polugon_test.unity'
	Deserialize:            10.319 ms
	Integration:            141.540 ms
	Integration of assets:  0.018 ms
	Thread Wait Time:       0.027 ms
	Total Operation Time:   151.904 ms
 -> (artifact id: 'fca012cf0f827514b7227f345e6b4d9a') in 0.4263199 seconds
Number of updated asset objects reloaded before import = 0Number of asset objects unloaded after import = 78

========================================================================
Received Import Request.
  Time since last request: 20.413324 seconds.
  path: Assets/Suelo/Materials/Ground Materials/Grass Floor 3.mat
  artifactKey: Guid(d962ce535805c5a4cb27ee3888bb17af) Importer(2089858483,b0f066a214c2f5e87bad3c948f4d605d)
Start importing Assets/Suelo/Materials/Ground Materials/Grass Floor 3.mat using Guid(d962ce535805c5a4cb27ee3888bb17af) Importer(2089858483,b0f066a214c2f5e87bad3c948f4d605d) (ScriptedImporter) -> (artifact id: '6bedb954e70ce9b2c48c5f3c7434dad3') in 0.0679254 seconds
Number of updated asset objects reloaded before import = 0Number of asset objects unloaded after import = 6

========================================================================
Received Import Request.
  Time since last request: 0.000066 seconds.
  path: Assets/Slender/Slender/Materials/Shoes.mat
  artifactKey: Guid(482da43e4b4c49659f5071cb8673471d) Importer(2089858483,b0f066a214c2f5e87bad3c948f4d605d)
Start importing Assets/Slender/Slender/Materials/Shoes.mat using Guid(482da43e4b4c49659f5071cb8673471d) Importer(2089858483,b0f066a214c2f5e87bad3c948f4d605d) (ScriptedImporter) -> (artifact id: '3c0409acfa452e631733fe612b215529') in 0.0125234 seconds
Number of updated asset objects reloaded before import = 0Number of asset objects unloaded after import = 3

========================================================================
Received Import Request.
  Time since last request: 0.000040 seconds.
  path: Assets/Suelo/Materials/Tree 4/Tree 4 Mat.mat
  artifactKey: Guid(4c22b5debf7e9384987ca56dd4e8a52e) Importer(2089858483,b0f066a214c2f5e87bad3c948f4d605d)
Start importing Assets/Suelo/Materials/Tree 4/Tree 4 Mat.mat using Guid(4c22b5debf7e9384987ca56dd4e8a52e) Importer(2089858483,b0f066a214c2f5e87bad3c948f4d605d) (ScriptedImporter) -> (artifact id: 'ab4aa0b6796002e1bccdc65739585cca') in 0.0252034 seconds
Number of updated asset objects reloaded before import = 0Number of asset objects unloaded after import = 4

========================================================================
Received Import Request.
  Time since last request: 0.000052 seconds.
  path: Assets/First_Person/FirstPersonControllerPro/Materials/Metal.mat
  artifactKey: Guid(e786a01bd24350b418d85a26a31e260b) Importer(2089858483,b0f066a214c2f5e87bad3c948f4d605d)
Start importing Assets/First_Person/FirstPersonControllerPro/Materials/Metal.mat using Guid(e786a01bd24350b418d85a26a31e260b) Importer(2089858483,b0f066a214c2f5e87bad3c948f4d605d) (ScriptedImporter) -> (artifact id: '5e9a4268999432c62cb2a3e5fb2330d5') in 0.0091666 seconds
Number of updated asset objects reloaded before import = 0Number of asset objects unloaded after import = 1

========================================================================
Received Import Request.
  Time since last request: 0.000054 seconds.
  path: Assets/Suelo/Materials/Tree 3/Tree 3 Mat.mat
  artifactKey: Guid(675f2fe2aa6a4ff44be861eb7f5f836d) Importer(2089858483,b0f066a214c2f5e87bad3c948f4d605d)
Start importing Assets/Suelo/Materials/Tree 3/Tree 3 Mat.mat using Guid(675f2fe2aa6a4ff44be861eb7f5f836d) Importer(2089858483,b0f066a214c2f5e87bad3c948f4d605d) (ScriptedImporter) -> (artifact id: '878c4e9cc876c7f50b575fe323c58ab7') in 0.0223419 seconds
Number of updated asset objects reloaded before import = 0Number of asset objects unloaded after import = 4

========================================================================
Received Import Request.
  Time since last request: 0.000038 seconds.
  path: Assets/Suelo/Materials/Ground Materials/Grass Floor 2.mat
  artifactKey: Guid(d0c86399931d65c40ae1b437d71e557d) Importer(2089858483,b0f066a214c2f5e87bad3c948f4d605d)
Start importing Assets/Suelo/Materials/Ground Materials/Grass Floor 2.mat using Guid(d0c86399931d65c40ae1b437d71e557d) Importer(2089858483,b0f066a214c2f5e87bad3c948f4d605d) (ScriptedImporter) -> (artifact id: 'a1fcb0cd3b22f8a070578fc788831346') in 0.0482823 seconds
Number of updated asset objects reloaded before import = 0Number of asset objects unloaded after import = 6

========================================================================
Received Import Request.
  Time since last request: 0.000459 seconds.
  path: Assets/Slender/Slender/Materials/Suit.mat
  artifactKey: Guid(994192d0dfec4c93a89bb23ae19a756f) Importer(2089858483,b0f066a214c2f5e87bad3c948f4d605d)
Start importing Assets/Slender/Slender/Materials/Suit.mat using Guid(994192d0dfec4c93a89bb23ae19a756f) Importer(2089858483,b0f066a214c2f5e87bad3c948f4d605d) (ScriptedImporter) -> (artifact id: '7aba5380e7167820ac101190ec215e86') in 0.0237361 seconds
Number of updated asset objects reloaded before import = 0Number of asset objects unloaded after import = 5

========================================================================
Received Import Request.
  Time since last request: 0.000035 seconds.
  path: Assets/Suelo/Materials/Small Rock 1/Small Rock 1.mat
  artifactKey: Guid(24a6fdb2038ae104b86c29cbf9e524b4) Importer(2089858483,b0f066a214c2f5e87bad3c948f4d605d)
Start importing Assets/Suelo/Materials/Small Rock 1/Small Rock 1.mat using Guid(24a6fdb2038ae104b86c29cbf9e524b4) Importer(2089858483,b0f066a214c2f5e87bad3c948f4d605d) (ScriptedImporter) -> (artifact id: '42269f042378bfcc3fb87a3a5b1bdf8b') in 0.0232958 seconds
Number of updated asset objects reloaded before import = 0Number of asset objects unloaded after import = 4

========================================================================
Received Import Request.
  Time since last request: 0.000034 seconds.
  path: Assets/Suelo/Materials/Small Rock 3/Small Rock 3.mat
  artifactKey: Guid(376ea5618bbbf2c4d93a2b50a770d9ba) Importer(2089858483,b0f066a214c2f5e87bad3c948f4d605d)
Start importing Assets/Suelo/Materials/Small Rock 3/Small Rock 3.mat using Guid(376ea5618bbbf2c4d93a2b50a770d9ba) Importer(2089858483,b0f066a214c2f5e87bad3c948f4d605d) (ScriptedImporter) -> (artifact id: 'a8f1ea71a15a08b502ab555329f978c9') in 0.0205696 seconds
Number of updated asset objects reloaded before import = 0Number of asset objects unloaded after import = 4

========================================================================
Received Import Request.
  Time since last request: 0.000035 seconds.
  path: Assets/Suelo/Materials/Small Rock 4 Moss/Small Rock 4 Moss.mat
  artifactKey: Guid(442fa6ed07e500444a0961b0930713a8) Importer(2089858483,b0f066a214c2f5e87bad3c948f4d605d)
Start importing Assets/Suelo/Materials/Small Rock 4 Moss/Small Rock 4 Moss.mat using Guid(442fa6ed07e500444a0961b0930713a8) Importer(2089858483,b0f066a214c2f5e87bad3c948f4d605d) (ScriptedImporter) -> (artifact id: 'b2d997080761e9cb2da5636a67cb1733') in 0.044571 seconds
Number of updated asset objects reloaded before import = 0Number of asset objects unloaded after import = 4

========================================================================
Received Import Request.
  Time since last request: 0.000059 seconds.
  path: Assets/First_Person/FirstPersonControllerPro/Materials/RGB.mat
  artifactKey: Guid(05f56ecfd0023954e973ba2ccbcf3f8d) Importer(2089858483,b0f066a214c2f5e87bad3c948f4d605d)
Start importing Assets/First_Person/FirstPersonControllerPro/Materials/RGB.mat using Guid(05f56ecfd0023954e973ba2ccbcf3f8d) Importer(2089858483,b0f066a214c2f5e87bad3c948f4d605d) (ScriptedImporter) -> (artifact id: 'a0a6142dc508d27fe57ca1c3073f83cb') in 0.012342 seconds
Number of updated asset objects reloaded before import = 0Number of asset objects unloaded after import = 1

========================================================================
Received Import Request.
  Time since last request: 0.000043 seconds.
  path: Assets/Suelo/Materials/Rock Group/Rock Group.mat
  artifactKey: Guid(0a0aedc9748ab21489476711d4495974) Importer(2089858483,b0f066a214c2f5e87bad3c948f4d605d)
Start importing Assets/Suelo/Materials/Rock Group/Rock Group.mat using Guid(0a0aedc9748ab21489476711d4495974) Importer(2089858483,b0f066a214c2f5e87bad3c948f4d605d) (ScriptedImporter) -> (artifact id: '1e6985a25ad8298a5488d453ab3272fa') in 0.0478582 seconds
Number of updated asset objects reloaded before import = 0Number of asset objects unloaded after import = 4

========================================================================
Received Import Request.
  Time since last request: 0.000042 seconds.
  path: Assets/First_Person/FirstPersonControllerPro/Materials/First Person Controller.mat
  artifactKey: Guid(9b778d7815a0e9d4698d9c3a2aff0e96) Importer(2089858483,b0f066a214c2f5e87bad3c948f4d605d)
Start importing Assets/First_Person/FirstPersonControllerPro/Materials/First Person Controller.mat using Guid(9b778d7815a0e9d4698d9c3a2aff0e96) Importer(2089858483,b0f066a214c2f5e87bad3c948f4d605d) (ScriptedImporter) -> (artifact id: 'd73a67b3f578a7be76233d991d4ea03d') in 0.0291144 seconds
Number of updated asset objects reloaded before import = 0Number of asset objects unloaded after import = 1

========================================================================
Received Import Request.
  Time since last request: 0.000061 seconds.
  path: Assets/Suelo/Materials/Small Rock 2/Small Rock 2.mat
  artifactKey: Guid(dabe54f6d7a618b46b47a20a94dac76c) Importer(2089858483,b0f066a214c2f5e87bad3c948f4d605d)
Start importing Assets/Suelo/Materials/Small Rock 2/Small Rock 2.mat using Guid(dabe54f6d7a618b46b47a20a94dac76c) Importer(2089858483,b0f066a214c2f5e87bad3c948f4d605d) (ScriptedImporter) -> (artifact id: 'e32104301ec820076e8b528904f01cd7') in 0.0300495 seconds
Number of updated asset objects reloaded before import = 0Number of asset objects unloaded after import = 4

========================================================================
Received Import Request.
  Time since last request: 0.000073 seconds.
  path: Assets/First_Person/FirstPersonControllerPro/Materials/Object.mat
  artifactKey: Guid(e6314a95fccb8804db5ed0254889cade) Importer(2089858483,b0f066a214c2f5e87bad3c948f4d605d)
Start importing Assets/First_Person/FirstPersonControllerPro/Materials/Object.mat using Guid(e6314a95fccb8804db5ed0254889cade) Importer(2089858483,b0f066a214c2f5e87bad3c948f4d605d) (ScriptedImporter) -> (artifact id: '3ba467664feaa2ef83440659846f8d48') in 0.0136985 seconds
Number of updated asset objects reloaded before import = 0Number of asset objects unloaded after import = 2

========================================================================
Received Import Request.
  Time since last request: 0.000300 seconds.
  path: Assets/Slender/Example/Environment/Materials/Ground.mat
  artifactKey: Guid(e0640fdc7f3b4c328ce4d4a8c12182e1) Importer(2089858483,b0f066a214c2f5e87bad3c948f4d605d)
Start importing Assets/Slender/Example/Environment/Materials/Ground.mat using Guid(e0640fdc7f3b4c328ce4d4a8c12182e1) Importer(2089858483,b0f066a214c2f5e87bad3c948f4d605d) (ScriptedImporter) -> (artifact id: '629020988b729b17de30cbf4d1c08875') in 0.1119478 seconds
Number of updated asset objects reloaded before import = 0Number of asset objects unloaded after import = 2

========================================================================
Received Import Request.
  Time since last request: 13.703677 seconds.
  path: Assets/Suelo/Materials/Small Rock 2/Small Rock 2.mat
  artifactKey: Guid(dabe54f6d7a618b46b47a20a94dac76c) Importer(815301076,1909f56bfc062723c751e8b465ee728b)
Start importing Assets/Suelo/Materials/Small Rock 2/Small Rock 2.mat using Guid(dabe54f6d7a618b46b47a20a94dac76c) Importer(815301076,1909f56bfc062723c751e8b465ee728b) (PreviewImporter) -> (artifact id: '654056a3cbffa5d45ba7118f59f97161') in 7.0969898 seconds
Number of updated asset objects reloaded before import = 0Number of asset objects unloaded after import = 4

========================================================================
Received Import Request.
  Time since last request: 52.072058 seconds.
  path: Assets/Suelo/Materials/Terrain Materials/Grass 2.terrainlayer
  artifactKey: Guid(5468b1d74800fce42841a39f5c42dbe1) Importer(815301076,1909f56bfc062723c751e8b465ee728b)
Start importing Assets/Suelo/Materials/Terrain Materials/Grass 2.terrainlayer using Guid(5468b1d74800fce42841a39f5c42dbe1) Importer(815301076,1909f56bfc062723c751e8b465ee728b) (PreviewImporter) -> (artifact id: '70e09b1749ee07b866f6931350d3318e') in 0.0602929 seconds
Number of updated asset objects reloaded before import = 0Number of asset objects unloaded after import = 4

========================================================================
Received Import Request.
  Time since last request: 0.000065 seconds.
  path: Assets/Suelo/Materials/Terrain Materials/Rock Floor 1.terrainlayer
  artifactKey: Guid(e3baa8a7616a7fe4883e2ffd1b175218) Importer(815301076,1909f56bfc062723c751e8b465ee728b)
Start importing Assets/Suelo/Materials/Terrain Materials/Rock Floor 1.terrainlayer using Guid(e3baa8a7616a7fe4883e2ffd1b175218) Importer(815301076,1909f56bfc062723c751e8b465ee728b) (PreviewImporter) -> (artifact id: '4aa8727f79c79c1b6c2a6a9b4e116d7a') in 0.0621791 seconds
Number of updated asset objects reloaded before import = 0Number of asset objects unloaded after import = 4

========================================================================
Received Import Request.
  Time since last request: 0.000070 seconds.
  path: Assets/Suelo/Materials/Terrain Materials/Rock Floor 2.terrainlayer
  artifactKey: Guid(34abe2e61374fb749a5e1d25d14b5cc4) Importer(815301076,1909f56bfc062723c751e8b465ee728b)
Start importing Assets/Suelo/Materials/Terrain Materials/Rock Floor 2.terrainlayer using Guid(34abe2e61374fb749a5e1d25d14b5cc4) Importer(815301076,1909f56bfc062723c751e8b465ee728b) (PreviewImporter) -> (artifact id: 'b4e028c7711f82a30062cbecd34e72ba') in 0.0418095 seconds
Number of updated asset objects reloaded before import = 0Number of asset objects unloaded after import = 4

========================================================================
Received Prepare
Begin MonoManager ReloadAssembly
[Licensing::Client] Successfully resolved entitlement details
- Loaded All Assemblies, in  5.214 seconds
Refreshing native plugins compatible for Editor in 1.47 ms, found 3 plugins.
Native extension for WindowsStandalone target not found
Native extension for WebGL target not found
[Package Manager] Failed to launch server process. Reason: Unity was launched with the -noUpm command-line argument
[Package Manager] Unable to send message (not connected to server process).
[Package Manager] Cannot connect to Unity Package Manager local server
ScheduleIndexationOnStartup MainProcess:False IndexOnStartup:True
Mono: successfully reloaded assembly
- Finished resetting the current domain, in  1.498 seconds
Domain Reload Profiling: 6729ms
	BeginReloadAssembly (2466ms)
		ExecutionOrderSort (0ms)
		DisableScriptedObjects (408ms)
		BackupInstance (0ms)
		ReleaseScriptingObjects (5ms)
		CreateAndSetChildDomain (1287ms)
	RebuildCommonClasses (70ms)
	RebuildNativeTypeToScriptingClass (21ms)
	initialDomainReloadingComplete (81ms)
	LoadAllAssembliesAndSetupDomain (2593ms)
		LoadAssemblies (2263ms)
		RebuildTransferFunctionScriptingTraits (0ms)
		AnalyzeDomain (669ms)
			TypeCache.Refresh (78ms)
				TypeCache.ScanAssembly (0ms)
			BuildScriptInfoCaches (550ms)
			ResolveRequiredComponents (20ms)
	FinalizeReload (1499ms)
		ReleaseScriptCaches (0ms)
		RebuildScriptCaches (0ms)
		SetupLoadedEditorAssemblies (1158ms)
			LogAssemblyErrors (0ms)
			InitializePlatformSupportModulesInManaged (4ms)
			SetLoadedEditorAssemblies (10ms)
			BeforeProcessingInitializeOnLoad (295ms)
			ProcessInitializeOnLoadAttributes (675ms)
			ProcessInitializeOnLoadMethodAttributes (160ms)
			AfterProcessingInitializeOnLoad (12ms)
			EditorAssembliesLoaded (2ms)
		ExecutionOrderSort2 (0ms)
		AwakeInstancesAfterBackupRestoration (38ms)
Refreshing native plugins compatible for Editor in 1.01 ms, found 3 plugins.
Preloading 0 native plugins for Editor in 0.00 ms.
Unloading 84 Unused Serialized files (Serialized files now loaded: 0)
Unloading 6308 unused Assets / (10.7 MB). Loaded Objects now: 7192.
Memory consumption went from 174.6 MB to 163.9 MB.
Total: 20.755000 ms (FindLiveObjects: 1.208000 ms CreateObjectMapping: 0.776500 ms MarkObjects: 11.310200 ms  DeleteObjects: 7.455900 ms)

Prepare: number of updated asset objects reloaded= 0
========================================================================
Received Import Request.
  Time since last request: 389.055411 seconds.
  path: Assets/Suelo/Materials/Tree 3/NewLayer 1.terrainlayer
  artifactKey: Guid(a69a4bf404c4ed34ab06010659d0c340) Importer(815301076,1909f56bfc062723c751e8b465ee728b)
Start importing Assets/Suelo/Materials/Tree 3/NewLayer 1.terrainlayer using Guid(a69a4bf404c4ed34ab06010659d0c340) Importer(815301076,1909f56bfc062723c751e8b465ee728b) (PreviewImporter) -> (artifact id: 'd7aa3f6e1e66a6b4ab9dab3217883de4') in 3.6308028 seconds
Number of updated asset objects reloaded before import = 1Number of asset objects unloaded after import = 2

========================================================================
Received Import Request.
  Time since last request: 152.627703 seconds.
  path: Assets/ALP_Assets/GrassFlowersFREE/Textures/GrassFlowers/grass02.tga
  artifactKey: Guid(cf3069941001b5c46b1f13d4551d0fd9) Importer(815301076,1909f56bfc062723c751e8b465ee728b)
Start importing Assets/ALP_Assets/GrassFlowersFREE/Textures/GrassFlowers/grass02.tga using Guid(cf3069941001b5c46b1f13d4551d0fd9) Importer(815301076,1909f56bfc062723c751e8b465ee728b) (PreviewImporter) -> (artifact id: 'c1fb9645cfe164f7a323fb47f05cdc6c') in 0.1351058 seconds
Number of updated asset objects reloaded before import = 0Number of asset objects unloaded after import = 2

========================================================================
Received Import Request.
  Time since last request: 0.000032 seconds.
  path: Assets/ALP_Assets/GrassFlowersFREE/Textures/GrassFlowers/grassFlower01.tga
  artifactKey: Guid(5733619f617fd954cac22d3d11fd1b93) Importer(815301076,1909f56bfc062723c751e8b465ee728b)
Start importing Assets/ALP_Assets/GrassFlowersFREE/Textures/GrassFlowers/grassFlower01.tga using Guid(5733619f617fd954cac22d3d11fd1b93) Importer(815301076,1909f56bfc062723c751e8b465ee728b) (PreviewImporter) -> (artifact id: '3f24281309a91987cc1ffe694a5f66ef') in 0.0137823 seconds
Number of updated asset objects reloaded before import = 0Number of asset objects unloaded after import = 2

========================================================================
Received Import Request.
  Time since last request: 0.026432 seconds.
  path: Assets/ALP_Assets/GrassFlowersFREE/Textures/GrassFlowers/grassFlower05.tga
  artifactKey: Guid(e3b33de953074bc4a88d9487f19c1202) Importer(815301076,1909f56bfc062723c751e8b465ee728b)
Start importing Assets/ALP_Assets/GrassFlowersFREE/Textures/GrassFlowers/grassFlower05.tga using Guid(e3b33de953074bc4a88d9487f19c1202) Importer(815301076,1909f56bfc062723c751e8b465ee728b) (PreviewImporter) -> (artifact id: 'a354aff724ad5165fe80f13cbdd6112d') in 0.0161578 seconds
Number of updated asset objects reloaded before import = 0Number of asset objects unloaded after import = 2

========================================================================
Received Import Request.
  Time since last request: 0.000027 seconds.
  path: Assets/ALP_Assets/GrassFlowersFREE/Textures/GrassFlowers/grassFlower07.tga
  artifactKey: Guid(5afd653e4d79b7a4c9523dd543c0bead) Importer(815301076,1909f56bfc062723c751e8b465ee728b)
Start importing Assets/ALP_Assets/GrassFlowersFREE/Textures/GrassFlowers/grassFlower07.tga using Guid(5afd653e4d79b7a4c9523dd543c0bead) Importer(815301076,1909f56bfc062723c751e8b465ee728b) (PreviewImporter) -> (artifact id: 'b520258d71ac9b5377b7eb73e8d31f7e') in 0.0149458 seconds
Number of updated asset objects reloaded before import = 0Number of asset objects unloaded after import = 2

========================================================================
Received Import Request.
  Time since last request: 0.000032 seconds.
  path: Assets/ALP_Assets/GrassFlowersFREE/Textures/GrassFlowers/grassFlower09.tga
  artifactKey: Guid(d238efbd27bc5ae4ead9839995f74830) Importer(815301076,1909f56bfc062723c751e8b465ee728b)
Start importing Assets/ALP_Assets/GrassFlowersFREE/Textures/GrassFlowers/grassFlower09.tga using Guid(d238efbd27bc5ae4ead9839995f74830) Importer(815301076,1909f56bfc062723c751e8b465ee728b) (PreviewImporter) -> (artifact id: '4113c0ba333077134915094e014b4013') in 0.0134446 seconds
Number of updated asset objects reloaded before import = 0Number of asset objects unloaded after import = 2

========================================================================
Received Import Request.
  Time since last request: 20.231566 seconds.
  path: Assets/First_Person/FirstPersonControllerPro/Prefab_polygon/lesl (1) 1.prefab
  artifactKey: Guid(196f1328da43a3f4d979b6d95159f2f9) Importer(815301076,1909f56bfc062723c751e8b465ee728b)
Start importing Assets/First_Person/FirstPersonControllerPro/Prefab_polygon/lesl (1) 1.prefab using Guid(196f1328da43a3f4d979b6d95159f2f9) Importer(815301076,1909f56bfc062723c751e8b465ee728b) (PreviewImporter) -> (artifact id: 'fdd2cefefbd0af0d1998941099bcd716') in 1.0786785 seconds
Number of updated asset objects reloaded before import = 0Number of asset objects unloaded after import = 26

========================================================================
Received Import Request.
  Time since last request: 0.000134 seconds.
  path: Assets/First_Person/FirstPersonControllerPro/Player/Prefab/Player.prefab
  artifactKey: Guid(691d201409042b143af4574240386e30) Importer(815301076,1909f56bfc062723c751e8b465ee728b)
Start importing Assets/First_Person/FirstPersonControllerPro/Player/Prefab/Player.prefab using Guid(691d201409042b143af4574240386e30) Importer(815301076,1909f56bfc062723c751e8b465ee728b) (PreviewImporter) -> (artifact id: 'fad54973f498f3b370b2a796e64fadd2') in 0.0789897 seconds
Number of updated asset objects reloaded before import = 0Number of asset objects unloaded after import = 45

========================================================================
Received Import Request.
  Time since last request: 0.000057 seconds.
  path: Assets/First_Person/FirstPersonControllerPro/Prefab_polygon/treyl (2).prefab
  artifactKey: Guid(d8f0ff091699b19409598cca89f9dda1) Importer(815301076,1909f56bfc062723c751e8b465ee728b)
Start importing Assets/First_Person/FirstPersonControllerPro/Prefab_polygon/treyl (2).prefab using Guid(d8f0ff091699b19409598cca89f9dda1) Importer(815301076,1909f56bfc062723c751e8b465ee728b) (PreviewImporter) -> (artifact id: '7c525f92083ffe781682ca4e196fd619') in 0.0261793 seconds
Number of updated asset objects reloaded before import = 0Number of asset objects unloaded after import = 10

========================================================================
Received Import Request.
  Time since last request: 0.000048 seconds.
  path: Assets/First_Person/FirstPersonControllerPro/Prefab_polygon/Plane.prefab
  artifactKey: Guid(8efd742feed218d46a6e0bb9fa1dffd4) Importer(815301076,1909f56bfc062723c751e8b465ee728b)
Start importing Assets/First_Person/FirstPersonControllerPro/Prefab_polygon/Plane.prefab using Guid(8efd742feed218d46a6e0bb9fa1dffd4) Importer(815301076,1909f56bfc062723c751e8b465ee728b) (PreviewImporter) -> (artifact id: '71f06ca6699ed5c551c77fdb70cfa794') in 0.0281874 seconds
Number of updated asset objects reloaded before import = 0Number of asset objects unloaded after import = 10

========================================================================
Received Import Request.
  Time since last request: 12.178280 seconds.
  path: Assets/Slender/Example/Environment/Standard Assets/Effects/ImageEffects/Textures/HexShape.psd
  artifactKey: Guid(7251702aa6bb4f4fb19ff470fda37a37) Importer(815301076,1909f56bfc062723c751e8b465ee728b)
Start importing Assets/Slender/Example/Environment/Standard Assets/Effects/ImageEffects/Textures/HexShape.psd using Guid(7251702aa6bb4f4fb19ff470fda37a37) Importer(815301076,1909f56bfc062723c751e8b465ee728b) (PreviewImporter) -> (artifact id: '011ca74f9c8fd80c7fa27e269508eca5') in 0.0181044 seconds
Number of updated asset objects reloaded before import = 0Number of asset objects unloaded after import = 2

========================================================================
Received Import Request.
  Time since last request: 35.144898 seconds.
  path: Assets/ALP_Assets/GrassFlowersFREE/Demo/DemoGrassFlowers/ReflectionProbe-0.exr
  artifactKey: Guid(ff26dd0d532f43942b51232390841a6d) Importer(815301076,1909f56bfc062723c751e8b465ee728b)
Start importing Assets/ALP_Assets/GrassFlowersFREE/Demo/DemoGrassFlowers/ReflectionProbe-0.exr using Guid(ff26dd0d532f43942b51232390841a6d) Importer(815301076,1909f56bfc062723c751e8b465ee728b) (PreviewImporter) -> (artifact id: '11ab4337488fc56ff4ab0e07938419f2') in 0.0545634 seconds
Number of updated asset objects reloaded before import = 0Number of asset objects unloaded after import = 1

========================================================================
Received Import Request.
  Time since last request: 467.143610 seconds.
  path: Assets/ALP_Assets/GrassFlowersFREE/Demo/DemoGrassFlowers/LightingData.asset
  artifactKey: Guid(5490dd165db8d15458e920b5c398e991) Importer(815301076,1909f56bfc062723c751e8b465ee728b)
Start importing Assets/ALP_Assets/GrassFlowersFREE/Demo/DemoGrassFlowers/LightingData.asset using Guid(5490dd165db8d15458e920b5c398e991) Importer(815301076,1909f56bfc062723c751e8b465ee728b) (PreviewImporter) -> (artifact id: 'bb2615cef88e6a9346120a4ac9f8b7e7') in 0.024682 seconds
Number of updated asset objects reloaded before import = 0Number of asset objects unloaded after import = 2

========================================================================
Received Import Request.
  Time since last request: 76.208383 seconds.
  path: Assets/Suelo/Materials/Grass/Grass Small.mat
  artifactKey: Guid(be1c4bfd0b0545e42b03ccbd1b2d480b) Importer(815301076,1909f56bfc062723c751e8b465ee728b)
Start importing Assets/Suelo/Materials/Grass/Grass Small.mat using Guid(be1c4bfd0b0545e42b03ccbd1b2d480b) Importer(815301076,1909f56bfc062723c751e8b465ee728b) (PreviewImporter) -> (artifact id: '71f07658a895904bd58b70ea3ffd9851') in 0.9871587 seconds
Number of updated asset objects reloaded before import = 0Number of asset objects unloaded after import = 4

========================================================================
Received Import Request.
  Time since last request: 10.941988 seconds.
  path: Assets/Scenes/SampleScene.unity
  artifactKey: Guid(99c9720ab356a0642a771bea13969a05) Importer(2089858483,e11c23a36db5f54750b8cd40eac0985b)
Start importing Assets/Scenes/SampleScene.unity using Guid(99c9720ab356a0642a771bea13969a05) Importer(2089858483,e11c23a36db5f54750b8cd40eac0985b) (ScriptedImporter)Opening scene 'Assets/Scenes/SampleScene.unity additively'
Loaded scene 'Assets/Scenes/SampleScene.unity'
	Deserialize:            45.441 ms
	Integration:            1326.456 ms
	Integration of assets:  0.109 ms
	Thread Wait Time:       0.295 ms
	Total Operation Time:   1372.301 ms
 -> (artifact id: '69685ee41c4d85080c208bd5827d8e7b') in 2.7518997 seconds
Number of updated asset objects reloaded before import = 0Number of asset objects unloaded after import = 241

========================================================================
Received Import Request.
  Time since last request: 0.001043 seconds.
  path: Assets/ALP_Assets/GrassFlowersFREE/Textures/GrassFlowers/grassFlower05.tga
  artifactKey: Guid(e3b33de953074bc4a88d9487f19c1202) Importer(2089858483,b0f066a214c2f5e87bad3c948f4d605d)
Start importing Assets/ALP_Assets/GrassFlowersFREE/Textures/GrassFlowers/grassFlower05.tga using Guid(e3b33de953074bc4a88d9487f19c1202) Importer(2089858483,b0f066a214c2f5e87bad3c948f4d605d) (ScriptedImporter) -> (artifact id: 'f08fb567b9b61076bd14801d87fd91bf') in 0.0723249 seconds
Number of updated asset objects reloaded before import = 0Number of asset objects unloaded after import = 1

========================================================================
Received Import Request.
  Time since last request: 0.000039 seconds.
  path: Assets/ALP_Assets/GrassFlowersFREE/Textures/Ground/Grass01_BigUV.png
  artifactKey: Guid(38bb15d6b378aff46b461e248592d1da) Importer(2089858483,b0f066a214c2f5e87bad3c948f4d605d)
Start importing Assets/ALP_Assets/GrassFlowersFREE/Textures/Ground/Grass01_BigUV.png using Guid(38bb15d6b378aff46b461e248592d1da) Importer(2089858483,b0f066a214c2f5e87bad3c948f4d605d) (ScriptedImporter) -> (artifact id: 'cac45ad5e791dafba936df1896395d38') in 0.0589298 seconds
Number of updated asset objects reloaded before import = 0Number of asset objects unloaded after import = 1

========================================================================
Received Import Request.
  Time since last request: 0.000048 seconds.
  path: Assets/ALP_Assets/GrassFlowersFREE/Demo/DemoGrassFlowers/LightingData.asset
  artifactKey: Guid(5490dd165db8d15458e920b5c398e991) Importer(2089858483,b0f066a214c2f5e87bad3c948f4d605d)
Start importing Assets/ALP_Assets/GrassFlowersFREE/Demo/DemoGrassFlowers/LightingData.asset using Guid(5490dd165db8d15458e920b5c398e991) Importer(2089858483,b0f066a214c2f5e87bad3c948f4d605d) (ScriptedImporter) -> (artifact id: 'ea378eb956cc7e4b3b554365b0d1a213') in 0.0075294 seconds
Number of updated asset objects reloaded before import = 0Number of asset objects unloaded after import = 2

========================================================================
Received Import Request.
  Time since last request: 0.000035 seconds.
  path: Assets/ALP_Assets/GrassFlowersFREE/Textures/GrassFlowers/grass01.tga
  artifactKey: Guid(91a1945982e98be4d9fe3e3d12fdebd8) Importer(2089858483,b0f066a214c2f5e87bad3c948f4d605d)
Start importing Assets/ALP_Assets/GrassFlowersFREE/Textures/GrassFlowers/grass01.tga using Guid(91a1945982e98be4d9fe3e3d12fdebd8) Importer(2089858483,b0f066a214c2f5e87bad3c948f4d605d) (ScriptedImporter) -> (artifact id: 'f0c5343201b2cad3f00956a1b640bf7a') in 0.0103996 seconds
Number of updated asset objects reloaded before import = 0Number of asset objects unloaded after import = 1

========================================================================
Received Import Request.
  Time since last request: 0.000044 seconds.
  path: Assets/ALP_Assets/GrassFlowersFREE/Textures/GrassFlowers/grassFlower06.tga
  artifactKey: Guid(b3d0250e4b7a1ac4abe98a38d34d2048) Importer(2089858483,b0f066a214c2f5e87bad3c948f4d605d)
Start importing Assets/ALP_Assets/GrassFlowersFREE/Textures/GrassFlowers/grassFlower06.tga using Guid(b3d0250e4b7a1ac4abe98a38d34d2048) Importer(2089858483,b0f066a214c2f5e87bad3c948f4d605d) (ScriptedImporter) -> (artifact id: '19008c2044f460474bc26274007f1b14') in 0.0138678 seconds
Number of updated asset objects reloaded before import = 0Number of asset objects unloaded after import = 1

========================================================================
Received Import Request.
  Time since last request: 0.000052 seconds.
  path: Assets/ALP_Assets/GrassFlowersFREE/Textures/GrassFlowers/grassFlower07.tga
  artifactKey: Guid(5afd653e4d79b7a4c9523dd543c0bead) Importer(2089858483,b0f066a214c2f5e87bad3c948f4d605d)
Start importing Assets/ALP_Assets/GrassFlowersFREE/Textures/GrassFlowers/grassFlower07.tga using Guid(5afd653e4d79b7a4c9523dd543c0bead) Importer(2089858483,b0f066a214c2f5e87bad3c948f4d605d) (ScriptedImporter) -> (artifact id: '3dc16c04d4b1eeb4a4c11ba91a05d108') in 0.0163323 seconds
Number of updated asset objects reloaded before import = 0Number of asset objects unloaded after import = 1

========================================================================
Received Import Request.
  Time since last request: 1.911781 seconds.
  path: Assets/ALP_Assets/GrassFlowersFREE/Demo/DemoGrassFlowers.unity
  artifactKey: Guid(679e28dd92e786342b7944447228f70c) Importer(2089858483,b0f066a214c2f5e87bad3c948f4d605d)
Start importing Assets/ALP_Assets/GrassFlowersFREE/Demo/DemoGrassFlowers.unity using Guid(679e28dd92e786342b7944447228f70c) Importer(2089858483,b0f066a214c2f5e87bad3c948f4d605d) (ScriptedImporter) -> (artifact id: 'ebb7fc40b6b39985eb19585af56c4f08') in 0.0130216 seconds
Number of updated asset objects reloaded before import = 0Number of asset objects unloaded after import = 1

========================================================================
Received Import Request.
  Time since last request: 21.949443 seconds.
  path: Assets/Suelo/Materials/Ground Materials/Grass Floor 3.mat
  artifactKey: Guid(d962ce535805c5a4cb27ee3888bb17af) Importer(2089858483,b0f066a214c2f5e87bad3c948f4d605d)
Start importing Assets/Suelo/Materials/Ground Materials/Grass Floor 3.mat using Guid(d962ce535805c5a4cb27ee3888bb17af) Importer(2089858483,b0f066a214c2f5e87bad3c948f4d605d) (ScriptedImporter) -> (artifact id: 'e769d314f690b97ab3ec1eaa56a43548') in 0.0808117 seconds
Number of updated asset objects reloaded before import = 0Number of asset objects unloaded after import = 6

========================================================================
Received Import Request.
  Time since last request: 0.000068 seconds.
  path: Assets/Suelo/Materials/Tree 2/Tree 2 Mat.mat
  artifactKey: Guid(8df13e90dd57318489f9b393316f55d5) Importer(2089858483,b0f066a214c2f5e87bad3c948f4d605d)
Start importing Assets/Suelo/Materials/Tree 2/Tree 2 Mat.mat using Guid(8df13e90dd57318489f9b393316f55d5) Importer(2089858483,b0f066a214c2f5e87bad3c948f4d605d) (ScriptedImporter) -> (artifact id: 'c131be6f2b3ba621e975b5a9b3ce1c1f') in 0.0239171 seconds
Number of updated asset objects reloaded before import = 0Number of asset objects unloaded after import = 4

========================================================================
Received Import Request.
  Time since last request: 0.000206 seconds.
  path: Assets/Suelo/Materials/Ground Materials/Grass Floor 2.mat
  artifactKey: Guid(d0c86399931d65c40ae1b437d71e557d) Importer(2089858483,b0f066a214c2f5e87bad3c948f4d605d)
Start importing Assets/Suelo/Materials/Ground Materials/Grass Floor 2.mat using Guid(d0c86399931d65c40ae1b437d71e557d) Importer(2089858483,b0f066a214c2f5e87bad3c948f4d605d) (ScriptedImporter) -> (artifact id: '382a2b50289690ec580d13dcfc65703f') in 0.0433951 seconds
Number of updated asset objects reloaded before import = 0Number of asset objects unloaded after import = 6

========================================================================
Received Import Request.
  Time since last request: 0.000033 seconds.
  path: Assets/Suelo/Materials/Small Rock 1/Small Rock 1.mat
  artifactKey: Guid(24a6fdb2038ae104b86c29cbf9e524b4) Importer(2089858483,b0f066a214c2f5e87bad3c948f4d605d)
Start importing Assets/Suelo/Materials/Small Rock 1/Small Rock 1.mat using Guid(24a6fdb2038ae104b86c29cbf9e524b4) Importer(2089858483,b0f066a214c2f5e87bad3c948f4d605d) (ScriptedImporter) -> (artifact id: '2025211edabf9a08e1f58e8e728f0954') in 0.0276999 seconds
Number of updated asset objects reloaded before import = 0Number of asset objects unloaded after import = 4

========================================================================
Received Import Request.
  Time since last request: 0.000036 seconds.
  path: Assets/Suelo/Materials/Small Rock 3/Small Rock 3.mat
  artifactKey: Guid(376ea5618bbbf2c4d93a2b50a770d9ba) Importer(2089858483,b0f066a214c2f5e87bad3c948f4d605d)
Start importing Assets/Suelo/Materials/Small Rock 3/Small Rock 3.mat using Guid(376ea5618bbbf2c4d93a2b50a770d9ba) Importer(2089858483,b0f066a214c2f5e87bad3c948f4d605d) (ScriptedImporter) -> (artifact id: 'a42515249cec0418f6498ad432eb3ae7') in 0.0251767 seconds
Number of updated asset objects reloaded before import = 0Number of asset objects unloaded after import = 4

========================================================================
Received Import Request.
  Time since last request: 0.000060 seconds.
  path: Assets/Suelo/Materials/Small Rock 4 Moss/Small Rock 4 Moss.mat
  artifactKey: Guid(442fa6ed07e500444a0961b0930713a8) Importer(2089858483,b0f066a214c2f5e87bad3c948f4d605d)
Start importing Assets/Suelo/Materials/Small Rock 4 Moss/Small Rock 4 Moss.mat using Guid(442fa6ed07e500444a0961b0930713a8) Importer(2089858483,b0f066a214c2f5e87bad3c948f4d605d) (ScriptedImporter) -> (artifact id: 'fa83450d4deca5807fe0e8d112954702') in 0.055853 seconds
Number of updated asset objects reloaded before import = 0Number of asset objects unloaded after import = 4

========================================================================
Received Import Request.
  Time since last request: 0.000082 seconds.
  path: Assets/Suelo/Materials/Ground Materials/Grass Floor 1.mat
  artifactKey: Guid(bc7542fa398d07c40a1a88ff877c9ee6) Importer(2089858483,b0f066a214c2f5e87bad3c948f4d605d)
Start importing Assets/Suelo/Materials/Ground Materials/Grass Floor 1.mat using Guid(bc7542fa398d07c40a1a88ff877c9ee6) Importer(2089858483,b0f066a214c2f5e87bad3c948f4d605d) (ScriptedImporter) -> (artifact id: '7aa7aca1aa17678d2d16cf0c65c249e2') in 0.0403558 seconds
Number of updated asset objects reloaded before import = 0Number of asset objects unloaded after import = 5

========================================================================
Received Import Request.
  Time since last request: 0.000042 seconds.
  path: Assets/Suelo/Materials/Ground Materials/Rock Floor 2.mat
  artifactKey: Guid(1dbea9a213a67fb4a87413976f64122b) Importer(2089858483,b0f066a214c2f5e87bad3c948f4d605d)
Start importing Assets/Suelo/Materials/Ground Materials/Rock Floor 2.mat using Guid(1dbea9a213a67fb4a87413976f64122b) Importer(2089858483,b0f066a214c2f5e87bad3c948f4d605d) (ScriptedImporter) -> (artifact id: 'b70b7723eed89e72d516c0866a4a2321') in 0.0344105 seconds
Number of updated asset objects reloaded before import = 0Number of asset objects unloaded after import = 6

========================================================================
Received Import Request.
  Time since last request: 8.554811 seconds.
  path: Assets/Suelo/Materials/Tree 1/Tree 1 Mat.mat
  artifactKey: Guid(cb1223280cfac854184017065d85e17e) Importer(815301076,1909f56bfc062723c751e8b465ee728b)
Start importing Assets/Suelo/Materials/Tree 1/Tree 1 Mat.mat using Guid(cb1223280cfac854184017065d85e17e) Importer(815301076,1909f56bfc062723c751e8b465ee728b) (PreviewImporter) -> (artifact id: 'f8244c6a8b539aa5d6f80093b60790f7') in 0.0952799 seconds
Number of updated asset objects reloaded before import = 0Number of asset objects unloaded after import = 4

========================================================================
Received Import Request.
  Time since last request: 5.904983 seconds.
  path: Assets/Suelo/Materials/Tree 2/Tree 2 Mat.mat
  artifactKey: Guid(8df13e90dd57318489f9b393316f55d5) Importer(815301076,1909f56bfc062723c751e8b465ee728b)
Start importing Assets/Suelo/Materials/Tree 2/Tree 2 Mat.mat using Guid(8df13e90dd57318489f9b393316f55d5) Importer(815301076,1909f56bfc062723c751e8b465ee728b) (PreviewImporter) -> (artifact id: 'cfec7186c1d72cbe318a223301c91ebb') in 0.1046584 seconds
Number of updated asset objects reloaded before import = 0Number of asset objects unloaded after import = 4

========================================================================
Received Import Request.
  Time since last request: 1.672357 seconds.
  path: Assets/Suelo/Materials/Tree 4/Tree 4 Mat.mat
  artifactKey: Guid(4c22b5debf7e9384987ca56dd4e8a52e) Importer(815301076,1909f56bfc062723c751e8b465ee728b)
Start importing Assets/Suelo/Materials/Tree 4/Tree 4 Mat.mat using Guid(4c22b5debf7e9384987ca56dd4e8a52e) Importer(815301076,1909f56bfc062723c751e8b465ee728b) (PreviewImporter) -> (artifact id: 'd796d791394761b3751cb634d480613c') in 0.0993535 seconds
Number of updated asset objects reloaded before import = 0Number of asset objects unloaded after import = 4

========================================================================
Received Import Request.
  Time since last request: 24.257420 seconds.
  path: Assets/JP Environmental Asset Pack/Prefabs/Foliage 2.prefab
  artifactKey: Guid(48877448f3a5a7b42956199437be7a1a) Importer(815301076,1909f56bfc062723c751e8b465ee728b)
Start importing Assets/JP Environmental Asset Pack/Prefabs/Foliage 2.prefab using Guid(48877448f3a5a7b42956199437be7a1a) Importer(815301076,1909f56bfc062723c751e8b465ee728b) (PreviewImporter) -> (artifact id: '7e401e941a2d6fa7ae1d2a953c9a84e6') in 0.0797575 seconds
Number of updated asset objects reloaded before import = 0Number of asset objects unloaded after import = 12

========================================================================
Received Import Request.
  Time since last request: 0.000053 seconds.
  path: Assets/JP Environmental Asset Pack/Prefabs/Rock Group.prefab
  artifactKey: Guid(f2ea49d0a51aea045a19d9ba5770c9df) Importer(815301076,1909f56bfc062723c751e8b465ee728b)
Start importing Assets/JP Environmental Asset Pack/Prefabs/Rock Group.prefab using Guid(f2ea49d0a51aea045a19d9ba5770c9df) Importer(815301076,1909f56bfc062723c751e8b465ee728b) (PreviewImporter) -> (artifact id: '8593eb76754a2eb102d8073281e2ec7f') in 0.0636719 seconds
Number of updated asset objects reloaded before import = 0Number of asset objects unloaded after import = 12

========================================================================
Received Import Request.
  Time since last request: 0.000071 seconds.
  path: Assets/JP Environmental Asset Pack/Prefabs/Tree 1.prefab
  artifactKey: Guid(81c7dd4128008d84fbd14127f8cdc039) Importer(815301076,1909f56bfc062723c751e8b465ee728b)
Start importing Assets/JP Environmental Asset Pack/Prefabs/Tree 1.prefab using Guid(81c7dd4128008d84fbd14127f8cdc039) Importer(815301076,1909f56bfc062723c751e8b465ee728b) (PreviewImporter) -> (artifact id: 'ef812269e085a2afc8acf1281eb0c316') in 0.0906193 seconds
Number of updated asset objects reloaded before import = 0Number of asset objects unloaded after import = 16

========================================================================
Received Import Request.
  Time since last request: 0.000041 seconds.
  path: Assets/JP Environmental Asset Pack/Prefabs/Tree 3.prefab
  artifactKey: Guid(fb468437ddd8f1b4fa857e505c8400af) Importer(815301076,1909f56bfc062723c751e8b465ee728b)
Start importing Assets/JP Environmental Asset Pack/Prefabs/Tree 3.prefab using Guid(fb468437ddd8f1b4fa857e505c8400af) Importer(815301076,1909f56bfc062723c751e8b465ee728b) (PreviewImporter) -> (artifact id: '6954a3b341d8eead8618fea45edd9b15') in 0.0727944 seconds
Number of updated asset objects reloaded before import = 0Number of asset objects unloaded after import = 16

========================================================================
Received Import Request.
  Time since last request: 0.000036 seconds.
  path: Assets/JP Environmental Asset Pack/Prefabs/Small Rock 3.prefab
  artifactKey: Guid(e5a5fd945677a3f43bc08c44bf38e61f) Importer(815301076,1909f56bfc062723c751e8b465ee728b)
Start importing Assets/JP Environmental Asset Pack/Prefabs/Small Rock 3.prefab using Guid(e5a5fd945677a3f43bc08c44bf38e61f) Importer(815301076,1909f56bfc062723c751e8b465ee728b) (PreviewImporter) -> (artifact id: 'e4f28116be8be5ff91257248436071dc') in 0.0337392 seconds
Number of updated asset objects reloaded before import = 0Number of asset objects unloaded after import = 12

========================================================================
Received Import Request.
  Time since last request: 0.000104 seconds.
  path: Assets/JP Environmental Asset Pack/Prefabs/Small Rock 4 Moss.prefab
  artifactKey: Guid(cb9055f73b5405f49b5209c9bedd3e75) Importer(815301076,1909f56bfc062723c751e8b465ee728b)
Start importing Assets/JP Environmental Asset Pack/Prefabs/Small Rock 4 Moss.prefab using Guid(cb9055f73b5405f49b5209c9bedd3e75) Importer(815301076,1909f56bfc062723c751e8b465ee728b) (PreviewImporter) -> (artifact id: 'ddead49bcc8901e703339d38f7722a52') in 0.0306056 seconds
Number of updated asset objects reloaded before import = 0Number of asset objects unloaded after import = 12

========================================================================
Received Import Request.
  Time since last request: 0.000060 seconds.
  path: Assets/JP Environmental Asset Pack/Prefabs/Tree 2.prefab
  artifactKey: Guid(2d813655b782eef45b7188afa2dfdb2e) Importer(815301076,1909f56bfc062723c751e8b465ee728b)
Start importing Assets/JP Environmental Asset Pack/Prefabs/Tree 2.prefab using Guid(2d813655b782eef45b7188afa2dfdb2e) Importer(815301076,1909f56bfc062723c751e8b465ee728b) (PreviewImporter) -> (artifact id: '8a7b00ce73940836b3b95753735f8380') in 0.0632013 seconds
Number of updated asset objects reloaded before import = 0Number of asset objects unloaded after import = 16

========================================================================
Received Import Request.
  Time since last request: 0.000074 seconds.
  path: Assets/JP Environmental Asset Pack/Prefabs/Large Rock 1.prefab
  artifactKey: Guid(79d04eb1ecfb2d741a1da8434557a623) Importer(815301076,1909f56bfc062723c751e8b465ee728b)
Start importing Assets/JP Environmental Asset Pack/Prefabs/Large Rock 1.prefab using Guid(79d04eb1ecfb2d741a1da8434557a623) Importer(815301076,1909f56bfc062723c751e8b465ee728b) (PreviewImporter) -> (artifact id: 'e0ebc4e5a79497e93fe529f44c8e68e1') in 0.0386529 seconds
Number of updated asset objects reloaded before import = 0Number of asset objects unloaded after import = 12

========================================================================
Received Import Request.
  Time since last request: 40.023902 seconds.
  path: Assets/JP Environmental Asset Pack/Models/Foliage 3.FBX
  artifactKey: Guid(88aa96a7b6d9c914fa4929b0c32c44cc) Importer(815301076,1909f56bfc062723c751e8b465ee728b)
Start importing Assets/JP Environmental Asset Pack/Models/Foliage 3.FBX using Guid(88aa96a7b6d9c914fa4929b0c32c44cc) Importer(815301076,1909f56bfc062723c751e8b465ee728b) (PreviewImporter) -> (artifact id: '4aeb225bf4c0e16d6cd9db36e5ac437e') in 0.1841036 seconds
Number of updated asset objects reloaded before import = 0Number of asset objects unloaded after import = 9

========================================================================
Received Import Request.
  Time since last request: 0.000047 seconds.
  path: Assets/JP Environmental Asset Pack/Models/Tree 4.FBX
  artifactKey: Guid(c5f6ae5768117d74dbe1cb86f66bd9a2) Importer(815301076,1909f56bfc062723c751e8b465ee728b)
Start importing Assets/JP Environmental Asset Pack/Models/Tree 4.FBX using Guid(c5f6ae5768117d74dbe1cb86f66bd9a2) Importer(815301076,1909f56bfc062723c751e8b465ee728b) (PreviewImporter) -> (artifact id: 'bfabf731f01c54c32e570f48d1252f2d') in 0.0563392 seconds
Number of updated asset objects reloaded before import = 0Number of asset objects unloaded after import = 10

========================================================================
Received Import Request.
  Time since last request: 0.000058 seconds.
  path: Assets/JP Environmental Asset Pack/Models/Tree 1.FBX
  artifactKey: Guid(fc64fc23d15a9cd43a59d4ba5fcc1735) Importer(815301076,1909f56bfc062723c751e8b465ee728b)
Start importing Assets/JP Environmental Asset Pack/Models/Tree 1.FBX using Guid(fc64fc23d15a9cd43a59d4ba5fcc1735) Importer(815301076,1909f56bfc062723c751e8b465ee728b) (PreviewImporter) -> (artifact id: '5d2fdb647d0434ac39796be1d25054d8') in 0.050101 seconds
Number of updated asset objects reloaded before import = 0Number of asset objects unloaded after import = 10

========================================================================
Received Import Request.
  Time since last request: 0.000032 seconds.
  path: Assets/JP Environmental Asset Pack/Models/Grass Patch Small.FBX
  artifactKey: Guid(7fbab33f680881043bae557540efff3e) Importer(815301076,1909f56bfc062723c751e8b465ee728b)
Start importing Assets/JP Environmental Asset Pack/Models/Grass Patch Small.FBX using Guid(7fbab33f680881043bae557540efff3e) Importer(815301076,1909f56bfc062723c751e8b465ee728b) (PreviewImporter) -> (artifact id: '0cacd3bc63c988bb9cb5bdf987c420b1') in 0.0420736 seconds
Number of updated asset objects reloaded before import = 0Number of asset objects unloaded after import = 9

========================================================================
Received Import Request.
  Time since last request: 47.522360 seconds.
  path: Assets/JP Environmental Asset Pack/Textures/Tree 1/Materials/Tree 1 Branchs.mat
  artifactKey: Guid(9a181cccce7b1ee4296da4b171a11ac5) Importer(2089858483,b0f066a214c2f5e87bad3c948f4d605d)
Start importing Assets/JP Environmental Asset Pack/Textures/Tree 1/Materials/Tree 1 Branchs.mat using Guid(9a181cccce7b1ee4296da4b171a11ac5) Importer(2089858483,b0f066a214c2f5e87bad3c948f4d605d) (ScriptedImporter) -> (artifact id: '261a961e01661b26be9ce85a60a1f276') in 0.0163402 seconds
Number of updated asset objects reloaded before import = 0Number of asset objects unloaded after import = 2

========================================================================
Received Import Request.
  Time since last request: 0.000169 seconds.
  path: Assets/Suelo/Materials/Large Rock 1/Large Rock 1.mat
  artifactKey: Guid(b6306c259b6f870469f9db775b800f81) Importer(2089858483,b0f066a214c2f5e87bad3c948f4d605d)
Start importing Assets/Suelo/Materials/Large Rock 1/Large Rock 1.mat using Guid(b6306c259b6f870469f9db775b800f81) Importer(2089858483,b0f066a214c2f5e87bad3c948f4d605d) (ScriptedImporter) -> (artifact id: 'f7916ee468cddeb411e4482302050d30') in 0.0363212 seconds
Number of updated asset objects reloaded before import = 0Number of asset objects unloaded after import = 4

========================================================================
Received Import Request.
  Time since last request: 0.000055 seconds.
  path: Assets/Suelo/Materials/Tree 1/Tree 1 Branches.mat
  artifactKey: Guid(478e546c94611a74099c0fa6e5202431) Importer(2089858483,b0f066a214c2f5e87bad3c948f4d605d)
Start importing Assets/Suelo/Materials/Tree 1/Tree 1 Branches.mat using Guid(478e546c94611a74099c0fa6e5202431) Importer(2089858483,b0f066a214c2f5e87bad3c948f4d605d) (ScriptedImporter) -> (artifact id: '818681d24992ed35b401c42a9b79f138') in 0.026542 seconds
Number of updated asset objects reloaded before import = 0Number of asset objects unloaded after import = 2

========================================================================
Received Import Request.
  Time since last request: 9.437736 seconds.
  path: Assets/Suelo/Materials/Tree 1/Tree 1 Branches.mat
  artifactKey: Guid(478e546c94611a74099c0fa6e5202431) Importer(2089858483,b0f066a214c2f5e87bad3c948f4d605d)
Start importing Assets/Suelo/Materials/Tree 1/Tree 1 Branches.mat using Guid(478e546c94611a74099c0fa6e5202431) Importer(2089858483,b0f066a214c2f5e87bad3c948f4d605d) (ScriptedImporter) -> (artifact id: '3687f3eb87518bdc92818bec7888d74c') in 0.0202314 seconds
Number of updated asset objects reloaded before import = 0Number of asset objects unloaded after import = 2

========================================================================
Received Import Request.
  Time since last request: 5.437912 seconds.
  path: Assets/JP Environmental Asset Pack/Textures/Tree 1/Materials/Tree 1 RFS_DefaultMaterial_AlbedoTransparency.mat
  artifactKey: Guid(c84e3fecca981f84997ce0431207e515) Importer(815301076,1909f56bfc062723c751e8b465ee728b)
Start importing Assets/JP Environmental Asset Pack/Textures/Tree 1/Materials/Tree 1 RFS_DefaultMaterial_AlbedoTransparency.mat using Guid(c84e3fecca981f84997ce0431207e515) Importer(815301076,1909f56bfc062723c751e8b465ee728b) (PreviewImporter) -> (artifact id: '6d176f9072235b2b14615b87619c3225') in 0.0239325 seconds
Number of updated asset objects reloaded before import = 0Number of asset objects unloaded after import = 2

========================================================================
Received Import Request.
  Time since last request: 42.288118 seconds.
  path: Assets/JP Environmental Asset Pack/Textures/Tree 2/Tree 2 Branchs_NRM.png
  artifactKey: Guid(953ad2c5d4dcc4b4887fdcc3110af65a) Importer(815301076,1909f56bfc062723c751e8b465ee728b)
Start importing Assets/JP Environmental Asset Pack/Textures/Tree 2/Tree 2 Branchs_NRM.png using Guid(953ad2c5d4dcc4b4887fdcc3110af65a) Importer(815301076,1909f56bfc062723c751e8b465ee728b) (PreviewImporter) -> (artifact id: '290a01ea9f1ccf19614e78335006ea8c') in 0.0324708 seconds
Number of updated asset objects reloaded before import = 0Number of asset objects unloaded after import = 2

========================================================================
Received Import Request.
  Time since last request: 3.621589 seconds.
  path: Assets/JP Environmental Asset Pack/Prefabs/Small Rock 4 Moss.prefab
  artifactKey: Guid(cb9055f73b5405f49b5209c9bedd3e75) Importer(815301076,1909f56bfc062723c751e8b465ee728b)
Start importing Assets/JP Environmental Asset Pack/Prefabs/Small Rock 4 Moss.prefab using Guid(cb9055f73b5405f49b5209c9bedd3e75) Importer(815301076,1909f56bfc062723c751e8b465ee728b) (PreviewImporter) -> (artifact id: 'f439c3d0d8cfc3d86583e4e2be8708c3') in 0.1008389 seconds
Number of updated asset objects reloaded before import = 0Number of asset objects unloaded after import = 12

========================================================================
Received Import Request.
  Time since last request: 56.839276 seconds.
  path: Assets/JP Environmental Asset Pack/Textures/Tree 2/Materials/Dead Tree 2 RFS_Tree 1 Mat_AlbedoTransparency.mat
  artifactKey: Guid(1b003621a7cfbb0478028632103f94c5) Importer(2089858483,b0f066a214c2f5e87bad3c948f4d605d)
Start importing Assets/JP Environmental Asset Pack/Textures/Tree 2/Materials/Dead Tree 2 RFS_Tree 1 Mat_AlbedoTransparency.mat using Guid(1b003621a7cfbb0478028632103f94c5) Importer(2089858483,b0f066a214c2f5e87bad3c948f4d605d) (ScriptedImporter) -> (artifact id: 'd4628a0034651d2599cac290fbda8d55') in 0.0156371 seconds
Number of updated asset objects reloaded before import = 0Number of asset objects unloaded after import = 2

========================================================================
Received Import Request.
  Time since last request: 0.000068 seconds.
  path: Assets/Suelo/Materials/Tree 3/Tree 3 Mat.mat
  artifactKey: Guid(675f2fe2aa6a4ff44be861eb7f5f836d) Importer(2089858483,b0f066a214c2f5e87bad3c948f4d605d)
Start importing Assets/Suelo/Materials/Tree 3/Tree 3 Mat.mat using Guid(675f2fe2aa6a4ff44be861eb7f5f836d) Importer(2089858483,b0f066a214c2f5e87bad3c948f4d605d) (ScriptedImporter) -> (artifact id: '8d332f5d59c3f7e5e6051a31bc76c1f3') in 0.0303119 seconds
Number of updated asset objects reloaded before import = 0Number of asset objects unloaded after import = 4

========================================================================
Received Import Request.
  Time since last request: 0.000061 seconds.
  path: Assets/Suelo/Materials/Tree 1/Tree 1 Branches.mat
  artifactKey: Guid(478e546c94611a74099c0fa6e5202431) Importer(2089858483,b0f066a214c2f5e87bad3c948f4d605d)
Start importing Assets/Suelo/Materials/Tree 1/Tree 1 Branches.mat using Guid(478e546c94611a74099c0fa6e5202431) Importer(2089858483,b0f066a214c2f5e87bad3c948f4d605d) (ScriptedImporter) -> (artifact id: 'e10d427d913b24b69d53822e3e4ec68e') in 0.0156572 seconds
Number of updated asset objects reloaded before import = 0Number of asset objects unloaded after import = 3

========================================================================
Received Import Request.
  Time since last request: 13.061656 seconds.
  path: Assets/JP Environmental Asset Pack/Textures/Tree 3/Tree 3 Branchs_NRM.png
  artifactKey: Guid(40c9bb014dd5b1c4e957526bba86ac84) Importer(815301076,1909f56bfc062723c751e8b465ee728b)
Start importing Assets/JP Environmental Asset Pack/Textures/Tree 3/Tree 3 Branchs_NRM.png using Guid(40c9bb014dd5b1c4e957526bba86ac84) Importer(815301076,1909f56bfc062723c751e8b465ee728b) (PreviewImporter) -> (artifact id: 'a8ab538d6e7471a22047217e36eccc03') in 0.034687 seconds
Number of updated asset objects reloaded before import = 0Number of asset objects unloaded after import = 2

========================================================================
Received Import Request.
  Time since last request: 197.488098 seconds.
  path: Assets/Tree9/bark14_N.png
  artifactKey: Guid(81f1d63919f88a547a8d97fe857cc586) Importer(2089858483,b0f066a214c2f5e87bad3c948f4d605d)
Start importing Assets/Tree9/bark14_N.png using Guid(81f1d63919f88a547a8d97fe857cc586) Importer(2089858483,b0f066a214c2f5e87bad3c948f4d605d) (ScriptedImporter) -> (artifact id: '5911814c6cb64be8a0cbcd146c3a8ca0') in 0.0299101 seconds
Number of updated asset objects reloaded before import = 0Number of asset objects unloaded after import = 1

========================================================================
Received Import Request.
  Time since last request: 0.000065 seconds.
  path: Assets/Tree9/Tree9_4.prefab
  artifactKey: Guid(956bd2acf7aae244dac8fc20cf57858d) Importer(2089858483,b0f066a214c2f5e87bad3c948f4d605d)
Start importing Assets/Tree9/Tree9_4.prefab using Guid(956bd2acf7aae244dac8fc20cf57858d) Importer(2089858483,b0f066a214c2f5e87bad3c948f4d605d) (ScriptedImporter) -> (artifact id: '4a42ddb37dfd199881e210fe786ff261') in 0.3993916 seconds
Number of updated asset objects reloaded before import = 0Number of asset objects unloaded after import = 23

========================================================================
Received Import Request.
  Time since last request: 0.000050 seconds.
  path: Assets/Tree9/Tree9_leafs.mat
  artifactKey: Guid(da780beb78a91484aa965294e12f428e) Importer(2089858483,b0f066a214c2f5e87bad3c948f4d605d)
Start importing Assets/Tree9/Tree9_leafs.mat using Guid(da780beb78a91484aa965294e12f428e) Importer(2089858483,b0f066a214c2f5e87bad3c948f4d605d) (ScriptedImporter) -> (artifact id: 'f35bb2e6548eb31f9f8b2a9f3a3d8dbf') in 0.0750579 seconds
Number of updated asset objects reloaded before import = 0Number of asset objects unloaded after import = 3

========================================================================
Received Import Request.
  Time since last request: 0.000026 seconds.
  path: Assets/Tree9/Tree9_3.prefab
  artifactKey: Guid(8b2d47fdc2e25ac4f9721480a68bbefa) Importer(2089858483,b0f066a214c2f5e87bad3c948f4d605d)
Start importing Assets/Tree9/Tree9_3.prefab using Guid(8b2d47fdc2e25ac4f9721480a68bbefa) Importer(2089858483,b0f066a214c2f5e87bad3c948f4d605d) (ScriptedImporter) -> (artifact id: 'd44d97c5eb02ef9f2a49bc589aed1481') in 0.034883 seconds
Number of updated asset objects reloaded before import = 0Number of asset objects unloaded after import = 23

========================================================================
Received Import Request.
  Time since last request: 0.000031 seconds.
  path: Assets/Tree9/bark14.mat
  artifactKey: Guid(760ea8238d6219c42b2739f693d4c834) Importer(2089858483,b0f066a214c2f5e87bad3c948f4d605d)
Start importing Assets/Tree9/bark14.mat using Guid(760ea8238d6219c42b2739f693d4c834) Importer(2089858483,b0f066a214c2f5e87bad3c948f4d605d) (ScriptedImporter) -> (artifact id: '270d193c9b1cc8dec56ece0f9bc1cb2c') in 0.0688779 seconds
Number of updated asset objects reloaded before import = 0Number of asset objects unloaded after import = 3

========================================================================
Received Import Request.
  Time since last request: 0.000075 seconds.
  path: Assets/Tree9/tree9Settings.lighting
  artifactKey: Guid(dd02f93708341274c83a920b46e7e231) Importer(2089858483,b0f066a214c2f5e87bad3c948f4d605d)
Start importing Assets/Tree9/tree9Settings.lighting using Guid(dd02f93708341274c83a920b46e7e231) Importer(2089858483,b0f066a214c2f5e87bad3c948f4d605d) (ScriptedImporter)LightingSettings: switching bake backend from 2 to 1.
 -> (artifact id: 'c21e2e4f34dfd6b4ccf8a7a14bb9e1fa') in 0.0226619 seconds
Number of updated asset objects reloaded before import = 0Number of asset objects unloaded after import = 1

========================================================================
Received Import Request.
  Time since last request: 0.000062 seconds.
  path: Assets/Tree9/bark14.png
  artifactKey: Guid(78e60ad3a8152ec46be748bb6d5a7cdf) Importer(2089858483,b0f066a214c2f5e87bad3c948f4d605d)
Start importing Assets/Tree9/bark14.png using Guid(78e60ad3a8152ec46be748bb6d5a7cdf) Importer(2089858483,b0f066a214c2f5e87bad3c948f4d605d) (ScriptedImporter) -> (artifact id: 'c9d056ee4c36e9994d0f42a19fd80fc7') in 0.0144398 seconds
Number of updated asset objects reloaded before import = 0Number of asset objects unloaded after import = 1

========================================================================
Received Import Request.
  Time since last request: 0.000060 seconds.
  path: Assets/Tree9/Materials
  artifactKey: Guid(0b126e19a3d99c442b1dd5a8f8f4f143) Importer(2089858483,b0f066a214c2f5e87bad3c948f4d605d)
Start importing Assets/Tree9/Materials using Guid(0b126e19a3d99c442b1dd5a8f8f4f143) Importer(2089858483,b0f066a214c2f5e87bad3c948f4d605d) (ScriptedImporter) -> (artifact id: 'eadc9a240866d1776cc0d05ae2175cf0') in 0.0081856 seconds
Number of updated asset objects reloaded before import = 0Number of asset objects unloaded after import = 1

========================================================================
Received Import Request.
  Time since last request: 0.000029 seconds.
  path: Assets/Tree9/Tree9_1_Textures
  artifactKey: Guid(8d139c15c7ee7f949a8d3cb34eb9f16f) Importer(2089858483,b0f066a214c2f5e87bad3c948f4d605d)
Start importing Assets/Tree9/Tree9_1_Textures using Guid(8d139c15c7ee7f949a8d3cb34eb9f16f) Importer(2089858483,b0f066a214c2f5e87bad3c948f4d605d) (ScriptedImporter) -> (artifact id: 'abf998cb01c007e7b0cc754c44217720') in 0.0107328 seconds
Number of updated asset objects reloaded before import = 0Number of asset objects unloaded after import = 1

========================================================================
Received Import Request.
  Time since last request: 0.000040 seconds.
  path: Assets/Tree9/Tree9_Leaf.fbx
  artifactKey: Guid(1de95aafaed1b594b88a317c6a6ac028) Importer(2089858483,b0f066a214c2f5e87bad3c948f4d605d)
Start importing Assets/Tree9/Tree9_Leaf.fbx using Guid(1de95aafaed1b594b88a317c6a6ac028) Importer(2089858483,b0f066a214c2f5e87bad3c948f4d605d) (ScriptedImporter) -> (artifact id: '65c0c68f8a97492800c8ddf271f7e125') in 0.1093781 seconds
Number of updated asset objects reloaded before import = 0Number of asset objects unloaded after import = 8

========================================================================
Received Import Request.
  Time since last request: 8.279659 seconds.
  path: Assets/Tree9/Tree9_1_Textures/normal_specular.png
  artifactKey: Guid(34bf97c9a44d6a24e9aad37f9f1e5e3d) Importer(815301076,1909f56bfc062723c751e8b465ee728b)
Start importing Assets/Tree9/Tree9_1_Textures/normal_specular.png using Guid(34bf97c9a44d6a24e9aad37f9f1e5e3d) Importer(815301076,1909f56bfc062723c751e8b465ee728b) (PreviewImporter) -> (artifact id: '7bbb0130957b6a6f7a179a2832282bb5') in 0.036989 seconds
Number of updated asset objects reloaded before import = 0Number of asset objects unloaded after import = 2

========================================================================
Received Import Request.
  Time since last request: 0.000064 seconds.
  path: Assets/Tree9/Tree9_1_Textures/translucency_gloss.png
  artifactKey: Guid(f61dbef0d12d35f4b9fbf8cfded48f9a) Importer(815301076,1909f56bfc062723c751e8b465ee728b)
Start importing Assets/Tree9/Tree9_1_Textures/translucency_gloss.png using Guid(f61dbef0d12d35f4b9fbf8cfded48f9a) Importer(815301076,1909f56bfc062723c751e8b465ee728b) (PreviewImporter) -> (artifact id: '60c95f32612b2db069e2e7f0f8b999dc') in 0.0113603 seconds
Number of updated asset objects reloaded before import = 0Number of asset objects unloaded after import = 2

========================================================================
Received Import Request.
  Time since last request: 19.175933 seconds.
  path: Assets/Tree9/bark14.png
  artifactKey: Guid(78e60ad3a8152ec46be748bb6d5a7cdf) Importer(815301076,1909f56bfc062723c751e8b465ee728b)
Start importing Assets/Tree9/bark14.png using Guid(78e60ad3a8152ec46be748bb6d5a7cdf) Importer(815301076,1909f56bfc062723c751e8b465ee728b) (PreviewImporter) -> (artifact id: 'c0ed03bf555fddb2277e2b4e6bd3a1f1') in 0.0176959 seconds
Number of updated asset objects reloaded before import = 0Number of asset objects unloaded after import = 2

========================================================================
Received Import Request.
  Time since last request: 0.000058 seconds.
  path: Assets/Tree9/Tree9_3.prefab
  artifactKey: Guid(8b2d47fdc2e25ac4f9721480a68bbefa) Importer(815301076,1909f56bfc062723c751e8b465ee728b)
Start importing Assets/Tree9/Tree9_3.prefab using Guid(8b2d47fdc2e25ac4f9721480a68bbefa) Importer(815301076,1909f56bfc062723c751e8b465ee728b) (PreviewImporter) -> (artifact id: '6c057a504b8cbf8f1bd6a4bd234e1c2f') in 0.080762 seconds
Number of updated asset objects reloaded before import = 0Number of asset objects unloaded after import = 23

========================================================================
Received Import Request.
  Time since last request: 0.000063 seconds.
  path: Assets/Tree9/Leafs19.tga
  artifactKey: Guid(58552de7d543f6e4095feb3806e56f4f) Importer(815301076,1909f56bfc062723c751e8b465ee728b)
Start importing Assets/Tree9/Leafs19.tga using Guid(58552de7d543f6e4095feb3806e56f4f) Importer(815301076,1909f56bfc062723c751e8b465ee728b) (PreviewImporter) -> (artifact id: 'eb1590acf54e5cfde75bf7ec469168c1') in 0.0160529 seconds
Number of updated asset objects reloaded before import = 0Number of asset objects unloaded after import = 2

========================================================================
Received Import Request.
  Time since last request: 0.000063 seconds.
  path: Assets/Tree9/Leafs19_N.png
  artifactKey: Guid(fa41cc63b7bd56f4da64009c1c218880) Importer(815301076,1909f56bfc062723c751e8b465ee728b)
Start importing Assets/Tree9/Leafs19_N.png using Guid(fa41cc63b7bd56f4da64009c1c218880) Importer(815301076,1909f56bfc062723c751e8b465ee728b) (PreviewImporter) -> (artifact id: 'bc15fa38e4c62e5d3fc8e60e1e750165') in 0.0169579 seconds
Number of updated asset objects reloaded before import = 0Number of asset objects unloaded after import = 2

========================================================================
Received Import Request.
  Time since last request: 0.000057 seconds.
  path: Assets/Tree9/Tree9_2.prefab
  artifactKey: Guid(be878d9ea17907f4a8068678a5ce7908) Importer(815301076,1909f56bfc062723c751e8b465ee728b)
Start importing Assets/Tree9/Tree9_2.prefab using Guid(be878d9ea17907f4a8068678a5ce7908) Importer(815301076,1909f56bfc062723c751e8b465ee728b) (PreviewImporter) -> (artifact id: '9e8ef93cec1036f71638911610d8813c') in 0.0498961 seconds
Number of updated asset objects reloaded before import = 0Number of asset objects unloaded after import = 23

========================================================================
Received Import Request.
  Time since last request: 0.000033 seconds.
  path: Assets/Tree9/Tree9_leafs.mat
  artifactKey: Guid(da780beb78a91484aa965294e12f428e) Importer(815301076,1909f56bfc062723c751e8b465ee728b)
Start importing Assets/Tree9/Tree9_leafs.mat using Guid(da780beb78a91484aa965294e12f428e) Importer(815301076,1909f56bfc062723c751e8b465ee728b) (PreviewImporter) -> (artifact id: '0c8e210c72be29b373944e91ace21462') in 0.0154546 seconds
Number of updated asset objects reloaded before import = 0Number of asset objects unloaded after import = 3

========================================================================
Received Import Request.
  Time since last request: 76.360416 seconds.
  path: Packages/com.unity.render-pipelines.core/Runtime/Debugging/Prefabs/Widgets/DebugUIBitField.prefab
  artifactKey: Guid(7c78b588b2e1f7c4a86ca4a985cf6e4a) Importer(815301076,1909f56bfc062723c751e8b465ee728b)
Start importing Packages/com.unity.render-pipelines.core/Runtime/Debugging/Prefabs/Widgets/DebugUIBitField.prefab using Guid(7c78b588b2e1f7c4a86ca4a985cf6e4a) Importer(815301076,1909f56bfc062723c751e8b465ee728b) (PreviewImporter) -> (artifact id: '0e58ba464beb7a6b658d3fb1aeb88eb1') in 0.1151725 seconds
Number of updated asset objects reloaded before import = 0Number of asset objects unloaded after import = 612

========================================================================
Received Import Request.
  Time since last request: 0.000062 seconds.
  path: Packages/com.unity.render-pipelines.core/Runtime/Debugging/Prefabs/Widgets/DebugUIEnumHistory.prefab
  artifactKey: Guid(b2da6b27df236b144b3516ed8e7d36ac) Importer(815301076,1909f56bfc062723c751e8b465ee728b)
Start importing Packages/com.unity.render-pipelines.core/Runtime/Debugging/Prefabs/Widgets/DebugUIEnumHistory.prefab using Guid(b2da6b27df236b144b3516ed8e7d36ac) Importer(815301076,1909f56bfc062723c751e8b465ee728b) (PreviewImporter) -> (artifact id: '05a1caef45ce936f7a0db455afc642fd') in 0.0098669 seconds
Number of updated asset objects reloaded before import = 0Number of asset objects unloaded after import = 15

========================================================================
Received Import Request.
  Time since last request: 0.000055 seconds.
  path: Packages/com.unity.render-pipelines.core/Runtime/Debugging/Prefabs/Widgets/DebugUIObjectPopupField.prefab
  artifactKey: Guid(48fb043c850cadc4a883b53785e14c6e) Importer(815301076,1909f56bfc062723c751e8b465ee728b)
Start importing Packages/com.unity.render-pipelines.core/Runtime/Debugging/Prefabs/Widgets/DebugUIObjectPopupField.prefab using Guid(48fb043c850cadc4a883b53785e14c6e) Importer(815301076,1909f56bfc062723c751e8b465ee728b) (PreviewImporter) -> (artifact id: '41e877bb3a47e188f80ce322cb45e842') in 0.0335026 seconds
Number of updated asset objects reloaded before import = 0Number of asset objects unloaded after import = 27

========================================================================
Received Import Request.
  Time since last request: 0.000032 seconds.
  path: Packages/com.unity.render-pipelines.core/Runtime/Debugging/Prefabs/Widgets/DebugUIToggleHistory.prefab
  artifactKey: Guid(5088d0220f0c4df439cf06c5c270eacb) Importer(815301076,1909f56bfc062723c751e8b465ee728b)
Start importing Packages/com.unity.render-pipelines.core/Runtime/Debugging/Prefabs/Widgets/DebugUIToggleHistory.prefab using Guid(5088d0220f0c4df439cf06c5c270eacb) Importer(815301076,1909f56bfc062723c751e8b465ee728b) (PreviewImporter) -> (artifact id: '5df32211ae8a63860215779848194adf') in 0.0064283 seconds
Number of updated asset objects reloaded before import = 0Number of asset objects unloaded after import = 24

========================================================================
Received Import Request.
  Time since last request: 0.000030 seconds.
  path: Packages/com.unity.render-pipelines.core/Runtime/Debugging/Prefabs/Widgets/DebugUIProgressBar.prefab
  artifactKey: Guid(d3770aaa3bbd8384aabab9ddd383e21e) Importer(815301076,1909f56bfc062723c751e8b465ee728b)
Start importing Packages/com.unity.render-pipelines.core/Runtime/Debugging/Prefabs/Widgets/DebugUIProgressBar.prefab using Guid(d3770aaa3bbd8384aabab9ddd383e21e) Importer(815301076,1909f56bfc062723c751e8b465ee728b) (PreviewImporter) -> (artifact id: '526eeca413f7f6e6fbdd73c3489cd85d') in 0.01061 seconds
Number of updated asset objects reloaded before import = 0Number of asset objects unloaded after import = 22

========================================================================
Received Import Request.
  Time since last request: 0.000028 seconds.
  path: Packages/com.unity.render-pipelines.core/Runtime/Debugging/Prefabs/Widgets/DebugUIFloatField.prefab
  artifactKey: Guid(d8c744701b43c864b88e7f8144e19bc5) Importer(815301076,1909f56bfc062723c751e8b465ee728b)
Start importing Packages/com.unity.render-pipelines.core/Runtime/Debugging/Prefabs/Widgets/DebugUIFloatField.prefab using Guid(d8c744701b43c864b88e7f8144e19bc5) Importer(815301076,1909f56bfc062723c751e8b465ee728b) (PreviewImporter) -> (artifact id: '2ee6ee6f8f033c950fb1d8ae2933c930') in 0.0077885 seconds
Number of updated asset objects reloaded before import = 0Number of asset objects unloaded after import = 37

========================================================================
Received Import Request.
  Time since last request: 0.000040 seconds.
  path: Packages/com.unity.render-pipelines.core/Runtime/Debugging/Prefabs/Widgets/DebugUIVector3.prefab
  artifactKey: Guid(94afea5f242d72547979595ba963f335) Importer(815301076,1909f56bfc062723c751e8b465ee728b)
Start importing Packages/com.unity.render-pipelines.core/Runtime/Debugging/Prefabs/Widgets/DebugUIVector3.prefab using Guid(94afea5f242d72547979595ba963f335) Importer(815301076,1909f56bfc062723c751e8b465ee728b) (PreviewImporter) -> (artifact id: '3205db402c8d2abeda03dfea45ca790d') in 0.0101143 seconds
Number of updated asset objects reloaded before import = 0Number of asset objects unloaded after import = 67

========================================================================
Received Import Request.
  Time since last request: 0.000070 seconds.
  path: Packages/com.unity.render-pipelines.core/Runtime/Debugging/Prefabs/Widgets/DebugUIObject.prefab
  artifactKey: Guid(a87cfaef648f17c41b568e842e068c51) Importer(815301076,1909f56bfc062723c751e8b465ee728b)
Start importing Packages/com.unity.render-pipelines.core/Runtime/Debugging/Prefabs/Widgets/DebugUIObject.prefab using Guid(a87cfaef648f17c41b568e842e068c51) Importer(815301076,1909f56bfc062723c751e8b465ee728b) (PreviewImporter) -> (artifact id: '14c1d7937bdc666e832c2da18bb7e939') in 0.0068472 seconds
Number of updated asset objects reloaded before import = 0Number of asset objects unloaded after import = 15

========================================================================
Received Import Request.
  Time since last request: 0.000039 seconds.
  path: Packages/com.unity.render-pipelines.core/Runtime/Debugging/Prefabs/Widgets/DebugUIVBox.prefab
  artifactKey: Guid(ca3e294656861a64b8aeeb9f916da0a9) Importer(815301076,1909f56bfc062723c751e8b465ee728b)
Start importing Packages/com.unity.render-pipelines.core/Runtime/Debugging/Prefabs/Widgets/DebugUIVBox.prefab using Guid(ca3e294656861a64b8aeeb9f916da0a9) Importer(815301076,1909f56bfc062723c751e8b465ee728b) (PreviewImporter) -> (artifact id: '3b54c0cac0071b1234f3cc3c3ffe4841') in 0.0055261 seconds
Number of updated asset objects reloaded before import = 0Number of asset objects unloaded after import = 8

========================================================================
Received Import Request.
  Time since last request: 0.000062 seconds.
  path: Packages/com.unity.render-pipelines.core/Runtime/Debugging/Prefabs/Widgets/DebugUIButton.prefab
  artifactKey: Guid(f6ce33b91f6ffe54cadacbf4bb112440) Importer(815301076,1909f56bfc062723c751e8b465ee728b)
Start importing Packages/com.unity.render-pipelines.core/Runtime/Debugging/Prefabs/Widgets/DebugUIButton.prefab using Guid(f6ce33b91f6ffe54cadacbf4bb112440) Importer(815301076,1909f56bfc062723c751e8b465ee728b) (PreviewImporter) -> (artifact id: '403461c66e7378bd4de296c4bcbb6760') in 0.0076063 seconds
Number of updated asset objects reloaded before import = 0Number of asset objects unloaded after import = 15

========================================================================
Received Import Request.
  Time since last request: 0.000035 seconds.
  path: Packages/com.unity.render-pipelines.core/Runtime/Debugging/Prefabs/Widgets/DebugUIEnumField.prefab
  artifactKey: Guid(988db55689193434fb0b3b89538f978f) Importer(815301076,1909f56bfc062723c751e8b465ee728b)
Start importing Packages/com.unity.render-pipelines.core/Runtime/Debugging/Prefabs/Widgets/DebugUIEnumField.prefab using Guid(988db55689193434fb0b3b89538f978f) Importer(815301076,1909f56bfc062723c751e8b465ee728b) (PreviewImporter) -> (artifact id: '985c2378e44f008df52d64d03e06e5bd') in 0.0049376 seconds
Number of updated asset objects reloaded before import = 0Number of asset objects unloaded after import = 27

========================================================================
Received Import Request.
  Time since last request: 0.000055 seconds.
  path: Packages/com.unity.render-pipelines.core/Runtime/Debugging/Prefabs/Widgets/DebugUIToggle.prefab
  artifactKey: Guid(ce347ad101f41ee4ab5c3fbc0ea447db) Importer(815301076,1909f56bfc062723c751e8b465ee728b)
Start importing Packages/com.unity.render-pipelines.core/Runtime/Debugging/Prefabs/Widgets/DebugUIToggle.prefab using Guid(ce347ad101f41ee4ab5c3fbc0ea447db) Importer(815301076,1909f56bfc062723c751e8b465ee728b) (PreviewImporter) -> (artifact id: '0a21851ecf55246adb0badcb9ace35a3') in 0.0071221 seconds
Number of updated asset objects reloaded before import = 0Number of asset objects unloaded after import = 24

========================================================================
Received Import Request.
  Time since last request: 0.000034 seconds.
  path: Packages/com.unity.render-pipelines.core/Runtime/Debugging/Prefabs/Widgets/DebugUIValueTuple.prefab
  artifactKey: Guid(a2148203dd960814ca5db0c293ceda35) Importer(815301076,1909f56bfc062723c751e8b465ee728b)
Start importing Packages/com.unity.render-pipelines.core/Runtime/Debugging/Prefabs/Widgets/DebugUIValueTuple.prefab using Guid(a2148203dd960814ca5db0c293ceda35) Importer(815301076,1909f56bfc062723c751e8b465ee728b) (PreviewImporter) -> (artifact id: '1183f3278c9489e5382e0d4c1871746a') in 0.0077796 seconds
Number of updated asset objects reloaded before import = 0Number of asset objects unloaded after import = 15

========================================================================
Received Import Request.
  Time since last request: 0.000043 seconds.
  path: Packages/com.unity.render-pipelines.core/Runtime/Debugging/Prefabs/Widgets/DebugUIValue.prefab
  artifactKey: Guid(dc0f88987826e6e48b1fe9c7c2b53a53) Importer(815301076,1909f56bfc062723c751e8b465ee728b)
Start importing Packages/com.unity.render-pipelines.core/Runtime/Debugging/Prefabs/Widgets/DebugUIValue.prefab using Guid(dc0f88987826e6e48b1fe9c7c2b53a53) Importer(815301076,1909f56bfc062723c751e8b465ee728b) (PreviewImporter) -> (artifact id: 'd98d2aaea28e0a6e27eba2a8d5cb5712') in 0.0099041 seconds
Number of updated asset objects reloaded before import = 0Number of asset objects unloaded after import = 15

========================================================================
Received Import Request.
  Time since last request: 0.000027 seconds.
  path: Packages/com.unity.render-pipelines.core/Runtime/Debugging/Prefabs/Widgets/DebugUIPanel.prefab
  artifactKey: Guid(daa46a58178a6ad41ae1ddc2dc7f856d) Importer(815301076,1909f56bfc062723c751e8b465ee728b)
Start importing Packages/com.unity.render-pipelines.core/Runtime/Debugging/Prefabs/Widgets/DebugUIPanel.prefab using Guid(daa46a58178a6ad41ae1ddc2dc7f856d) Importer(815301076,1909f56bfc062723c751e8b465ee728b) (PreviewImporter) -> (artifact id: '3186f1346264e5cfed942b2d565a57a4') in 0.0283847 seconds
Number of updated asset objects reloaded before import = 0Number of asset objects unloaded after import = 98

========================================================================
Received Import Request.
  Time since last request: 0.000034 seconds.
  path: Packages/com.unity.render-pipelines.core/Runtime/Debugging/Prefabs/Widgets/DebugUIObjectList.prefab
  artifactKey: Guid(ad83bc56407925d44a77a5bd01cd6783) Importer(815301076,1909f56bfc062723c751e8b465ee728b)
Start importing Packages/com.unity.render-pipelines.core/Runtime/Debugging/Prefabs/Widgets/DebugUIObjectList.prefab using Guid(ad83bc56407925d44a77a5bd01cd6783) Importer(815301076,1909f56bfc062723c751e8b465ee728b) (PreviewImporter) -> (artifact id: 'd043569c1651f17c5d7dc384ceaa614c') in 0.0071384 seconds
Number of updated asset objects reloaded before import = 0Number of asset objects unloaded after import = 27

========================================================================
Received Import Request.
  Time since last request: 0.000043 seconds.
  path: Packages/com.unity.render-pipelines.core/Runtime/Debugging/Prefabs/Widgets/DebugUIIntField.prefab
  artifactKey: Guid(ae00bb75e0cd5b04b8fe7fb4ab662629) Importer(815301076,1909f56bfc062723c751e8b465ee728b)
Start importing Packages/com.unity.render-pipelines.core/Runtime/Debugging/Prefabs/Widgets/DebugUIIntField.prefab using Guid(ae00bb75e0cd5b04b8fe7fb4ab662629) Importer(815301076,1909f56bfc062723c751e8b465ee728b) (PreviewImporter) -> (artifact id: '5212ca1da3881717f9cade00810a523e') in 0.009686 seconds
Number of updated asset objects reloaded before import = 0Number of asset objects unloaded after import = 37

========================================================================
Received Import Request.
  Time since last request: 0.000051 seconds.
  path: Packages/com.unity.render-pipelines.core/Runtime/Debugging/Prefabs/Widgets/DebugUIFoldout.prefab
  artifactKey: Guid(1c87ab2ce8b8b304d98fbe9a734b1f74) Importer(815301076,1909f56bfc062723c751e8b465ee728b)
Start importing Packages/com.unity.render-pipelines.core/Runtime/Debugging/Prefabs/Widgets/DebugUIFoldout.prefab using Guid(1c87ab2ce8b8b304d98fbe9a734b1f74) Importer(815301076,1909f56bfc062723c751e8b465ee728b) (PreviewImporter) -> (artifact id: 'f08d4be09c74a5a0164009e0c1bfc017') in 0.0142598 seconds
Number of updated asset objects reloaded before import = 0Number of asset objects unloaded after import = 34

========================================================================
Received Import Request.
  Time since last request: 0.000223 seconds.
  path: Packages/com.unity.render-pipelines.core/Runtime/Debugging/Prefabs/Widgets/DebugUIVector2.prefab
  artifactKey: Guid(326f7c58aed965d41bf7805a782d1e44) Importer(815301076,1909f56bfc062723c751e8b465ee728b)
Start importing Packages/com.unity.render-pipelines.core/Runtime/Debugging/Prefabs/Widgets/DebugUIVector2.prefab using Guid(326f7c58aed965d41bf7805a782d1e44) Importer(815301076,1909f56bfc062723c751e8b465ee728b) (PreviewImporter) -> (artifact id: 'e5b3ecff1b5ebe7d246d75e1f3767e2e') in 0.0100308 seconds
Number of updated asset objects reloaded before import = 0Number of asset objects unloaded after import = 56

========================================================================
Received Import Request.
  Time since last request: 0.000054 seconds.
  path: Packages/com.unity.render-pipelines.core/Runtime/Debugging/Prefabs/Widgets/DebugUIHandlerRenderingLayerField.prefab
  artifactKey: Guid(928d1ca04af80c84e8d5dabc18095d79) Importer(815301076,1909f56bfc062723c751e8b465ee728b)
Start importing Packages/com.unity.render-pipelines.core/Runtime/Debugging/Prefabs/Widgets/DebugUIHandlerRenderingLayerField.prefab using Guid(928d1ca04af80c84e8d5dabc18095d79) Importer(815301076,1909f56bfc062723c751e8b465ee728b) (PreviewImporter) -> (artifact id: '98f1c98fed53caeb4a053b4e3e1eb350') in 0.0228356 seconds
Number of updated asset objects reloaded before import = 0Number of asset objects unloaded after import = 612

========================================================================
Received Import Request.
  Time since last request: 35.512500 seconds.
  path: Assets/Tree9/Tree9_3.prefab
  artifactKey: Guid(8b2d47fdc2e25ac4f9721480a68bbefa) Importer(815301076,1909f56bfc062723c751e8b465ee728b)
Start importing Assets/Tree9/Tree9_3.prefab using Guid(8b2d47fdc2e25ac4f9721480a68bbefa) Importer(815301076,1909f56bfc062723c751e8b465ee728b) (PreviewImporter) -> (artifact id: '9bc088978b65edcfe3ff5f2504c8d562') in 0.1744616 seconds
Number of updated asset objects reloaded before import = 0Number of asset objects unloaded after import = 28

========================================================================
Received Import Request.
  Time since last request: 0.000159 seconds.
  path: Assets/Tree9/Tree9_4.prefab
  artifactKey: Guid(956bd2acf7aae244dac8fc20cf57858d) Importer(815301076,1909f56bfc062723c751e8b465ee728b)
Start importing Assets/Tree9/Tree9_4.prefab using Guid(956bd2acf7aae244dac8fc20cf57858d) Importer(815301076,1909f56bfc062723c751e8b465ee728b) (PreviewImporter) -> (artifact id: '5da25bbbc0d1b9c5af4a0220c8a723c9') in 0.1097632 seconds
Number of updated asset objects reloaded before import = 0Number of asset objects unloaded after import = 28

========================================================================
Received Import Request.
  Time since last request: 0.543465 seconds.
  path: Assets/Tree9/Tree9_2.prefab
  artifactKey: Guid(be878d9ea17907f4a8068678a5ce7908) Importer(2089858483,b0f066a214c2f5e87bad3c948f4d605d)
Start importing Assets/Tree9/Tree9_2.prefab using Guid(be878d9ea17907f4a8068678a5ce7908) Importer(2089858483,b0f066a214c2f5e87bad3c948f4d605d) (ScriptedImporter) -> (artifact id: 'be2fac72edd4e5c2de76fa095c9401c1') in 0.026989 seconds
Number of updated asset objects reloaded before import = 0Number of asset objects unloaded after import = 23

========================================================================
Received Import Request.
  Time since last request: 0.000069 seconds.
  path: Assets/Tree9/Tree9_leafs.mat
  artifactKey: Guid(da780beb78a91484aa965294e12f428e) Importer(2089858483,b0f066a214c2f5e87bad3c948f4d605d)
Start importing Assets/Tree9/Tree9_leafs.mat using Guid(da780beb78a91484aa965294e12f428e) Importer(2089858483,b0f066a214c2f5e87bad3c948f4d605d) (ScriptedImporter) -> (artifact id: '044036c48dc771271fb715b57eb508d9') in 0.0145008 seconds
Number of updated asset objects reloaded before import = 0Number of asset objects unloaded after import = 3

========================================================================
Received Import Request.
  Time since last request: 0.000083 seconds.
  path: Assets/Tree9/Tree9_3.prefab
  artifactKey: Guid(8b2d47fdc2e25ac4f9721480a68bbefa) Importer(2089858483,b0f066a214c2f5e87bad3c948f4d605d)
Start importing Assets/Tree9/Tree9_3.prefab using Guid(8b2d47fdc2e25ac4f9721480a68bbefa) Importer(2089858483,b0f066a214c2f5e87bad3c948f4d605d) (ScriptedImporter) -> (artifact id: 'b637909e9281454ad0b5b2325dd5ecdd') in 0.0613642 seconds
Number of updated asset objects reloaded before import = 0Number of asset objects unloaded after import = 23

========================================================================
Received Import Request.
  Time since last request: 0.000108 seconds.
  path: Assets/Tree9/Tree9_5.prefab
  artifactKey: Guid(9b8fc966f95ea9c4194dc091fc40b478) Importer(2089858483,b0f066a214c2f5e87bad3c948f4d605d)
Start importing Assets/Tree9/Tree9_5.prefab using Guid(9b8fc966f95ea9c4194dc091fc40b478) Importer(2089858483,b0f066a214c2f5e87bad3c948f4d605d) (ScriptedImporter) -> (artifact id: 'f0d75a8622bdf6aa9f20b2afbe443eb0') in 0.0488722 seconds
Number of updated asset objects reloaded before import = 0Number of asset objects unloaded after import = 23

========================================================================
Received Import Request.
  Time since last request: 26.820143 seconds.
  path: Assets/Tree9/Tree9_Leaf.fbx
  artifactKey: Guid(1de95aafaed1b594b88a317c6a6ac028) Importer(815301076,1909f56bfc062723c751e8b465ee728b)
Start importing Assets/Tree9/Tree9_Leaf.fbx using Guid(1de95aafaed1b594b88a317c6a6ac028) Importer(815301076,1909f56bfc062723c751e8b465ee728b) (PreviewImporter) -> (artifact id: '2a7e99b1a0991cb3e5a20ca08b8a9d30') in 0.0580151 seconds
Number of updated asset objects reloaded before import = 0Number of asset objects unloaded after import = 10

========================================================================
Received Import Request.
  Time since last request: 540.405050 seconds.
  path: Assets/Cielo/_AllSkyFreeDemoEnvironment/Materials/TreeTrunk.mat
  artifactKey: Guid(dc9d37fb6d953b24caf7bbc0e0c18d94) Importer(815301076,1909f56bfc062723c751e8b465ee728b)
Start importing Assets/Cielo/_AllSkyFreeDemoEnvironment/Materials/TreeTrunk.mat using Guid(dc9d37fb6d953b24caf7bbc0e0c18d94) Importer(815301076,1909f56bfc062723c751e8b465ee728b) (PreviewImporter) -> (artifact id: '4b828c2b0671bf4537c590dd0575d9e2') in 0.1139468 seconds
Number of updated asset objects reloaded before import = 0Number of asset objects unloaded after import = 1

========================================================================
Received Import Request.
  Time since last request: 0.000110 seconds.
  path: Assets/JP Environmental Asset Pack/Textures/Tree 1/Materials/Tree 1 Branchs.mat
  artifactKey: Guid(9a181cccce7b1ee4296da4b171a11ac5) Importer(815301076,1909f56bfc062723c751e8b465ee728b)
Start importing Assets/JP Environmental Asset Pack/Textures/Tree 1/Materials/Tree 1 Branchs.mat using Guid(9a181cccce7b1ee4296da4b171a11ac5) Importer(815301076,1909f56bfc062723c751e8b465ee728b) (PreviewImporter) -> (artifact id: '393d15941072f716ca46dbdf65de1381') in 0.0225821 seconds
Number of updated asset objects reloaded before import = 0Number of asset objects unloaded after import = 1

========================================================================
Received Import Request.
  Time since last request: 0.000104 seconds.
  path: Assets/JP Environmental Asset Pack/Textures/Tree 1/Materials/Tree 1 RFS_DefaultMaterial_AlbedoTransparency.mat
  artifactKey: Guid(c84e3fecca981f84997ce0431207e515) Importer(815301076,1909f56bfc062723c751e8b465ee728b)
Start importing Assets/JP Environmental Asset Pack/Textures/Tree 1/Materials/Tree 1 RFS_DefaultMaterial_AlbedoTransparency.mat using Guid(c84e3fecca981f84997ce0431207e515) Importer(815301076,1909f56bfc062723c751e8b465ee728b) (PreviewImporter) -> (artifact id: 'b72ff29b0f4e871566296cfe2a567a7a') in 0.0244496 seconds
Number of updated asset objects reloaded before import = 0Number of asset objects unloaded after import = 1

========================================================================
Received Import Request.
  Time since last request: 0.042006 seconds.
  path: Assets/First_Person/FirstPersonControllerPro/Materials/Spawn.mat
  artifactKey: Guid(fc4f0b615a4abb443b55b6c847d909a6) Importer(815301076,1909f56bfc062723c751e8b465ee728b)
Start importing Assets/First_Person/FirstPersonControllerPro/Materials/Spawn.mat using Guid(fc4f0b615a4abb443b55b6c847d909a6) Importer(815301076,1909f56bfc062723c751e8b465ee728b) (PreviewImporter) -> (artifact id: 'dbe4e13f954565c515ee3ec495fe2425') in 0.0368824 seconds
Number of updated asset objects reloaded before import = 0Number of asset objects unloaded after import = 2

========================================================================
Received Import Request.
  Time since last request: 0.000041 seconds.
  path: Assets/Slender/Slender/Materials/Suit.mat
  artifactKey: Guid(994192d0dfec4c93a89bb23ae19a756f) Importer(815301076,1909f56bfc062723c751e8b465ee728b)
Start importing Assets/Slender/Slender/Materials/Suit.mat using Guid(994192d0dfec4c93a89bb23ae19a756f) Importer(815301076,1909f56bfc062723c751e8b465ee728b) (PreviewImporter) -> (artifact id: 'e1b35c642c5800c4cddc2a1f34bb4148') in 7.5486807 seconds
Number of updated asset objects reloaded before import = 0Number of asset objects unloaded after import = 5

========================================================================
Received Import Request.
  Time since last request: 0.000098 seconds.
  path: Assets/First_Person/FirstPersonControllerPro/Materials/baseboards.mat
  artifactKey: Guid(975bd4659596b434591ca1bc5250e210) Importer(815301076,1909f56bfc062723c751e8b465ee728b)
Start importing Assets/First_Person/FirstPersonControllerPro/Materials/baseboards.mat using Guid(975bd4659596b434591ca1bc5250e210) Importer(815301076,1909f56bfc062723c751e8b465ee728b) (PreviewImporter) -> (artifact id: '93850533bcd7b97d97649b6b924c8ea2') in 0.041942 seconds
Number of updated asset objects reloaded before import = 0Number of asset objects unloaded after import = 1

========================================================================
Received Import Request.
  Time since last request: 0.000050 seconds.
  path: Assets/Cielo/_AllSkyFreeDemoEnvironment/Materials/AllSkyDemoEnv_TreeTrunk.mat
  artifactKey: Guid(52d55542834f2465eb9aed460fd370de) Importer(815301076,1909f56bfc062723c751e8b465ee728b)
Start importing Assets/Cielo/_AllSkyFreeDemoEnvironment/Materials/AllSkyDemoEnv_TreeTrunk.mat using Guid(52d55542834f2465eb9aed460fd370de) Importer(815301076,1909f56bfc062723c751e8b465ee728b) (PreviewImporter) -> (artifact id: 'f23b172ce0550c615981aeff178a87e1') in 0.027598 seconds
Number of updated asset objects reloaded before import = 0Number of asset objects unloaded after import = 1

========================================================================
Received Import Request.
  Time since last request: 0.000046 seconds.
  path: Assets/Slender/Example/Environment/Materials/Branches.mat
  artifactKey: Guid(6d6d3b63780b4617a0dc5006fa5ccb29) Importer(815301076,1909f56bfc062723c751e8b465ee728b)
Start importing Assets/Slender/Example/Environment/Materials/Branches.mat using Guid(6d6d3b63780b4617a0dc5006fa5ccb29) Importer(815301076,1909f56bfc062723c751e8b465ee728b) (PreviewImporter) -> (artifact id: '6bdf476345b2004d1df202f2091f9047') in 0.0469415 seconds
Number of updated asset objects reloaded before import = 0Number of asset objects unloaded after import = 3

========================================================================
Received Import Request.
  Time since last request: 0.000108 seconds.
  path: Assets/Cielo/_AllSkyFreeDemoEnvironment/Materials/AllSkyDemoEnv_TreeLeaves.mat
  artifactKey: Guid(2f31f4440de60444b8dd94d4d64b3c00) Importer(815301076,1909f56bfc062723c751e8b465ee728b)
Start importing Assets/Cielo/_AllSkyFreeDemoEnvironment/Materials/AllSkyDemoEnv_TreeLeaves.mat using Guid(2f31f4440de60444b8dd94d4d64b3c00) Importer(815301076,1909f56bfc062723c751e8b465ee728b) (PreviewImporter) -> (artifact id: 'cf7168607dea9c8da6cb28f8b4b6b40b') in 0.0183477 seconds
Number of updated asset objects reloaded before import = 0Number of asset objects unloaded after import = 1

========================================================================
Received Import Request.
  Time since last request: 0.000043 seconds.
  path: Assets/JP Environmental Asset Pack/Textures/Tree 2/Materials/Dead Tree 2 RFS_Tree 1 Mat_AlbedoTransparency.mat
  artifactKey: Guid(1b003621a7cfbb0478028632103f94c5) Importer(815301076,1909f56bfc062723c751e8b465ee728b)
Start importing Assets/JP Environmental Asset Pack/Textures/Tree 2/Materials/Dead Tree 2 RFS_Tree 1 Mat_AlbedoTransparency.mat using Guid(1b003621a7cfbb0478028632103f94c5) Importer(815301076,1909f56bfc062723c751e8b465ee728b) (PreviewImporter) -> (artifact id: '3beefce609b1e5d6a5c7b4e14991328b') in 0.0220477 seconds
Number of updated asset objects reloaded before import = 0Number of asset objects unloaded after import = 1

========================================================================
Received Import Request.
  Time since last request: 0.000038 seconds.
  path: Assets/Slender/Example/Environment/Materials/Bark.mat
  artifactKey: Guid(88b7b2d21690425b9ed4ca5f4388cf09) Importer(815301076,1909f56bfc062723c751e8b465ee728b)
Start importing Assets/Slender/Example/Environment/Materials/Bark.mat using Guid(88b7b2d21690425b9ed4ca5f4388cf09) Importer(815301076,1909f56bfc062723c751e8b465ee728b) (PreviewImporter) -> (artifact id: '249470448966f6620c352528c045d2be') in 0.0357145 seconds
Number of updated asset objects reloaded before import = 0Number of asset objects unloaded after import = 4

========================================================================
Received Import Request.
  Time since last request: 0.000041 seconds.
  path: Assets/Cielo/_AllSkyFreeDemoEnvironment/Materials/AllSkyDemoEnv_Landscape.mat
  artifactKey: Guid(010dd68491d1d4a1692a6d2272e5cb69) Importer(815301076,1909f56bfc062723c751e8b465ee728b)
Start importing Assets/Cielo/_AllSkyFreeDemoEnvironment/Materials/AllSkyDemoEnv_Landscape.mat using Guid(010dd68491d1d4a1692a6d2272e5cb69) Importer(815301076,1909f56bfc062723c751e8b465ee728b) (PreviewImporter) -> (artifact id: 'd356c5d1d80224f469291a711f2ff968') in 5.5471086 seconds
Number of updated asset objects reloaded before import = 0Number of asset objects unloaded after import = 1

========================================================================
Received Import Request.
  Time since last request: 59.264452 seconds.
  path: Assets/Tree9/Tree9_1_Textures/Materials/normal_specular.mat
  artifactKey: Guid(d2a4d7848bb057640993a24f640e4ffc) Importer(2089858483,b0f066a214c2f5e87bad3c948f4d605d)
Start importing Assets/Tree9/Tree9_1_Textures/Materials/normal_specular.mat using Guid(d2a4d7848bb057640993a24f640e4ffc) Importer(2089858483,b0f066a214c2f5e87bad3c948f4d605d) (ScriptedImporter) -> (artifact id: '4969e794d0d22c179e01f3440252dd81') in 0.0511381 seconds
Number of updated asset objects reloaded before import = 0Number of asset objects unloaded after import = 2

========================================================================
Received Import Request.
  Time since last request: 227.129670 seconds.
  path: Assets/Tree9/Tree9_3.prefab
  artifactKey: Guid(8b2d47fdc2e25ac4f9721480a68bbefa) Importer(2089858483,b0f066a214c2f5e87bad3c948f4d605d)
Start importing Assets/Tree9/Tree9_3.prefab using Guid(8b2d47fdc2e25ac4f9721480a68bbefa) Importer(2089858483,b0f066a214c2f5e87bad3c948f4d605d) (ScriptedImporter) -> (artifact id: '9a4018928a4705bb34d92c26866aebf2') in 0.0920426 seconds
Number of updated asset objects reloaded before import = 0Number of asset objects unloaded after import = 25

========================================================================
Received Import Request.
  Time since last request: 155.878059 seconds.
  path: Assets/Arboles/Tree9_3 Variant.prefab
  artifactKey: Guid(9fd2c5230331aa348a52fec210133508) Importer(815301076,1909f56bfc062723c751e8b465ee728b)
Start importing Assets/Arboles/Tree9_3 Variant.prefab using Guid(9fd2c5230331aa348a52fec210133508) Importer(815301076,1909f56bfc062723c751e8b465ee728b) (PreviewImporter) -> (artifact id: 'd10f513235ca1f287670756e82fd7f42') in 0.0792776 seconds
Number of updated asset objects reloaded before import = 0Number of asset objects unloaded after import = 15

========================================================================
Received Prepare
Begin MonoManager ReloadAssembly
[Licensing::Client] Successfully resolved entitlement details
- Loaded All Assemblies, in  4.067 seconds
Refreshing native plugins compatible for Editor in 2.97 ms, found 3 plugins.
Native extension for WindowsStandalone target not found
Native extension for WebGL target not found
[Package Manager] Failed to launch server process. Reason: Unity was launched with the -noUpm command-line argument
[Package Manager] Unable to send message (not connected to server process).
[Package Manager] Cannot connect to Unity Package Manager local server
ScheduleIndexationOnStartup MainProcess:False IndexOnStartup:True
Mono: successfully reloaded assembly
- Finished resetting the current domain, in  1.248 seconds
Domain Reload Profiling: 5349ms
	BeginReloadAssembly (1452ms)
		ExecutionOrderSort (1ms)
		DisableScriptedObjects (267ms)
		BackupInstance (0ms)
		ReleaseScriptingObjects (3ms)
		CreateAndSetChildDomain (498ms)
	RebuildCommonClasses (68ms)
	RebuildNativeTypeToScriptingClass (24ms)
	initialDomainReloadingComplete (67ms)
	LoadAllAssembliesAndSetupDomain (2489ms)
		LoadAssemblies (1730ms)
		RebuildTransferFunctionScriptingTraits (0ms)
		AnalyzeDomain (1104ms)
			TypeCache.Refresh (255ms)
				TypeCache.ScanAssembly (9ms)
			BuildScriptInfoCaches (801ms)
			ResolveRequiredComponents (21ms)
	FinalizeReload (1249ms)
		ReleaseScriptCaches (0ms)
		RebuildScriptCaches (0ms)
		SetupLoadedEditorAssemblies (979ms)
			LogAssemblyErrors (0ms)
			InitializePlatformSupportModulesInManaged (5ms)
			SetLoadedEditorAssemblies (11ms)
			BeforeProcessingInitializeOnLoad (393ms)
			ProcessInitializeOnLoadAttributes (484ms)
			ProcessInitializeOnLoadMethodAttributes (78ms)
			AfterProcessingInitializeOnLoad (6ms)
			EditorAssembliesLoaded (1ms)
		ExecutionOrderSort2 (0ms)
		AwakeInstancesAfterBackupRestoration (22ms)
Refreshing native plugins compatible for Editor in 1.15 ms, found 3 plugins.
Preloading 0 native plugins for Editor in 0.00 ms.
Unloading 83 Unused Serialized files (Serialized files now loaded: 0)
Unloading 6309 unused Assets / (12.7 MB). Loaded Objects now: 7224.
Memory consumption went from 175.1 MB to 162.5 MB.
Total: 21.400300 ms (FindLiveObjects: 1.408000 ms CreateObjectMapping: 0.792700 ms MarkObjects: 10.404200 ms  DeleteObjects: 8.792900 ms)

Prepare: number of updated asset objects reloaded= 0
========================================================================
Received Import Request.
  Time since last request: 80.442394 seconds.
  path: Assets/Tree_Packs/URP_Tree_Pack/Prefabs/URP_Tree_2.prefab
  artifactKey: Guid(40cc2dd6b744b344a9a4ea56076c47fb) Importer(815301076,1909f56bfc062723c751e8b465ee728b)
Start importing Assets/Tree_Packs/URP_Tree_Pack/Prefabs/URP_Tree_2.prefab using Guid(40cc2dd6b744b344a9a4ea56076c47fb) Importer(815301076,1909f56bfc062723c751e8b465ee728b) (PreviewImporter) -> (artifact id: '7d1f956eb5f42e60c7630492f7431e71') in 7.3201487 seconds
Number of updated asset objects reloaded before import = 0Number of asset objects unloaded after import = 29

========================================================================
Received Import Request.
  Time since last request: 0.000107 seconds.
  path: Assets/Tree_Packs/URP_Tree_Pack/Prefabs/URP_Tree_3.prefab
  artifactKey: Guid(af90fe2f0f252bf4b8c2ab79bcd41edf) Importer(815301076,1909f56bfc062723c751e8b465ee728b)
Start importing Assets/Tree_Packs/URP_Tree_Pack/Prefabs/URP_Tree_3.prefab using Guid(af90fe2f0f252bf4b8c2ab79bcd41edf) Importer(815301076,1909f56bfc062723c751e8b465ee728b) (PreviewImporter) -> (artifact id: 'f20b45b5e4d562405e112addc4b588b7') in 0.0428687 seconds
Number of updated asset objects reloaded before import = 0Number of asset objects unloaded after import = 29

========================================================================
Received Prepare
Begin MonoManager ReloadAssembly
[Licensing::Client] Successfully resolved entitlement details
- Loaded All Assemblies, in  1.155 seconds
Refreshing native plugins compatible for Editor in 1.00 ms, found 3 plugins.
Native extension for WindowsStandalone target not found
Native extension for WebGL target not found
[Package Manager] Failed to launch server process. Reason: Unity was launched with the -noUpm command-line argument
[Package Manager] Unable to send message (not connected to server process).
[Package Manager] Cannot connect to Unity Package Manager local server
ScheduleIndexationOnStartup MainProcess:False IndexOnStartup:True
Mono: successfully reloaded assembly
- Finished resetting the current domain, in  1.125 seconds
Domain Reload Profiling: 2284ms
	BeginReloadAssembly (381ms)
		ExecutionOrderSort (0ms)
		DisableScriptedObjects (54ms)
		BackupInstance (0ms)
		ReleaseScriptingObjects (0ms)
		CreateAndSetChildDomain (109ms)
	RebuildCommonClasses (47ms)
	RebuildNativeTypeToScriptingClass (14ms)
	initialDomainReloadingComplete (32ms)
	LoadAllAssembliesAndSetupDomain (684ms)
		LoadAssemblies (586ms)
		RebuildTransferFunctionScriptingTraits (0ms)
		AnalyzeDomain (232ms)
			TypeCache.Refresh (10ms)
				TypeCache.ScanAssembly (0ms)
			BuildScriptInfoCaches (199ms)
			ResolveRequiredComponents (14ms)
	FinalizeReload (1126ms)
		ReleaseScriptCaches (0ms)
		RebuildScriptCaches (0ms)
		SetupLoadedEditorAssemblies (905ms)
			LogAssemblyErrors (0ms)
			InitializePlatformSupportModulesInManaged (4ms)
			SetLoadedEditorAssemblies (7ms)
			BeforeProcessingInitializeOnLoad (286ms)
			ProcessInitializeOnLoadAttributes (533ms)
			ProcessInitializeOnLoadMethodAttributes (69ms)
			AfterProcessingInitializeOnLoad (6ms)
			EditorAssembliesLoaded (0ms)
		ExecutionOrderSort2 (0ms)
		AwakeInstancesAfterBackupRestoration (18ms)
Refreshing native plugins compatible for Editor in 1.11 ms, found 3 plugins.
Preloading 0 native plugins for Editor in 0.00 ms.
Unloading 83 Unused Serialized files (Serialized files now loaded: 0)
Unloading 6304 unused Assets / (11.2 MB). Loaded Objects now: 7247.
Memory consumption went from 175.0 MB to 163.8 MB.
Total: 33.911700 ms (FindLiveObjects: 2.193000 ms CreateObjectMapping: 1.470400 ms MarkObjects: 11.601600 ms  DeleteObjects: 18.644200 ms)

Prepare: number of updated asset objects reloaded= 0
========================================================================
Received Prepare
Begin MonoManager ReloadAssembly
[Licensing::Client] Successfully resolved entitlement details
- Loaded All Assemblies, in  3.744 seconds
Refreshing native plugins compatible for Editor in 1.22 ms, found 3 plugins.
Native extension for WindowsStandalone target not found
Native extension for WebGL target not found
[Package Manager] Failed to launch server process. Reason: Unity was launched with the -noUpm command-line argument
[Package Manager] Unable to send message (not connected to server process).
[Package Manager] Cannot connect to Unity Package Manager local server
ScheduleIndexationOnStartup MainProcess:False IndexOnStartup:True
Mono: successfully reloaded assembly
- Finished resetting the current domain, in  0.996 seconds
Domain Reload Profiling: 4772ms
	BeginReloadAssembly (1781ms)
		ExecutionOrderSort (4ms)
		DisableScriptedObjects (197ms)
		BackupInstance (0ms)
		ReleaseScriptingObjects (4ms)
		CreateAndSetChildDomain (624ms)
	RebuildCommonClasses (68ms)
	RebuildNativeTypeToScriptingClass (14ms)
	initialDomainReloadingComplete (77ms)
	LoadAllAssembliesAndSetupDomain (1835ms)
		LoadAssemblies (1505ms)
		RebuildTransferFunctionScriptingTraits (0ms)
		AnalyzeDomain (586ms)
			TypeCache.Refresh (78ms)
				TypeCache.ScanAssembly (4ms)
			BuildScriptInfoCaches (464ms)
			ResolveRequiredComponents (23ms)
	FinalizeReload (996ms)
		ReleaseScriptCaches (0ms)
		RebuildScriptCaches (0ms)
		SetupLoadedEditorAssemblies (793ms)
			LogAssemblyErrors (0ms)
			InitializePlatformSupportModulesInManaged (3ms)
			SetLoadedEditorAssemblies (7ms)
			BeforeProcessingInitializeOnLoad (187ms)
			ProcessInitializeOnLoadAttributes (479ms)
			ProcessInitializeOnLoadMethodAttributes (111ms)
			AfterProcessingInitializeOnLoad (5ms)
			EditorAssembliesLoaded (1ms)
		ExecutionOrderSort2 (0ms)
		AwakeInstancesAfterBackupRestoration (22ms)
Refreshing native plugins compatible for Editor in 1.02 ms, found 3 plugins.
Preloading 0 native plugins for Editor in 0.00 ms.
Unloading 88 Unused Serialized files (Serialized files now loaded: 0)
Unloading 6315 unused Assets / (25.8 MB). Loaded Objects now: 7257.
Memory consumption went from 188.6 MB to 162.8 MB.
Total: 21.843800 ms (FindLiveObjects: 2.728900 ms CreateObjectMapping: 1.067600 ms MarkObjects: 8.839000 ms  DeleteObjects: 9.206000 ms)

Prepare: number of updated asset objects reloaded= 0
========================================================================
Received Import Request.
  Time since last request: 306.131127 seconds.
  path: Assets/Tree_Packs/URP_Tree_Pack/Settings
  artifactKey: Guid(c1dc9f3e2ea351541affae0c81b66467) Importer(2089858483,b0f066a214c2f5e87bad3c948f4d605d)
Start importing Assets/Tree_Packs/URP_Tree_Pack/Settings using Guid(c1dc9f3e2ea351541affae0c81b66467) Importer(2089858483,b0f066a214c2f5e87bad3c948f4d605d) (ScriptedImporter) -> (artifact id: '0d531f05f60ef94376328c57b362a45e') in 0.2964686 seconds
Number of updated asset objects reloaded before import = 0Number of asset objects unloaded after import = 1

========================================================================
Received Import Request.
  Time since last request: 0.000044 seconds.
  path: Assets/ALP_Assets/Big Oak Tree FREE/Models/Textures/BigOakBillboard01.tif
  artifactKey: Guid(1883fac2a09401945b4d1b5f0c903f5e) Importer(2089858483,b0f066a214c2f5e87bad3c948f4d605d)
Start importing Assets/ALP_Assets/Big Oak Tree FREE/Models/Textures/BigOakBillboard01.tif using Guid(1883fac2a09401945b4d1b5f0c903f5e) Importer(2089858483,b0f066a214c2f5e87bad3c948f4d605d) (ScriptedImporter) -> (artifact id: 'ee70a208dd2ecbc876dd33d909add6e5') in 0.1663891 seconds
Number of updated asset objects reloaded before import = 0Number of asset objects unloaded after import = 1

========================================================================
Received Import Request.
  Time since last request: 0.000067 seconds.
  path: Assets/Tree_Packs/URP_Tree_Pack/Textures/Trunk/URP_1_Trunk.png
  artifactKey: Guid(f0d57a37de5c6934f8dfad8f6652b86d) Importer(2089858483,b0f066a214c2f5e87bad3c948f4d605d)
Start importing Assets/Tree_Packs/URP_Tree_Pack/Textures/Trunk/URP_1_Trunk.png using Guid(f0d57a37de5c6934f8dfad8f6652b86d) Importer(2089858483,b0f066a214c2f5e87bad3c948f4d605d) (ScriptedImporter) -> (artifact id: '7cd2d25d7a55cca45446d6f62d519712') in 0.0278684 seconds
Number of updated asset objects reloaded before import = 0Number of asset objects unloaded after import = 1

========================================================================
Received Import Request.
  Time since last request: 0.000022 seconds.
  path: Assets/Tree_Packs/URP_Tree_Pack/Settings/SampleSceneProfile.asset
  artifactKey: Guid(acae3a13020e22e45bc0cbc8bb127d7e) Importer(2089858483,b0f066a214c2f5e87bad3c948f4d605d)
Start importing Assets/Tree_Packs/URP_Tree_Pack/Settings/SampleSceneProfile.asset using Guid(acae3a13020e22e45bc0cbc8bb127d7e) Importer(2089858483,b0f066a214c2f5e87bad3c948f4d605d) (ScriptedImporter) -> (artifact id: '26b47d0efdea9a1b83d7257f8021b1a0') in 0.0232331 seconds
Number of updated asset objects reloaded before import = 0Number of asset objects unloaded after import = 4

========================================================================
Received Import Request.
  Time since last request: 0.000025 seconds.
  path: Assets/Tree_Packs/URP_Tree_Pack/Models/URP_Tree_1/URP_Tree_1_LOD_3.fbx
  artifactKey: Guid(690b2391c32f7744eb70ac3f0795c1eb) Importer(2089858483,b0f066a214c2f5e87bad3c948f4d605d)
Start importing Assets/Tree_Packs/URP_Tree_Pack/Models/URP_Tree_1/URP_Tree_1_LOD_3.fbx using Guid(690b2391c32f7744eb70ac3f0795c1eb) Importer(2089858483,b0f066a214c2f5e87bad3c948f4d605d) (ScriptedImporter) -> (artifact id: '65710ecc6fea2c9fa2cee46d9f6cd485') in 0.080711 seconds
Number of updated asset objects reloaded before import = 0Number of asset objects unloaded after import = 9

========================================================================
Received Import Request.
  Time since last request: 0.000028 seconds.
  path: Assets/Tree_Packs/URP_Tree_Pack/Models/URP_Tree_3/URP_Tree_3_LOD_1.fbx
  artifactKey: Guid(fc71d47d7a4d9574bb7aaccbb2585322) Importer(2089858483,b0f066a214c2f5e87bad3c948f4d605d)
Start importing Assets/Tree_Packs/URP_Tree_Pack/Models/URP_Tree_3/URP_Tree_3_LOD_1.fbx using Guid(fc71d47d7a4d9574bb7aaccbb2585322) Importer(2089858483,b0f066a214c2f5e87bad3c948f4d605d) (ScriptedImporter) -> (artifact id: 'fcc79f8c099020700a720bf48c88093d') in 0.1238733 seconds
Number of updated asset objects reloaded before import = 0Number of asset objects unloaded after import = 9

========================================================================
Received Import Request.
  Time since last request: 0.000073 seconds.
  path: Assets/ALP_Assets/Big Oak Tree FREE/Models/Textures/barkOak001_AO.png
  artifactKey: Guid(3e9201b8a410c324b867198c762b5d0f) Importer(2089858483,b0f066a214c2f5e87bad3c948f4d605d)
Start importing Assets/ALP_Assets/Big Oak Tree FREE/Models/Textures/barkOak001_AO.png using Guid(3e9201b8a410c324b867198c762b5d0f) Importer(2089858483,b0f066a214c2f5e87bad3c948f4d605d) (ScriptedImporter) -> (artifact id: '22836c43ccdbd00e61127fcbcd71b2e5') in 0.0664649 seconds
Number of updated asset objects reloaded before import = 0Number of asset objects unloaded after import = 1

========================================================================
Received Import Request.
  Time since last request: 0.000060 seconds.
  path: Assets/ALP_Assets/Big Oak Tree FREE/Scenes/BigOakScene.unity
  artifactKey: Guid(323343e8c30d67342ab1793fb477607f) Importer(2089858483,b0f066a214c2f5e87bad3c948f4d605d)
Start importing Assets/ALP_Assets/Big Oak Tree FREE/Scenes/BigOakScene.unity using Guid(323343e8c30d67342ab1793fb477607f) Importer(2089858483,b0f066a214c2f5e87bad3c948f4d605d) (ScriptedImporter) -> (artifact id: '74e9f02cf345f37abf6c4bd25c6571e7') in 0.005987 seconds
Number of updated asset objects reloaded before import = 0Number of asset objects unloaded after import = 1

========================================================================
Received Import Request.
  Time since last request: 0.000032 seconds.
  path: Assets/Tree_Packs/URP_Tree_Pack/Doc/1_Readme.txt
  artifactKey: Guid(11bed03e83f28874094ffca65f9694e3) Importer(2089858483,b0f066a214c2f5e87bad3c948f4d605d)
Start importing Assets/Tree_Packs/URP_Tree_Pack/Doc/1_Readme.txt using Guid(11bed03e83f28874094ffca65f9694e3) Importer(2089858483,b0f066a214c2f5e87bad3c948f4d605d) (ScriptedImporter) -> (artifact id: 'b8f7a3a6ea20fade311852607a40b08a') in 0.0062866 seconds
Number of updated asset objects reloaded before import = 0Number of asset objects unloaded after import = 1

========================================================================
Received Import Request.
  Time since last request: 0.000026 seconds.
  path: Assets/Tree_Packs/URP_Tree_Pack/Models/URP_Tree_3/Materials/Trunk.mat
  artifactKey: Guid(5655676b4ccb058459a052006cc68695) Importer(2089858483,b0f066a214c2f5e87bad3c948f4d605d)
Start importing Assets/Tree_Packs/URP_Tree_Pack/Models/URP_Tree_3/Materials/Trunk.mat using Guid(5655676b4ccb058459a052006cc68695) Importer(2089858483,b0f066a214c2f5e87bad3c948f4d605d) (ScriptedImporter) -> (artifact id: 'd91c0a1c641bbc45fb36ca3fd8b69a80') in 0.046106 seconds
Number of updated asset objects reloaded before import = 0Number of asset objects unloaded after import = 2

========================================================================
Received Import Request.
  Time since last request: 0.000048 seconds.
  path: Assets/ALP_Assets/Big Oak Tree FREE/Models/Textures
  artifactKey: Guid(e20899b682a24294983f8a0ca9b4b08b) Importer(2089858483,b0f066a214c2f5e87bad3c948f4d605d)
Start importing Assets/ALP_Assets/Big Oak Tree FREE/Models/Textures using Guid(e20899b682a24294983f8a0ca9b4b08b) Importer(2089858483,b0f066a214c2f5e87bad3c948f4d605d) (ScriptedImporter) -> (artifact id: 'a953c9e24e1d4c2f2a16b7205c09e817') in 0.0073275 seconds
Number of updated asset objects reloaded before import = 0Number of asset objects unloaded after import = 1

========================================================================
Received Import Request.
  Time since last request: 0.000037 seconds.
  path: Assets/ALP_Assets/Big Oak Tree FREE
  artifactKey: Guid(5940ab29e102975419588524b8041c44) Importer(2089858483,b0f066a214c2f5e87bad3c948f4d605d)
Start importing Assets/ALP_Assets/Big Oak Tree FREE using Guid(5940ab29e102975419588524b8041c44) Importer(2089858483,b0f066a214c2f5e87bad3c948f4d605d) (ScriptedImporter) -> (artifact id: 'f068382651f415e89b5f7f5a64fb1d98') in 0.0073886 seconds
Number of updated asset objects reloaded before import = 0Number of asset objects unloaded after import = 1

========================================================================
Received Import Request.
  Time since last request: 0.000037 seconds.
  path: Assets/ALP_Assets/Big Oak Tree FREE/Shaders/ALP Cutout Translucency Wind.shader
  artifactKey: Guid(eee2400ecc6f042448341f68f711a01e) Importer(2089858483,b0f066a214c2f5e87bad3c948f4d605d)
Start importing Assets/ALP_Assets/Big Oak Tree FREE/Shaders/ALP Cutout Translucency Wind.shader using Guid(eee2400ecc6f042448341f68f711a01e) Importer(2089858483,b0f066a214c2f5e87bad3c948f4d605d) (ScriptedImporter) -> (artifact id: 'f4019d59b916550fc3dff706e82b7444') in 0.0237067 seconds
Number of updated asset objects reloaded before import = 0Number of asset objects unloaded after import = 1

========================================================================
Received Import Request.
  Time since last request: 0.000025 seconds.
  path: Assets/ALP_Assets/Big Oak Tree FREE/Core/Scripts/Controller/Editor/ALP8310_ControllerGlobal.Editor.asmdef
  artifactKey: Guid(b799570f1d290394792b20b16cc7b6c3) Importer(2089858483,b0f066a214c2f5e87bad3c948f4d605d)
Start importing Assets/ALP_Assets/Big Oak Tree FREE/Core/Scripts/Controller/Editor/ALP8310_ControllerGlobal.Editor.asmdef using Guid(b799570f1d290394792b20b16cc7b6c3) Importer(2089858483,b0f066a214c2f5e87bad3c948f4d605d) (ScriptedImporter) -> (artifact id: '5fff7d483bb64a2d80c3ac1f9b1f1428') in 0.0073795 seconds
Number of updated asset objects reloaded before import = 0Number of asset objects unloaded after import = 1

========================================================================
Received Import Request.
  Time since last request: 0.000079 seconds.
  path: Assets/Tree_Packs/URP_Tree_Pack/Models/URP_Tree_3/URP_Tree_3_LOD_2.fbx
  artifactKey: Guid(512754d39f33a364db254fe00aeb0868) Importer(2089858483,b0f066a214c2f5e87bad3c948f4d605d)
Start importing Assets/Tree_Packs/URP_Tree_Pack/Models/URP_Tree_3/URP_Tree_3_LOD_2.fbx using Guid(512754d39f33a364db254fe00aeb0868) Importer(2089858483,b0f066a214c2f5e87bad3c948f4d605d) (ScriptedImporter) -> (artifact id: 'ef4128fe07f211300e73b862107b89c7') in 0.0191657 seconds
Number of updated asset objects reloaded before import = 0Number of asset objects unloaded after import = 9

========================================================================
Received Import Request.
  Time since last request: 0.000037 seconds.
  path: Assets/ALP_Assets/Big Oak Tree FREE/Models/Textures/BranchesOak001_MASK.tif
  artifactKey: Guid(9fee3a3c32b09a5438a940443fce39cf) Importer(2089858483,b0f066a214c2f5e87bad3c948f4d605d)
Start importing Assets/ALP_Assets/Big Oak Tree FREE/Models/Textures/BranchesOak001_MASK.tif using Guid(9fee3a3c32b09a5438a940443fce39cf) Importer(2089858483,b0f066a214c2f5e87bad3c948f4d605d) (ScriptedImporter) -> (artifact id: '169488b4d127feee5a0fe3ce12d9ab5f') in 0.0264339 seconds
Number of updated asset objects reloaded before import = 0Number of asset objects unloaded after import = 1

========================================================================
Received Import Request.
  Time since last request: 0.000023 seconds.
  path: Assets/Tree_Packs/URP_Tree_Pack/Prefabs/URP_Tree_3.prefab
  artifactKey: Guid(af90fe2f0f252bf4b8c2ab79bcd41edf) Importer(2089858483,b0f066a214c2f5e87bad3c948f4d605d)
Start importing Assets/Tree_Packs/URP_Tree_Pack/Prefabs/URP_Tree_3.prefab using Guid(af90fe2f0f252bf4b8c2ab79bcd41edf) Importer(2089858483,b0f066a214c2f5e87bad3c948f4d605d) (ScriptedImporter) -> (artifact id: '42d73e75506c9d5925a07f1ad41ab7e3') in 0.0135599 seconds
Number of updated asset objects reloaded before import = 0Number of asset objects unloaded after import = 25

========================================================================
Received Import Request.
  Time since last request: 0.000025 seconds.
  path: Assets/ALP_Assets/Big Oak Tree FREE/Models/Textures/BranchesOak001_Trans.tif
  artifactKey: Guid(0f27e0d94b1ce0e44a41446559e43425) Importer(2089858483,b0f066a214c2f5e87bad3c948f4d605d)
Start importing Assets/ALP_Assets/Big Oak Tree FREE/Models/Textures/BranchesOak001_Trans.tif using Guid(0f27e0d94b1ce0e44a41446559e43425) Importer(2089858483,b0f066a214c2f5e87bad3c948f4d605d) (ScriptedImporter) -> (artifact id: '761baf61e625fb593efd8eba511ffb78') in 0.010109 seconds
Number of updated asset objects reloaded before import = 0Number of asset objects unloaded after import = 1

========================================================================
Received Import Request.
  Time since last request: 0.000018 seconds.
  path: Assets/ALP_Assets/Big Oak Tree FREE/Models/Materials
  artifactKey: Guid(cde3f049ea3d7434086752f68064582d) Importer(2089858483,b0f066a214c2f5e87bad3c948f4d605d)
Start importing Assets/ALP_Assets/Big Oak Tree FREE/Models/Materials using Guid(cde3f049ea3d7434086752f68064582d) Importer(2089858483,b0f066a214c2f5e87bad3c948f4d605d) (ScriptedImporter) -> (artifact id: 'c201884d177e968353a0905ec7dec2ae') in 0.0065404 seconds
Number of updated asset objects reloaded before import = 0Number of asset objects unloaded after import = 1

========================================================================
Received Import Request.
  Time since last request: 0.000033 seconds.
  path: Assets/ALP_Assets/Big Oak Tree FREE/Core/Scripts/Controller/ALP8310_ControllerGlobal.asmdef
  artifactKey: Guid(36f134f332fcb71438aafca1e1673ead) Importer(2089858483,b0f066a214c2f5e87bad3c948f4d605d)
Start importing Assets/ALP_Assets/Big Oak Tree FREE/Core/Scripts/Controller/ALP8310_ControllerGlobal.asmdef using Guid(36f134f332fcb71438aafca1e1673ead) Importer(2089858483,b0f066a214c2f5e87bad3c948f4d605d) (ScriptedImporter) -> (artifact id: 'e90a5451d5cc1f03725c9182b83f2f35') in 0.0065224 seconds
Number of updated asset objects reloaded before import = 0Number of asset objects unloaded after import = 1

========================================================================
Received Import Request.
  Time since last request: 0.000031 seconds.
  path: Assets/Tree_Packs/URP_Tree_Pack/Textures/Global/Floor.mat
  artifactKey: Guid(6b664be96faef8f4ebef4a2d21041ecc) Importer(2089858483,b0f066a214c2f5e87bad3c948f4d605d)
Start importing Assets/Tree_Packs/URP_Tree_Pack/Textures/Global/Floor.mat using Guid(6b664be96faef8f4ebef4a2d21041ecc) Importer(2089858483,b0f066a214c2f5e87bad3c948f4d605d) (ScriptedImporter) -> (artifact id: '7ef13417a49c9ec7cba1a1410741d3ea') in 0.0086445 seconds
Number of updated asset objects reloaded before import = 0Number of asset objects unloaded after import = 1

========================================================================
Received Import Request.
  Time since last request: 0.000037 seconds.
  path: Assets/ALP_Assets/Big Oak Tree FREE/Core/Scripts/Controller/ALP8310_ControllerStyle.cs
  artifactKey: Guid(18cb50a63ade4574ca3320c8680b9175) Importer(2089858483,b0f066a214c2f5e87bad3c948f4d605d)
Start importing Assets/ALP_Assets/Big Oak Tree FREE/Core/Scripts/Controller/ALP8310_ControllerStyle.cs using Guid(18cb50a63ade4574ca3320c8680b9175) Importer(2089858483,b0f066a214c2f5e87bad3c948f4d605d) (ScriptedImporter) -> (artifact id: 'c37c9c40083e6334f5a7c489c3dca367') in 0.0080304 seconds
Number of updated asset objects reloaded before import = 0Number of asset objects unloaded after import = 0

========================================================================
Received Import Request.
  Time since last request: 0.000021 seconds.
  path: Assets/Tree_Packs/URP_Tree_Pack/Textures/Global
  artifactKey: Guid(6954e84f6f0524a45b27517c4945f096) Importer(2089858483,b0f066a214c2f5e87bad3c948f4d605d)
Start importing Assets/Tree_Packs/URP_Tree_Pack/Textures/Global using Guid(6954e84f6f0524a45b27517c4945f096) Importer(2089858483,b0f066a214c2f5e87bad3c948f4d605d) (ScriptedImporter) -> (artifact id: '180f2ac51d0d78ec9c4116b66c65260d') in 0.004715 seconds
Number of updated asset objects reloaded before import = 0Number of asset objects unloaded after import = 1

========================================================================
Received Import Request.
  Time since last request: 0.000026 seconds.
  path: Assets/ALP_Assets/Big Oak Tree FREE/Core/Scripts/Global Lighting
  artifactKey: Guid(545c19f3958e0f343961df7a0054a987) Importer(2089858483,b0f066a214c2f5e87bad3c948f4d605d)
Start importing Assets/ALP_Assets/Big Oak Tree FREE/Core/Scripts/Global Lighting using Guid(545c19f3958e0f343961df7a0054a987) Importer(2089858483,b0f066a214c2f5e87bad3c948f4d605d) (ScriptedImporter) -> (artifact id: 'c72a2b8acd9b3b6483613a801898a59a') in 0.0082493 seconds
Number of updated asset objects reloaded before import = 0Number of asset objects unloaded after import = 1

========================================================================
Received Import Request.
  Time since last request: 0.000024 seconds.
  path: Assets/Tree_Packs
  artifactKey: Guid(3ddcbf5beefd7a3478412a00f1cb4752) Importer(2089858483,b0f066a214c2f5e87bad3c948f4d605d)
Start importing Assets/Tree_Packs using Guid(3ddcbf5beefd7a3478412a00f1cb4752) Importer(2089858483,b0f066a214c2f5e87bad3c948f4d605d) (ScriptedImporter) -> (artifact id: '3d31fed251c82b975a16bba4c35bdd44') in 0.0053715 seconds
Number of updated asset objects reloaded before import = 0Number of asset objects unloaded after import = 1

========================================================================
Received Import Request.
  Time since last request: 0.000044 seconds.
  path: Assets/Tree_Packs/URP_Tree_Pack/Scene
  artifactKey: Guid(80be022b8d186c048971132c8d2062cf) Importer(2089858483,b0f066a214c2f5e87bad3c948f4d605d)
Start importing Assets/Tree_Packs/URP_Tree_Pack/Scene using Guid(80be022b8d186c048971132c8d2062cf) Importer(2089858483,b0f066a214c2f5e87bad3c948f4d605d) (ScriptedImporter) -> (artifact id: '10a2be9edf670e038bce3f69b9e60883') in 0.0047345 seconds
Number of updated asset objects reloaded before import = 0Number of asset objects unloaded after import = 1

========================================================================
Received Import Request.
  Time since last request: 0.000033 seconds.
  path: Assets/ALP_Assets/Big Oak Tree FREE/Scenes
  artifactKey: Guid(5721d0cb4c8a1b64b9c3c52b2441a93c) Importer(2089858483,b0f066a214c2f5e87bad3c948f4d605d)
Start importing Assets/ALP_Assets/Big Oak Tree FREE/Scenes using Guid(5721d0cb4c8a1b64b9c3c52b2441a93c) Importer(2089858483,b0f066a214c2f5e87bad3c948f4d605d) (ScriptedImporter) -> (artifact id: 'e1749f2cf2559ef5f2c4563fc81d530b') in 0.0057665 seconds
Number of updated asset objects reloaded before import = 0Number of asset objects unloaded after import = 1

========================================================================
Received Import Request.
  Time since last request: 0.000040 seconds.
  path: Assets/ALP_Assets/Big Oak Tree FREE/Shaders/ALP Surface Detail.shader
  artifactKey: Guid(c86ccf09a3cebd04e8387de9c92bfa23) Importer(2089858483,b0f066a214c2f5e87bad3c948f4d605d)
Start importing Assets/ALP_Assets/Big Oak Tree FREE/Shaders/ALP Surface Detail.shader using Guid(c86ccf09a3cebd04e8387de9c92bfa23) Importer(2089858483,b0f066a214c2f5e87bad3c948f4d605d) (ScriptedImporter) -> (artifact id: '5bfa7a15c27775f131bf79897c6fbe32') in 0.0180797 seconds
Number of updated asset objects reloaded before import = 0Number of asset objects unloaded after import = 1

========================================================================
Received Import Request.
  Time since last request: 0.000024 seconds.
  path: Assets/Tree_Packs/URP_Tree_Pack/Textures/Trunk/URP_3_Trunk.png
  artifactKey: Guid(40e021bcdeb33fe4686c63f05609328e) Importer(2089858483,b0f066a214c2f5e87bad3c948f4d605d)
Start importing Assets/Tree_Packs/URP_Tree_Pack/Textures/Trunk/URP_3_Trunk.png using Guid(40e021bcdeb33fe4686c63f05609328e) Importer(2089858483,b0f066a214c2f5e87bad3c948f4d605d) (ScriptedImporter) -> (artifact id: '694e019221928ab5c59012c93fd25026') in 0.0109523 seconds
Number of updated asset objects reloaded before import = 0Number of asset objects unloaded after import = 1

========================================================================
Received Import Request.
  Time since last request: 0.000021 seconds.
  path: Assets/ALP_Assets/Big Oak Tree FREE/Models
  artifactKey: Guid(9daed604ab022464c8b4c54556a88230) Importer(2089858483,b0f066a214c2f5e87bad3c948f4d605d)
Start importing Assets/ALP_Assets/Big Oak Tree FREE/Models using Guid(9daed604ab022464c8b4c54556a88230) Importer(2089858483,b0f066a214c2f5e87bad3c948f4d605d) (ScriptedImporter) -> (artifact id: '27a0923941ea816f17639c432ca3e2af') in 0.0061677 seconds
Number of updated asset objects reloaded before import = 0Number of asset objects unloaded after import = 1

========================================================================
Received Import Request.
  Time since last request: 0.000027 seconds.
  path: Assets/Tree_Packs/URP_Tree_Pack/Models/URP_Tree_1/Materials/Trunk.mat
  artifactKey: Guid(5075ca828a84d014a8a20f00c0b63146) Importer(2089858483,b0f066a214c2f5e87bad3c948f4d605d)
Start importing Assets/Tree_Packs/URP_Tree_Pack/Models/URP_Tree_1/Materials/Trunk.mat using Guid(5075ca828a84d014a8a20f00c0b63146) Importer(2089858483,b0f066a214c2f5e87bad3c948f4d605d) (ScriptedImporter) -> (artifact id: 'd8008c338e03b7cc0d6bd292ea84e6f2') in 0.0081847 seconds
Number of updated asset objects reloaded before import = 0Number of asset objects unloaded after import = 2

========================================================================
Received Import Request.
  Time since last request: 0.000027 seconds.
  path: Assets/ALP_Assets/Big Oak Tree FREE/Core/Scripts
  artifactKey: Guid(833a76ce83d446b48aca0544f731e2c6) Importer(2089858483,b0f066a214c2f5e87bad3c948f4d605d)
Start importing Assets/ALP_Assets/Big Oak Tree FREE/Core/Scripts using Guid(833a76ce83d446b48aca0544f731e2c6) Importer(2089858483,b0f066a214c2f5e87bad3c948f4d605d) (ScriptedImporter) -> (artifact id: '85d1c17c60035ee3f2228eb9307ad3fe') in 0.0051209 seconds
Number of updated asset objects reloaded before import = 0Number of asset objects unloaded after import = 1

========================================================================
Received Import Request.
  Time since last request: 0.000025 seconds.
  path: Assets/ALP_Assets/Big Oak Tree FREE/Models/Textures/BranchesOak001_N.png
  artifactKey: Guid(bd54ef767ea3f2e44b44c035dc07379d) Importer(2089858483,b0f066a214c2f5e87bad3c948f4d605d)
Start importing Assets/ALP_Assets/Big Oak Tree FREE/Models/Textures/BranchesOak001_N.png using Guid(bd54ef767ea3f2e44b44c035dc07379d) Importer(2089858483,b0f066a214c2f5e87bad3c948f4d605d) (ScriptedImporter) -> (artifact id: '039a11e3e273fcbe95d44833d3e67b15') in 0.0580291 seconds
Number of updated asset objects reloaded before import = 0Number of asset objects unloaded after import = 1

========================================================================
Received Import Request.
  Time since last request: 0.000034 seconds.
  path: Assets/ALP_Assets/Big Oak Tree FREE/PostProfile
  artifactKey: Guid(54e44f65aad3a964b81e04566e86d479) Importer(2089858483,b0f066a214c2f5e87bad3c948f4d605d)
Start importing Assets/ALP_Assets/Big Oak Tree FREE/PostProfile using Guid(54e44f65aad3a964b81e04566e86d479) Importer(2089858483,b0f066a214c2f5e87bad3c948f4d605d) (ScriptedImporter) -> (artifact id: '27d292b5ff68bcc2aa22f58b2438d8ce') in 0.0046772 seconds
Number of updated asset objects reloaded before import = 0Number of asset objects unloaded after import = 1

========================================================================
Received Import Request.
  Time since last request: 0.000022 seconds.
  path: Assets/Tree_Packs/URP_Tree_Pack/Models/URP_Tree_1/Materials
  artifactKey: Guid(e2f97417032a1a64fa98769026cee808) Importer(2089858483,b0f066a214c2f5e87bad3c948f4d605d)
Start importing Assets/Tree_Packs/URP_Tree_Pack/Models/URP_Tree_1/Materials using Guid(e2f97417032a1a64fa98769026cee808) Importer(2089858483,b0f066a214c2f5e87bad3c948f4d605d) (ScriptedImporter) -> (artifact id: 'cca67f2bd33ca91da56a7ecbbba768f5') in 0.0055517 seconds
Number of updated asset objects reloaded before import = 0Number of asset objects unloaded after import = 1

========================================================================
Received Import Request.
  Time since last request: 0.000037 seconds.
  path: Assets/Tree_Packs/URP_Tree_Pack/Models/URP_Tree_2/Materials
  artifactKey: Guid(5ce40464233cdf34e96b0d61eb7e0612) Importer(2089858483,b0f066a214c2f5e87bad3c948f4d605d)
Start importing Assets/Tree_Packs/URP_Tree_Pack/Models/URP_Tree_2/Materials using Guid(5ce40464233cdf34e96b0d61eb7e0612) Importer(2089858483,b0f066a214c2f5e87bad3c948f4d605d) (ScriptedImporter) -> (artifact id: '81c18b24917def1c10fb4dd1aa7035b9') in 0.006172 seconds
Number of updated asset objects reloaded before import = 0Number of asset objects unloaded after import = 1

========================================================================
Received Import Request.
  Time since last request: 0.000020 seconds.
  path: Assets/ALP_Assets/Big Oak Tree FREE/Core/Scripts/Controller/Editor/ALP8310_ControllerGlobalEditor.cs
  artifactKey: Guid(89381d9b6464e19419a92091de6058a2) Importer(2089858483,b0f066a214c2f5e87bad3c948f4d605d)
Start importing Assets/ALP_Assets/Big Oak Tree FREE/Core/Scripts/Controller/Editor/ALP8310_ControllerGlobalEditor.cs using Guid(89381d9b6464e19419a92091de6058a2) Importer(2089858483,b0f066a214c2f5e87bad3c948f4d605d) (ScriptedImporter) -> (artifact id: 'b0dcaa4e352770b5261e189805be8da4') in 0.0051089 seconds
Number of updated asset objects reloaded before import = 0Number of asset objects unloaded after import = 0

========================================================================
Received Import Request.
  Time since last request: 0.000020 seconds.
  path: Assets/Tree_Packs/URP_Tree_Pack/Models/URP_Tree_1/Materials/Leaf.mat
  artifactKey: Guid(ceb4d366f02dab3489e36a95ffb3e9e4) Importer(2089858483,b0f066a214c2f5e87bad3c948f4d605d)
Start importing Assets/Tree_Packs/URP_Tree_Pack/Models/URP_Tree_1/Materials/Leaf.mat using Guid(ceb4d366f02dab3489e36a95ffb3e9e4) Importer(2089858483,b0f066a214c2f5e87bad3c948f4d605d) (ScriptedImporter) -> (artifact id: '206686b1a704284db653c6392b174785') in 0.0085681 seconds
Number of updated asset objects reloaded before import = 0Number of asset objects unloaded after import = 2

========================================================================
Received Import Request.
  Time since last request: 0.000027 seconds.
  path: Assets/Tree_Packs/URP_Tree_Pack/Scripts/Tree_Packs.cs
  artifactKey: Guid(0447bde6a836ff8469f99c2ba035cdac) Importer(2089858483,b0f066a214c2f5e87bad3c948f4d605d)
Start importing Assets/Tree_Packs/URP_Tree_Pack/Scripts/Tree_Packs.cs using Guid(0447bde6a836ff8469f99c2ba035cdac) Importer(2089858483,b0f066a214c2f5e87bad3c948f4d605d) (ScriptedImporter) -> (artifact id: 'fd1f276aa3f77ee19d4d045e065ac49c') in 0.0047269 seconds
Number of updated asset objects reloaded before import = 0Number of asset objects unloaded after import = 0

========================================================================
Received Import Request.
  Time since last request: 0.000029 seconds.
  path: Assets/Tree_Packs/URP_Tree_Pack/Models/URP_Tree_3/Materials
  artifactKey: Guid(4f1284d4c48dc6b4c95d6f6cf9b28be2) Importer(2089858483,b0f066a214c2f5e87bad3c948f4d605d)
Start importing Assets/Tree_Packs/URP_Tree_Pack/Models/URP_Tree_3/Materials using Guid(4f1284d4c48dc6b4c95d6f6cf9b28be2) Importer(2089858483,b0f066a214c2f5e87bad3c948f4d605d) (ScriptedImporter) -> (artifact id: '7f1349ff916907877cecfd5cb326ff45') in 0.0037407 seconds
Number of updated asset objects reloaded before import = 0Number of asset objects unloaded after import = 1

========================================================================
Received Import Request.
  Time since last request: 0.000039 seconds.
  path: Assets/Tree_Packs/URP_Tree_Pack/Settings/Global Volume Profile.asset
  artifactKey: Guid(ca6bb682be9fc6a4db7edacf7ee83d22) Importer(2089858483,b0f066a214c2f5e87bad3c948f4d605d)
Start importing Assets/Tree_Packs/URP_Tree_Pack/Settings/Global Volume Profile.asset using Guid(ca6bb682be9fc6a4db7edacf7ee83d22) Importer(2089858483,b0f066a214c2f5e87bad3c948f4d605d) (ScriptedImporter) -> (artifact id: 'bc25a0a7fa7d36d2f0a40acdc354a37b') in 0.0072458 seconds
Number of updated asset objects reloaded before import = 0Number of asset objects unloaded after import = 9

========================================================================
Received Import Request.
  Time since last request: 0.000023 seconds.
  path: Assets/ALP_Assets/Big Oak Tree FREE/Shaders
  artifactKey: Guid(d00d770fccf99b5438a6b8fd7f708bc1) Importer(2089858483,b0f066a214c2f5e87bad3c948f4d605d)
Start importing Assets/ALP_Assets/Big Oak Tree FREE/Shaders using Guid(d00d770fccf99b5438a6b8fd7f708bc1) Importer(2089858483,b0f066a214c2f5e87bad3c948f4d605d) (ScriptedImporter) -> (artifact id: 'd14bb370d07c04a3217c258ae3c5d9a0') in 0.0043625 seconds
Number of updated asset objects reloaded before import = 0Number of asset objects unloaded after import = 1

========================================================================
Received Import Request.
  Time since last request: 0.000032 seconds.
  path: Assets/ALP_Assets/Big Oak Tree FREE/Models/Materials/BillboardBigOak01.mat
  artifactKey: Guid(13a8a9b378056f843ae4457427438646) Importer(2089858483,b0f066a214c2f5e87bad3c948f4d605d)
Start importing Assets/ALP_Assets/Big Oak Tree FREE/Models/Materials/BillboardBigOak01.mat using Guid(13a8a9b378056f843ae4457427438646) Importer(2089858483,b0f066a214c2f5e87bad3c948f4d605d) (ScriptedImporter) -> (artifact id: 'fea6407e32c892822cd073584b7bff16') in 0.3527897 seconds
Number of updated asset objects reloaded before import = 0Number of asset objects unloaded after import = 4

========================================================================
Received Import Request.
  Time since last request: 0.000039 seconds.
  path: Assets/Tree_Packs/URP_Tree_Pack/Models/URP_Tree_1
  artifactKey: Guid(3fa40130eb05583498f4049fd75bc062) Importer(2089858483,b0f066a214c2f5e87bad3c948f4d605d)
Start importing Assets/Tree_Packs/URP_Tree_Pack/Models/URP_Tree_1 using Guid(3fa40130eb05583498f4049fd75bc062) Importer(2089858483,b0f066a214c2f5e87bad3c948f4d605d) (ScriptedImporter) -> (artifact id: 'a0068618136472e53c2f072aedc5aff4') in 0.0075594 seconds
Number of updated asset objects reloaded before import = 0Number of asset objects unloaded after import = 1

========================================================================
Received Import Request.
  Time since last request: 0.000048 seconds.
  path: Assets/ALP_Assets/Big Oak Tree FREE/Models/Textures/barkOak001_N.png
  artifactKey: Guid(4e42be3377eaccd40abd3f48bd6554a5) Importer(2089858483,b0f066a214c2f5e87bad3c948f4d605d)
Start importing Assets/ALP_Assets/Big Oak Tree FREE/Models/Textures/barkOak001_N.png using Guid(4e42be3377eaccd40abd3f48bd6554a5) Importer(2089858483,b0f066a214c2f5e87bad3c948f4d605d) (ScriptedImporter) -> (artifact id: '52b842ba00ba58b8d590e95b40cdc67a') in 0.0500371 seconds
Number of updated asset objects reloaded before import = 0Number of asset objects unloaded after import = 1

========================================================================
Received Import Request.
  Time since last request: 0.000022 seconds.
  path: Assets/ALP_Assets/Big Oak Tree FREE/Core/Scripts/GUI/Editor
  artifactKey: Guid(6fa934209925cd747854ea9d2727cda4) Importer(2089858483,b0f066a214c2f5e87bad3c948f4d605d)
Start importing Assets/ALP_Assets/Big Oak Tree FREE/Core/Scripts/GUI/Editor using Guid(6fa934209925cd747854ea9d2727cda4) Importer(2089858483,b0f066a214c2f5e87bad3c948f4d605d) (ScriptedImporter) -> (artifact id: 'dea037d6d497b48311c0522618c1798b') in 0.0076749 seconds
Number of updated asset objects reloaded before import = 0Number of asset objects unloaded after import = 1

========================================================================
Received Import Request.
  Time since last request: 0.000025 seconds.
  path: Assets/Tree_Packs/URP_Tree_Pack/Models/URP_Tree_1/URP_Tree_1_LOD_0.fbx
  artifactKey: Guid(419b474d3d31ef54e9c101d6e7213aee) Importer(2089858483,b0f066a214c2f5e87bad3c948f4d605d)
Start importing Assets/Tree_Packs/URP_Tree_Pack/Models/URP_Tree_1/URP_Tree_1_LOD_0.fbx using Guid(419b474d3d31ef54e9c101d6e7213aee) Importer(2089858483,b0f066a214c2f5e87bad3c948f4d605d) (ScriptedImporter) -> (artifact id: '1e0c2ad410504ae0fdec4c078214bbcf') in 0.0375139 seconds
Number of updated asset objects reloaded before import = 0Number of asset objects unloaded after import = 9

========================================================================
Received Import Request.
  Time since last request: 0.000070 seconds.
  path: Assets/ALP_Assets/Big Oak Tree FREE/Core
  artifactKey: Guid(b1774a3e31ce8254f860c3a3724de5d1) Importer(2089858483,b0f066a214c2f5e87bad3c948f4d605d)
Start importing Assets/ALP_Assets/Big Oak Tree FREE/Core using Guid(b1774a3e31ce8254f860c3a3724de5d1) Importer(2089858483,b0f066a214c2f5e87bad3c948f4d605d) (ScriptedImporter) -> (artifact id: '74c4f767bef819160ed9de3a3e9c83b6') in 0.0128394 seconds
Number of updated asset objects reloaded before import = 0Number of asset objects unloaded after import = 1

========================================================================
Received Import Request.
  Time since last request: 0.000083 seconds.
  path: Assets/ALP_Assets/Big Oak Tree FREE/Models/Textures/BranchesOak001_Smooth.png
  artifactKey: Guid(4038b547e8ec2fc498f465bcf1d74729) Importer(2089858483,b0f066a214c2f5e87bad3c948f4d605d)
Start importing Assets/ALP_Assets/Big Oak Tree FREE/Models/Textures/BranchesOak001_Smooth.png using Guid(4038b547e8ec2fc498f465bcf1d74729) Importer(2089858483,b0f066a214c2f5e87bad3c948f4d605d) (ScriptedImporter) -> (artifact id: '00bfb1af892c8e5acb69f52be0ff4d3b') in 0.0247256 seconds
Number of updated asset objects reloaded before import = 0Number of asset objects unloaded after import = 1

========================================================================
Received Import Request.
  Time since last request: 0.000024 seconds.
  path: Assets/ALP_Assets/Big Oak Tree FREE/Core/Scripts/Controller/Editor
  artifactKey: Guid(61863b6d80c04de4999c5931c35eb493) Importer(2089858483,b0f066a214c2f5e87bad3c948f4d605d)
Start importing Assets/ALP_Assets/Big Oak Tree FREE/Core/Scripts/Controller/Editor using Guid(61863b6d80c04de4999c5931c35eb493) Importer(2089858483,b0f066a214c2f5e87bad3c948f4d605d) (ScriptedImporter) -> (artifact id: 'ad0017464bbfea4e77a94f9c41f04376') in 0.009864 seconds
Number of updated asset objects reloaded before import = 0Number of asset objects unloaded after import = 1

========================================================================
Received Import Request.
  Time since last request: 0.000022 seconds.
  path: Assets/ALP_Assets/Big Oak Tree FREE/Models/OakBigTree01.fbx
  artifactKey: Guid(6366e10f9cacd274ebee65ade5a76def) Importer(2089858483,b0f066a214c2f5e87bad3c948f4d605d)
Start importing Assets/ALP_Assets/Big Oak Tree FREE/Models/OakBigTree01.fbx using Guid(6366e10f9cacd274ebee65ade5a76def) Importer(2089858483,b0f066a214c2f5e87bad3c948f4d605d) (ScriptedImporter) -> (artifact id: '015c0ce6bce9cfe42cb2debc429efc5b') in 0.0621007 seconds
Number of updated asset objects reloaded before import = 0Number of asset objects unloaded after import = 35

========================================================================
Received Import Request.
  Time since last request: 0.000041 seconds.
  path: Assets/Tree_Packs/URP_Tree_Pack/Models
  artifactKey: Guid(5da983813db86b64d89e5fb188408d1f) Importer(2089858483,b0f066a214c2f5e87bad3c948f4d605d)
Start importing Assets/Tree_Packs/URP_Tree_Pack/Models using Guid(5da983813db86b64d89e5fb188408d1f) Importer(2089858483,b0f066a214c2f5e87bad3c948f4d605d) (ScriptedImporter) -> (artifact id: 'b703e90bf7d5c2bff3996bd0ffa202e7') in 0.0074893 seconds
Number of updated asset objects reloaded before import = 0Number of asset objects unloaded after import = 1

========================================================================
Received Import Request.
  Time since last request: 0.000043 seconds.
  path: Assets/ALP_Assets/Big Oak Tree FREE/Shaders/ALP Billboard Cross Wind.shader
  artifactKey: Guid(c271d8d8e9a857d489348a894266272e) Importer(2089858483,b0f066a214c2f5e87bad3c948f4d605d)
Start importing Assets/ALP_Assets/Big Oak Tree FREE/Shaders/ALP Billboard Cross Wind.shader using Guid(c271d8d8e9a857d489348a894266272e) Importer(2089858483,b0f066a214c2f5e87bad3c948f4d605d) (ScriptedImporter) -> (artifact id: '5d45e8d68e4a592b48679b25b7229c2c') in 0.015251 seconds
Number of updated asset objects reloaded before import = 0Number of asset objects unloaded after import = 1

========================================================================
Received Import Request.
  Time since last request: 0.000025 seconds.
  path: Assets/Tree_Packs/URP_Tree_Pack/Prefabs/URP_Tree_1.prefab
  artifactKey: Guid(022485ff60e4a26418217d8ab778a812) Importer(2089858483,b0f066a214c2f5e87bad3c948f4d605d)
Start importing Assets/Tree_Packs/URP_Tree_Pack/Prefabs/URP_Tree_1.prefab using Guid(022485ff60e4a26418217d8ab778a812) Importer(2089858483,b0f066a214c2f5e87bad3c948f4d605d) (ScriptedImporter) -> (artifact id: '2036645c2deee159794ada377885c456') in 0.0246593 seconds
Number of updated asset objects reloaded before import = 0Number of asset objects unloaded after import = 25

========================================================================
Received Import Request.
  Time since last request: 0.000032 seconds.
  path: Assets/Tree_Packs/URP_Tree_Pack/Textures
  artifactKey: Guid(42d77cd5ec560df4b8e679a984e050e9) Importer(2089858483,b0f066a214c2f5e87bad3c948f4d605d)
Start importing Assets/Tree_Packs/URP_Tree_Pack/Textures using Guid(42d77cd5ec560df4b8e679a984e050e9) Importer(2089858483,b0f066a214c2f5e87bad3c948f4d605d) (ScriptedImporter) -> (artifact id: 'f7f4b50c27c790cdc734c3d7cc98067b') in 0.0191267 seconds
Number of updated asset objects reloaded before import = 0Number of asset objects unloaded after import = 1

========================================================================
Received Import Request.
  Time since last request: 0.000033 seconds.
  path: Assets/ALP_Assets/Big Oak Tree FREE/Scenes/Graphics Settings.rtf
  artifactKey: Guid(820390aac21d63946ac12c9db681e978) Importer(2089858483,b0f066a214c2f5e87bad3c948f4d605d)
Start importing Assets/ALP_Assets/Big Oak Tree FREE/Scenes/Graphics Settings.rtf using Guid(820390aac21d63946ac12c9db681e978) Importer(2089858483,b0f066a214c2f5e87bad3c948f4d605d) (ScriptedImporter) -> (artifact id: '825dca72d7ef145ba25eae31d9f6727c') in 0.0118525 seconds
Number of updated asset objects reloaded before import = 0Number of asset objects unloaded after import = 1

========================================================================
Received Import Request.
  Time since last request: 0.000118 seconds.
  path: Assets/ALP_Assets/Big Oak Tree FREE/PostProfile/Library.asset
  artifactKey: Guid(7ba2b06fb32e5274aad88925a5b8d3f5) Importer(2089858483,b0f066a214c2f5e87bad3c948f4d605d)
Start importing Assets/ALP_Assets/Big Oak Tree FREE/PostProfile/Library.asset using Guid(7ba2b06fb32e5274aad88925a5b8d3f5) Importer(2089858483,b0f066a214c2f5e87bad3c948f4d605d) (ScriptedImporter) -> (artifact id: '0b935509e1916abb26a101eea5d284b0') in 0.0258734 seconds
Number of updated asset objects reloaded before import = 0Number of asset objects unloaded after import = 1

========================================================================
Received Import Request.
  Time since last request: 0.000071 seconds.
  path: Assets/Tree_Packs/URP_Tree_Pack/Doc
  artifactKey: Guid(59069989790a0cd45a508718b3f5e50b) Importer(2089858483,b0f066a214c2f5e87bad3c948f4d605d)
Start importing Assets/Tree_Packs/URP_Tree_Pack/Doc using Guid(59069989790a0cd45a508718b3f5e50b) Importer(2089858483,b0f066a214c2f5e87bad3c948f4d605d) (ScriptedImporter) -> (artifact id: '7275a2800f4775b7a09717b16b8a8c29') in 0.0130245 seconds
Number of updated asset objects reloaded before import = 0Number of asset objects unloaded after import = 1

========================================================================
Received Import Request.
  Time since last request: 0.000039 seconds.
  path: Assets/Tree_Packs/URP_Tree_Pack/Textures/Leaf/URP_3_Leaf.png
  artifactKey: Guid(22240601055987b4ea815af3f7d81e40) Importer(2089858483,b0f066a214c2f5e87bad3c948f4d605d)
Start importing Assets/Tree_Packs/URP_Tree_Pack/Textures/Leaf/URP_3_Leaf.png using Guid(22240601055987b4ea815af3f7d81e40) Importer(2089858483,b0f066a214c2f5e87bad3c948f4d605d) (ScriptedImporter) -> (artifact id: '9bdc52ba910f35d8ce85211c2766fa09') in 0.0143353 seconds
Number of updated asset objects reloaded before import = 0Number of asset objects unloaded after import = 1

========================================================================
Received Import Request.
  Time since last request: 0.000048 seconds.
  path: Assets/Tree_Packs/URP_Tree_Pack/Textures/Global/IBL_Sky.mat
  artifactKey: Guid(ec9e42d159176684fb6a0bc9034633f1) Importer(2089858483,b0f066a214c2f5e87bad3c948f4d605d)
Start importing Assets/Tree_Packs/URP_Tree_Pack/Textures/Global/IBL_Sky.mat using Guid(ec9e42d159176684fb6a0bc9034633f1) Importer(2089858483,b0f066a214c2f5e87bad3c948f4d605d) (ScriptedImporter) -> (artifact id: '736993e5bf6ca6012e2d3d62923e6758') in 0.7972355 seconds
Number of updated asset objects reloaded before import = 0Number of asset objects unloaded after import = 2

========================================================================
Received Import Request.
  Time since last request: 0.000151 seconds.
  path: Assets/ALP_Assets/Big Oak Tree FREE/Models/Materials/Branches001.mat
  artifactKey: Guid(24e3f83dfad5d794a91d00c595110aa1) Importer(2089858483,b0f066a214c2f5e87bad3c948f4d605d)
Start importing Assets/ALP_Assets/Big Oak Tree FREE/Models/Materials/Branches001.mat using Guid(24e3f83dfad5d794a91d00c595110aa1) Importer(2089858483,b0f066a214c2f5e87bad3c948f4d605d) (ScriptedImporter) -> (artifact id: '5655510c0e3a4e03dd842902fcdd4bdc') in 0.2237009 seconds
Number of updated asset objects reloaded before import = 0Number of asset objects unloaded after import = 6

========================================================================
Received Import Request.
  Time since last request: 23.611659 seconds.
  path: Assets/ALP_Assets/Big Oak Tree FREE/Models/Materials/Branches001.mat
  artifactKey: Guid(24e3f83dfad5d794a91d00c595110aa1) Importer(815301076,1909f56bfc062723c751e8b465ee728b)
Start importing Assets/ALP_Assets/Big Oak Tree FREE/Models/Materials/Branches001.mat using Guid(24e3f83dfad5d794a91d00c595110aa1) Importer(815301076,1909f56bfc062723c751e8b465ee728b) (PreviewImporter) -> (artifact id: 'fb76de7b8fb74b3f1dfb71e1219dca16') in 0.747169 seconds
Number of updated asset objects reloaded before import = 0Number of asset objects unloaded after import = 7

========================================================================
Received Prepare
Refreshing native plugins compatible for Editor in 1.69 ms, found 3 plugins.
Preloading 0 native plugins for Editor in 0.00 ms.
Unloading 88 Unused Serialized files (Serialized files now loaded: 0)
Unloading 6309 unused Assets / (23.6 MB). Loaded Objects now: 7370.
Memory consumption went from 194.2 MB to 170.7 MB.
Total: 80.737500 ms (FindLiveObjects: 2.400900 ms CreateObjectMapping: 1.809400 ms MarkObjects: 62.572600 ms  DeleteObjects: 13.951200 ms)

Prepare: number of updated asset objects reloaded= 0
========================================================================
Received Import Request.
  Time since last request: 33.305218 seconds.
  path: Assets/Arboles/Tree_Packs/URP_Tree_Pack/Textures/Trunk/URP_1_Trunk.png
  artifactKey: Guid(f0d57a37de5c6934f8dfad8f6652b86d) Importer(2089858483,b0f066a214c2f5e87bad3c948f4d605d)
Start importing Assets/Arboles/Tree_Packs/URP_Tree_Pack/Textures/Trunk/URP_1_Trunk.png using Guid(f0d57a37de5c6934f8dfad8f6652b86d) Importer(2089858483,b0f066a214c2f5e87bad3c948f4d605d) (ScriptedImporter) -> (artifact id: 'ba78e6315a2b83b372d113a5d53a6060') in 0.0785337 seconds
Number of updated asset objects reloaded before import = 0Number of asset objects unloaded after import = 1

========================================================================
Received Import Request.
  Time since last request: 0.000049 seconds.
  path: Assets/Arboles/Tree_Packs/URP_Tree_Pack/Textures/Global/501-free-hdri-skies-com.hdr
  artifactKey: Guid(0a5be2fdf196bca48b0ea83ffbf90357) Importer(2089858483,b0f066a214c2f5e87bad3c948f4d605d)
Start importing Assets/Arboles/Tree_Packs/URP_Tree_Pack/Textures/Global/501-free-hdri-skies-com.hdr using Guid(0a5be2fdf196bca48b0ea83ffbf90357) Importer(2089858483,b0f066a214c2f5e87bad3c948f4d605d) (ScriptedImporter) -> (artifact id: '8f7221f4f50c42b137acc7095e21eaae') in 0.753591 seconds
Number of updated asset objects reloaded before import = 0Number of asset objects unloaded after import = 1

========================================================================
Received Import Request.
  Time since last request: 0.000064 seconds.
  path: Assets/Arboles/Tree_Packs/URP_Tree_Pack/Prefabs/URP_Tree_3.prefab
  artifactKey: Guid(af90fe2f0f252bf4b8c2ab79bcd41edf) Importer(2089858483,b0f066a214c2f5e87bad3c948f4d605d)
Start importing Assets/Arboles/Tree_Packs/URP_Tree_Pack/Prefabs/URP_Tree_3.prefab using Guid(af90fe2f0f252bf4b8c2ab79bcd41edf) Importer(2089858483,b0f066a214c2f5e87bad3c948f4d605d) (ScriptedImporter) -> (artifact id: 'ba2bccde78978b179f42ed0ba4f97d93') in 0.050866 seconds
Number of updated asset objects reloaded before import = 0Number of asset objects unloaded after import = 25

========================================================================
Received Import Request.
  Time since last request: 0.000461 seconds.
  path: Assets/Arboles/Tree_Packs/URP_Tree_Pack/Textures/Global/Floor.mat
  artifactKey: Guid(6b664be96faef8f4ebef4a2d21041ecc) Importer(2089858483,b0f066a214c2f5e87bad3c948f4d605d)
Start importing Assets/Arboles/Tree_Packs/URP_Tree_Pack/Textures/Global/Floor.mat using Guid(6b664be96faef8f4ebef4a2d21041ecc) Importer(2089858483,b0f066a214c2f5e87bad3c948f4d605d) (ScriptedImporter) -> (artifact id: '88eea1173d93dc8f6ac669ef3f1ba8e2') in 0.0125414 seconds
Number of updated asset objects reloaded before import = 0Number of asset objects unloaded after import = 1

========================================================================
Received Import Request.
  Time since last request: 0.000056 seconds.
  path: Assets/Arboles/Tree_Packs/URP_Tree_Pack/Textures/Global
  artifactKey: Guid(6954e84f6f0524a45b27517c4945f096) Importer(2089858483,b0f066a214c2f5e87bad3c948f4d605d)
Start importing Assets/Arboles/Tree_Packs/URP_Tree_Pack/Textures/Global using Guid(6954e84f6f0524a45b27517c4945f096) Importer(2089858483,b0f066a214c2f5e87bad3c948f4d605d) (ScriptedImporter) -> (artifact id: '523f41f32eceb2e01ad3df8a1565454e') in 0.0076667 seconds
Number of updated asset objects reloaded before import = 0Number of asset objects unloaded after import = 1

========================================================================
Received Import Request.
  Time since last request: 0.000063 seconds.
  path: Assets/Arboles/Tree_Packs
  artifactKey: Guid(3ddcbf5beefd7a3478412a00f1cb4752) Importer(2089858483,b0f066a214c2f5e87bad3c948f4d605d)
Start importing Assets/Arboles/Tree_Packs using Guid(3ddcbf5beefd7a3478412a00f1cb4752) Importer(2089858483,b0f066a214c2f5e87bad3c948f4d605d) (ScriptedImporter) -> (artifact id: '69d148ecde57c61fca00a6efb5590fd7') in 0.0082393 seconds
Number of updated asset objects reloaded before import = 0Number of asset objects unloaded after import = 1

========================================================================
Received Import Request.
  Time since last request: 0.000128 seconds.
  path: Assets/Arboles/Tree_Packs/URP_Tree_Pack/Scene
  artifactKey: Guid(80be022b8d186c048971132c8d2062cf) Importer(2089858483,b0f066a214c2f5e87bad3c948f4d605d)
Start importing Assets/Arboles/Tree_Packs/URP_Tree_Pack/Scene using Guid(80be022b8d186c048971132c8d2062cf) Importer(2089858483,b0f066a214c2f5e87bad3c948f4d605d) (ScriptedImporter) -> (artifact id: '560fcf629bd68cdca1892bc12e7b0130') in 0.0081779 seconds
Number of updated asset objects reloaded before import = 0Number of asset objects unloaded after import = 1

========================================================================
Received Import Request.
  Time since last request: 0.000045 seconds.
  path: Assets/Arboles/Tree_Packs/URP_Tree_Pack/Models/URP_Tree_2/URP_Tree_2_LOD_1.fbx
  artifactKey: Guid(423b693f7a3fb7b47827a61a7ad4d009) Importer(2089858483,b0f066a214c2f5e87bad3c948f4d605d)
Start importing Assets/Arboles/Tree_Packs/URP_Tree_Pack/Models/URP_Tree_2/URP_Tree_2_LOD_1.fbx using Guid(423b693f7a3fb7b47827a61a7ad4d009) Importer(2089858483,b0f066a214c2f5e87bad3c948f4d605d) (ScriptedImporter) -> (artifact id: 'e04f1cae42072447cd9cfb33b466d004') in 0.0227542 seconds
Number of updated asset objects reloaded before import = 0Number of asset objects unloaded after import = 9

========================================================================
Received Import Request.
  Time since last request: 0.000192 seconds.
  path: Assets/Arboles/Tree_Packs/URP_Tree_Pack/Models/URP_Tree_2/URP_Tree_2_LOD_3.fbx
  artifactKey: Guid(f87f29b06ec5e694f8847aa35cb746e3) Importer(2089858483,b0f066a214c2f5e87bad3c948f4d605d)
Start importing Assets/Arboles/Tree_Packs/URP_Tree_Pack/Models/URP_Tree_2/URP_Tree_2_LOD_3.fbx using Guid(f87f29b06ec5e694f8847aa35cb746e3) Importer(2089858483,b0f066a214c2f5e87bad3c948f4d605d) (ScriptedImporter) -> (artifact id: '4d46da73e2638be4fc2b6e5264169190') in 0.0141464 seconds
Number of updated asset objects reloaded before import = 0Number of asset objects unloaded after import = 9

========================================================================
Received Import Request.
  Time since last request: 0.000028 seconds.
  path: Assets/Arboles/Tree_Packs/URP_Tree_Pack/Doc/2_Notices.txt
  artifactKey: Guid(d37efe34565d3e541957b06214302f0c) Importer(2089858483,b0f066a214c2f5e87bad3c948f4d605d)
Start importing Assets/Arboles/Tree_Packs/URP_Tree_Pack/Doc/2_Notices.txt using Guid(d37efe34565d3e541957b06214302f0c) Importer(2089858483,b0f066a214c2f5e87bad3c948f4d605d) (ScriptedImporter) -> (artifact id: '13ab5a945622eda2e5466d32a562a468') in 0.0077597 seconds
Number of updated asset objects reloaded before import = 0Number of asset objects unloaded after import = 1

========================================================================
Received Import Request.
  Time since last request: 0.000059 seconds.
  path: Assets/Arboles/Tree_Packs/URP_Tree_Pack/Models/URP_Tree_2
  artifactKey: Guid(8839daedc8fac254c85fb79888cf2d4c) Importer(2089858483,b0f066a214c2f5e87bad3c948f4d605d)
Start importing Assets/Arboles/Tree_Packs/URP_Tree_Pack/Models/URP_Tree_2 using Guid(8839daedc8fac254c85fb79888cf2d4c) Importer(2089858483,b0f066a214c2f5e87bad3c948f4d605d) (ScriptedImporter) -> (artifact id: '5135846bf29b69fc4c4e100cede81446') in 0.0136497 seconds
Number of updated asset objects reloaded before import = 0Number of asset objects unloaded after import = 1

========================================================================
Received Import Request.
  Time since last request: 0.000083 seconds.
  path: Assets/Arboles/Tree_Packs/URP_Tree_Pack/Models/URP_Tree_3
  artifactKey: Guid(6eebaafa35ae4ee45a0a7a3bc179f037) Importer(2089858483,b0f066a214c2f5e87bad3c948f4d605d)
Start importing Assets/Arboles/Tree_Packs/URP_Tree_Pack/Models/URP_Tree_3 using Guid(6eebaafa35ae4ee45a0a7a3bc179f037) Importer(2089858483,b0f066a214c2f5e87bad3c948f4d605d) (ScriptedImporter) -> (artifact id: 'c8b256ee90104acaad8c701933c5b1b5') in 0.0078901 seconds
Number of updated asset objects reloaded before import = 0Number of asset objects unloaded after import = 1

========================================================================
Received Import Request.
  Time since last request: 0.000108 seconds.
  path: Assets/Arboles/Tree_Packs/URP_Tree_Pack/Models/URP_Tree_2/URP_Tree_2_LOD_0.fbx
  artifactKey: Guid(b45cc48d62b4ade468a90cbc817aecaf) Importer(2089858483,b0f066a214c2f5e87bad3c948f4d605d)
Start importing Assets/Arboles/Tree_Packs/URP_Tree_Pack/Models/URP_Tree_2/URP_Tree_2_LOD_0.fbx using Guid(b45cc48d62b4ade468a90cbc817aecaf) Importer(2089858483,b0f066a214c2f5e87bad3c948f4d605d) (ScriptedImporter) -> (artifact id: '4d06967219f3dbdeebd9a655c800e7e1') in 0.0226648 seconds
Number of updated asset objects reloaded before import = 0Number of asset objects unloaded after import = 9

========================================================================
Received Import Request.
  Time since last request: 0.000095 seconds.
  path: Assets/Arboles/Tree_Packs/URP_Tree_Pack/Models/URP_Tree_1/Materials/Leaf.mat
  artifactKey: Guid(ceb4d366f02dab3489e36a95ffb3e9e4) Importer(2089858483,b0f066a214c2f5e87bad3c948f4d605d)
Start importing Assets/Arboles/Tree_Packs/URP_Tree_Pack/Models/URP_Tree_1/Materials/Leaf.mat using Guid(ceb4d366f02dab3489e36a95ffb3e9e4) Importer(2089858483,b0f066a214c2f5e87bad3c948f4d605d) (ScriptedImporter) -> (artifact id: '7591be8b78f68f9634e24cc6dcd369ea') in 0.0120792 seconds
Number of updated asset objects reloaded before import = 0Number of asset objects unloaded after import = 2

========================================================================
Received Import Request.
  Time since last request: 0.000087 seconds.
  path: Assets/Arboles/Tree_Packs/URP_Tree_Pack/Scripts/Tree_Packs.cs
  artifactKey: Guid(0447bde6a836ff8469f99c2ba035cdac) Importer(2089858483,b0f066a214c2f5e87bad3c948f4d605d)
Start importing Assets/Arboles/Tree_Packs/URP_Tree_Pack/Scripts/Tree_Packs.cs using Guid(0447bde6a836ff8469f99c2ba035cdac) Importer(2089858483,b0f066a214c2f5e87bad3c948f4d605d) (ScriptedImporter) -> (artifact id: '891cbf439da159420bfecaf8b1659964') in 0.009442 seconds
Number of updated asset objects reloaded before import = 0Number of asset objects unloaded after import = 0

========================================================================
Received Import Request.
  Time since last request: 0.000039 seconds.
  path: Assets/Arboles/Tree_Packs/URP_Tree_Pack/Models/URP_Tree_2/Materials/Trunk.mat
  artifactKey: Guid(946553a4511af924ea54b2840e9b3b21) Importer(2089858483,b0f066a214c2f5e87bad3c948f4d605d)
Start importing Assets/Arboles/Tree_Packs/URP_Tree_Pack/Models/URP_Tree_2/Materials/Trunk.mat using Guid(946553a4511af924ea54b2840e9b3b21) Importer(2089858483,b0f066a214c2f5e87bad3c948f4d605d) (ScriptedImporter) -> (artifact id: 'c9169534f46255803b4ad1929cc5b7f6') in 0.0086362 seconds
Number of updated asset objects reloaded before import = 0Number of asset objects unloaded after import = 2

========================================================================
Received Import Request.
  Time since last request: 0.000045 seconds.
  path: Assets/Arboles/Tree_Packs/URP_Tree_Pack/Settings
  artifactKey: Guid(c1dc9f3e2ea351541affae0c81b66467) Importer(2089858483,b0f066a214c2f5e87bad3c948f4d605d)
Start importing Assets/Arboles/Tree_Packs/URP_Tree_Pack/Settings using Guid(c1dc9f3e2ea351541affae0c81b66467) Importer(2089858483,b0f066a214c2f5e87bad3c948f4d605d) (ScriptedImporter) -> (artifact id: 'd6b7345d6d341c8c7281c8cfafd7bfbb') in 0.0051789 seconds
Number of updated asset objects reloaded before import = 0Number of asset objects unloaded after import = 1

========================================================================
Received Import Request.
  Time since last request: 0.000094 seconds.
  path: Assets/Arboles/Tree_Packs/URP_Tree_Pack/Models/URP_Tree_3/Materials/Leaf.mat
  artifactKey: Guid(6a3720bc3012dca4fbea486b3c6854dd) Importer(2089858483,b0f066a214c2f5e87bad3c948f4d605d)
Start importing Assets/Arboles/Tree_Packs/URP_Tree_Pack/Models/URP_Tree_3/Materials/Leaf.mat using Guid(6a3720bc3012dca4fbea486b3c6854dd) Importer(2089858483,b0f066a214c2f5e87bad3c948f4d605d) (ScriptedImporter) -> (artifact id: '55ef2d1da3b2c0ac373d82477c9bc7df') in 0.0147467 seconds
Number of updated asset objects reloaded before import = 0Number of asset objects unloaded after import = 2

========================================================================
Received Import Request.
  Time since last request: 0.000060 seconds.
  path: Assets/Arboles/Tree_Packs/URP_Tree_Pack/Textures/Trunk
  artifactKey: Guid(e9c0073cc25e5b340b4d1dc0f71a176f) Importer(2089858483,b0f066a214c2f5e87bad3c948f4d605d)
Start importing Assets/Arboles/Tree_Packs/URP_Tree_Pack/Textures/Trunk using Guid(e9c0073cc25e5b340b4d1dc0f71a176f) Importer(2089858483,b0f066a214c2f5e87bad3c948f4d605d) (ScriptedImporter) -> (artifact id: '6527cc14c703e37c8f62471537b5f6cb') in 0.0067487 seconds
Number of updated asset objects reloaded before import = 0Number of asset objects unloaded after import = 1

========================================================================
Received Import Request.
  Time since last request: 0.000075 seconds.
  path: Assets/Arboles/Tree_Packs/URP_Tree_Pack/Models/URP_Tree_2/Materials/Leaf.mat
  artifactKey: Guid(7b70eedbfdda69340a0654a023bbfa72) Importer(2089858483,b0f066a214c2f5e87bad3c948f4d605d)
Start importing Assets/Arboles/Tree_Packs/URP_Tree_Pack/Models/URP_Tree_2/Materials/Leaf.mat using Guid(7b70eedbfdda69340a0654a023bbfa72) Importer(2089858483,b0f066a214c2f5e87bad3c948f4d605d) (ScriptedImporter) -> (artifact id: '5cfe14adf4410462606e6e902e1d3bd1') in 0.0353856 seconds
Number of updated asset objects reloaded before import = 0Number of asset objects unloaded after import = 2

========================================================================
Received Import Request.
  Time since last request: 0.000098 seconds.
  path: Assets/Arboles/Tree_Packs/URP_Tree_Pack/Models
  artifactKey: Guid(5da983813db86b64d89e5fb188408d1f) Importer(2089858483,b0f066a214c2f5e87bad3c948f4d605d)
Start importing Assets/Arboles/Tree_Packs/URP_Tree_Pack/Models using Guid(5da983813db86b64d89e5fb188408d1f) Importer(2089858483,b0f066a214c2f5e87bad3c948f4d605d) (ScriptedImporter) -> (artifact id: 'c746d07a948a518d6ac7b89770fcaf4b') in 0.0060477 seconds
Number of updated asset objects reloaded before import = 0Number of asset objects unloaded after import = 1

========================================================================
Received Import Request.
  Time since last request: 0.000050 seconds.
  path: Assets/Arboles/Tree_Packs/URP_Tree_Pack/Textures
  artifactKey: Guid(42d77cd5ec560df4b8e679a984e050e9) Importer(2089858483,b0f066a214c2f5e87bad3c948f4d605d)
Start importing Assets/Arboles/Tree_Packs/URP_Tree_Pack/Textures using Guid(42d77cd5ec560df4b8e679a984e050e9) Importer(2089858483,b0f066a214c2f5e87bad3c948f4d605d) (ScriptedImporter) -> (artifact id: 'dd0aa9eb8bec49886b23fba8367da779') in 0.0083553 seconds
Number of updated asset objects reloaded before import = 0Number of asset objects unloaded after import = 1

========================================================================
Received Import Request.
  Time since last request: 0.000033 seconds.
  path: Assets/Arboles/Tree_Packs/URP_Tree_Pack/Doc
  artifactKey: Guid(59069989790a0cd45a508718b3f5e50b) Importer(2089858483,b0f066a214c2f5e87bad3c948f4d605d)
Start importing Assets/Arboles/Tree_Packs/URP_Tree_Pack/Doc using Guid(59069989790a0cd45a508718b3f5e50b) Importer(2089858483,b0f066a214c2f5e87bad3c948f4d605d) (ScriptedImporter) -> (artifact id: 'e81f931553b561e7226f833c174a8081') in 0.0081389 seconds
Number of updated asset objects reloaded before import = 0Number of asset objects unloaded after import = 1

========================================================================
Received Import Request.
  Time since last request: 0.000060 seconds.
  path: Assets/Arboles/Tree_Packs/URP_Tree_Pack/Textures/Global/IBL_Sky.mat
  artifactKey: Guid(ec9e42d159176684fb6a0bc9034633f1) Importer(2089858483,b0f066a214c2f5e87bad3c948f4d605d)
Start importing Assets/Arboles/Tree_Packs/URP_Tree_Pack/Textures/Global/IBL_Sky.mat using Guid(ec9e42d159176684fb6a0bc9034633f1) Importer(2089858483,b0f066a214c2f5e87bad3c948f4d605d) (ScriptedImporter) -> (artifact id: 'e34a1a503e271e6b6f2eb1aad8b66923') in 1.2142413 seconds
Number of updated asset objects reloaded before import = 0Number of asset objects unloaded after import = 2

========================================================================
Received Prepare
Begin MonoManager ReloadAssembly
[Licensing::Client] Successfully resolved entitlement details
- Loaded All Assemblies, in  2.576 seconds
Refreshing native plugins compatible for Editor in 1.97 ms, found 3 plugins.
Native extension for WindowsStandalone target not found
Native extension for WebGL target not found
[Package Manager] Failed to launch server process. Reason: Unity was launched with the -noUpm command-line argument
[Package Manager] Unable to send message (not connected to server process).
[Package Manager] Cannot connect to Unity Package Manager local server
ScheduleIndexationOnStartup MainProcess:False IndexOnStartup:True
Mono: successfully reloaded assembly
- Finished resetting the current domain, in  0.931 seconds
Domain Reload Profiling: 3515ms
	BeginReloadAssembly (832ms)
		ExecutionOrderSort (0ms)
		DisableScriptedObjects (92ms)
		BackupInstance (0ms)
		ReleaseScriptingObjects (1ms)
		CreateAndSetChildDomain (367ms)
	RebuildCommonClasses (61ms)
	RebuildNativeTypeToScriptingClass (15ms)
	initialDomainReloadingComplete (47ms)
	LoadAllAssembliesAndSetupDomain (1628ms)
		LoadAssemblies (1334ms)
		RebuildTransferFunctionScriptingTraits (0ms)
		AnalyzeDomain (513ms)
			TypeCache.Refresh (75ms)
				TypeCache.ScanAssembly (3ms)
			BuildScriptInfoCaches (395ms)
			ResolveRequiredComponents (21ms)
	FinalizeReload (931ms)
		ReleaseScriptCaches (0ms)
		RebuildScriptCaches (0ms)
		SetupLoadedEditorAssemblies (685ms)
			LogAssemblyErrors (0ms)
			InitializePlatformSupportModulesInManaged (3ms)
			SetLoadedEditorAssemblies (7ms)
			BeforeProcessingInitializeOnLoad (189ms)
			ProcessInitializeOnLoadAttributes (400ms)
			ProcessInitializeOnLoadMethodAttributes (80ms)
			AfterProcessingInitializeOnLoad (5ms)
			EditorAssembliesLoaded (1ms)
		ExecutionOrderSort2 (0ms)
		AwakeInstancesAfterBackupRestoration (20ms)
Refreshing native plugins compatible for Editor in 1.18 ms, found 3 plugins.
Preloading 0 native plugins for Editor in 0.00 ms.
Unloading 87 Unused Serialized files (Serialized files now loaded: 0)
Unloading 6315 unused Assets / (22.8 MB). Loaded Objects now: 7281.
Memory consumption went from 188.7 MB to 166.0 MB.
Total: 24.060700 ms (FindLiveObjects: 1.566900 ms CreateObjectMapping: 0.810900 ms MarkObjects: 7.691400 ms  DeleteObjects: 13.988600 ms)

Prepare: number of updated asset objects reloaded= 0
========================================================================
Received Prepare
Refreshing native plugins compatible for Editor in 1.05 ms, found 3 plugins.
Preloading 0 native plugins for Editor in 0.00 ms.
Unloading 83 Unused Serialized files (Serialized files now loaded: 0)
Unloading 6297 unused Assets / (12.3 MB). Loaded Objects now: 7274.
Memory consumption went from 177.9 MB to 165.6 MB.
Total: 20.509000 ms (FindLiveObjects: 1.338200 ms CreateObjectMapping: 0.818200 ms MarkObjects: 9.289200 ms  DeleteObjects: 9.061000 ms)

Prepare: number of updated asset objects reloaded= 1
========================================================================
Received Prepare
Begin MonoManager ReloadAssembly
- Loaded All Assemblies, in  1.087 seconds
Refreshing native plugins compatible for Editor in 2.25 ms, found 3 plugins.
Native extension for WindowsStandalone target not found
Native extension for WebGL target not found
[Package Manager] Failed to launch server process. Reason: Unity was launched with the -noUpm command-line argument
[Package Manager] Unable to send message (not connected to server process).
[Package Manager] Cannot connect to Unity Package Manager local server
ScheduleIndexationOnStartup MainProcess:False IndexOnStartup:True
Mono: successfully reloaded assembly
- Finished resetting the current domain, in  0.948 seconds
Domain Reload Profiling: 2038ms
	BeginReloadAssembly (322ms)
		ExecutionOrderSort (0ms)
		DisableScriptedObjects (9ms)
		BackupInstance (0ms)
		ReleaseScriptingObjects (1ms)
		CreateAndSetChildDomain (93ms)
	RebuildCommonClasses (43ms)
	RebuildNativeTypeToScriptingClass (13ms)
	initialDomainReloadingComplete (42ms)
	LoadAllAssembliesAndSetupDomain (670ms)
		LoadAssemblies (542ms)
		RebuildTransferFunctionScriptingTraits (0ms)
		AnalyzeDomain (248ms)
			TypeCache.Refresh (15ms)
				TypeCache.ScanAssembly (1ms)
			BuildScriptInfoCaches (215ms)
			ResolveRequiredComponents (12ms)
	FinalizeReload (948ms)
		ReleaseScriptCaches (0ms)
		RebuildScriptCaches (0ms)
		SetupLoadedEditorAssemblies (661ms)
			LogAssemblyErrors (0ms)
			InitializePlatformSupportModulesInManaged (2ms)
			SetLoadedEditorAssemblies (6ms)
			BeforeProcessingInitializeOnLoad (199ms)
			ProcessInitializeOnLoadAttributes (369ms)
			ProcessInitializeOnLoadMethodAttributes (79ms)
			AfterProcessingInitializeOnLoad (5ms)
			EditorAssembliesLoaded (0ms)
		ExecutionOrderSort2 (0ms)
		AwakeInstancesAfterBackupRestoration (20ms)
Refreshing native plugins compatible for Editor in 2.20 ms, found 3 plugins.
Preloading 0 native plugins for Editor in 0.00 ms.
Unloading 83 Unused Serialized files (Serialized files now loaded: 0)
Unloading 6303 unused Assets / (12.0 MB). Loaded Objects now: 7276.
Memory consumption went from 175.3 MB to 163.3 MB.
Total: 21.613300 ms (FindLiveObjects: 2.380600 ms CreateObjectMapping: 2.302600 ms MarkObjects: 8.681400 ms  DeleteObjects: 8.245700 ms)

Prepare: number of updated asset objects reloaded= 0
========================================================================
Received Prepare
Assembly with name 'ALP8310_ControllerGlobal' already exists (Assets/ALP_Assets/Poplar Tree FREE/Core/Scripts/Controller/ALP8310_ControllerGlobal.asmdef)
Assembly with name 'ALP8310_ControllerGlobal' already exists (Assets/ALP_Assets/Big Oak Tree FREE/Core/Scripts/Controller/ALP8310_ControllerGlobal.asmdef)
Assembly with name 'ALP8310_ControllerGlobal.Editor' already exists (Assets/ALP_Assets/Big Oak Tree FREE/Core/Scripts/Controller/Editor/ALP8310_ControllerGlobal.Editor.asmdef)
Assembly with name 'ALP8310_ControllerGlobal.Editor' already exists (Assets/ALP_Assets/Poplar Tree FREE/Core/Scripts/Controller/Editor/ALP8310_ControllerGlobal.Editor.asmdef)
Assembly with name 'ALP8310_ControllerGlobal' already exists (Assets/ALP_Assets/Poplar Tree FREE/Core/Scripts/Controller/ALP8310_ControllerGlobal.asmdef)
Assembly with name 'ALP8310_ControllerGlobal' already exists (Assets/ALP_Assets/Big Oak Tree FREE/Core/Scripts/Controller/ALP8310_ControllerGlobal.asmdef)
Assembly with name 'ALP8310_ControllerGlobal.Editor' already exists (Assets/ALP_Assets/Big Oak Tree FREE/Core/Scripts/Controller/Editor/ALP8310_ControllerGlobal.Editor.asmdef)
Assembly with name 'ALP8310_ControllerGlobal.Editor' already exists (Assets/ALP_Assets/Poplar Tree FREE/Core/Scripts/Controller/Editor/ALP8310_ControllerGlobal.Editor.asmdef)
Begin MonoManager ReloadAssembly
[Licensing::Client] Successfully resolved entitlement details
- Loaded All Assemblies, in  2.318 seconds
Assembly with name 'ALP8310_ControllerGlobal' already exists (Assets/ALP_Assets/Poplar Tree FREE/Core/Scripts/Controller/ALP8310_ControllerGlobal.asmdef)
Assembly with name 'ALP8310_ControllerGlobal' already exists (Assets/ALP_Assets/Big Oak Tree FREE/Core/Scripts/Controller/ALP8310_ControllerGlobal.asmdef)
Assembly with name 'ALP8310_ControllerGlobal.Editor' already exists (Assets/ALP_Assets/Big Oak Tree FREE/Core/Scripts/Controller/Editor/ALP8310_ControllerGlobal.Editor.asmdef)
Assembly with name 'ALP8310_ControllerGlobal.Editor' already exists (Assets/ALP_Assets/Poplar Tree FREE/Core/Scripts/Controller/Editor/ALP8310_ControllerGlobal.Editor.asmdef)
Refreshing native plugins compatible for Editor in 1.70 ms, found 3 plugins.
Native extension for WindowsStandalone target not found
Native extension for WebGL target not found
Assembly with name 'ALP8310_ControllerGlobal' already exists (Assets/ALP_Assets/Poplar Tree FREE/Core/Scripts/Controller/ALP8310_ControllerGlobal.asmdef)
Assembly with name 'ALP8310_ControllerGlobal' already exists (Assets/ALP_Assets/Big Oak Tree FREE/Core/Scripts/Controller/ALP8310_ControllerGlobal.asmdef)
Assembly with name 'ALP8310_ControllerGlobal.Editor' already exists (Assets/ALP_Assets/Big Oak Tree FREE/Core/Scripts/Controller/Editor/ALP8310_ControllerGlobal.Editor.asmdef)
Assembly with name 'ALP8310_ControllerGlobal.Editor' already exists (Assets/ALP_Assets/Poplar Tree FREE/Core/Scripts/Controller/Editor/ALP8310_ControllerGlobal.Editor.asmdef)
[Package Manager] Failed to launch server process. Reason: Unity was launched with the -noUpm command-line argument
[Package Manager] Unable to send message (not connected to server process).
[Package Manager] Cannot connect to Unity Package Manager local server
ScheduleIndexationOnStartup MainProcess:False IndexOnStartup:True
Mono: successfully reloaded assembly
- Finished resetting the current domain, in  1.253 seconds
Domain Reload Profiling: 3580ms
	BeginReloadAssembly (809ms)
		ExecutionOrderSort (0ms)
		DisableScriptedObjects (44ms)
		BackupInstance (0ms)
		ReleaseScriptingObjects (1ms)
		CreateAndSetChildDomain (220ms)
	RebuildCommonClasses (67ms)
	RebuildNativeTypeToScriptingClass (20ms)
	initialDomainReloadingComplete (66ms)
	LoadAllAssembliesAndSetupDomain (1365ms)
		LoadAssemblies (1152ms)
		RebuildTransferFunctionScriptingTraits (0ms)
		AnalyzeDomain (535ms)
			TypeCache.Refresh (81ms)
				TypeCache.ScanAssembly (4ms)
			BuildScriptInfoCaches (422ms)
			ResolveRequiredComponents (18ms)
	FinalizeReload (1254ms)
		ReleaseScriptCaches (0ms)
		RebuildScriptCaches (0ms)
		SetupLoadedEditorAssemblies (945ms)
			LogAssemblyErrors (0ms)
			InitializePlatformSupportModulesInManaged (5ms)
			SetLoadedEditorAssemblies (7ms)
			BeforeProcessingInitializeOnLoad (258ms)
			ProcessInitializeOnLoadAttributes (551ms)
			ProcessInitializeOnLoadMethodAttributes (117ms)
			AfterProcessingInitializeOnLoad (6ms)
			EditorAssembliesLoaded (2ms)
		ExecutionOrderSort2 (0ms)
		AwakeInstancesAfterBackupRestoration (29ms)
Refreshing native plugins compatible for Editor in 1.35 ms, found 3 plugins.
Preloading 0 native plugins for Editor in 0.00 ms.
Unloading 91 Unused Serialized files (Serialized files now loaded: 0)
Unloading 6317 unused Assets / (24.2 MB). Loaded Objects now: 7287.
Memory consumption went from 190.2 MB to 165.9 MB.
Total: 34.911100 ms (FindLiveObjects: 2.310900 ms CreateObjectMapping: 1.022100 ms MarkObjects: 15.202600 ms  DeleteObjects: 16.372500 ms)

Prepare: number of updated asset objects reloaded= 0
========================================================================
Received Import Request.
  Time since last request: 181.941993 seconds.
  path: Assets/Arboles/Tree_Packs/URP_Tree_Pack/Models/URP_Tree_2/URP_Tree_2_LOD_1.fbx
  artifactKey: Guid(423b693f7a3fb7b47827a61a7ad4d009) Importer(815301076,1909f56bfc062723c751e8b465ee728b)
Start importing Assets/Arboles/Tree_Packs/URP_Tree_Pack/Models/URP_Tree_2/URP_Tree_2_LOD_1.fbx using Guid(423b693f7a3fb7b47827a61a7ad4d009) Importer(815301076,1909f56bfc062723c751e8b465ee728b) (PreviewImporter) -> (artifact id: 'df7d6f92eee10166388c4bd25fc805cc') in 1.3139495 seconds
Number of updated asset objects reloaded before import = 0Number of asset objects unloaded after import = 11

========================================================================
Received Import Request.
  Time since last request: 1.812441 seconds.
  path: Assets/Arboles/Tree_Packs/URP_Tree_Pack/Models/URP_Tree_1/URP_Tree_1_LOD_3.fbx
  artifactKey: Guid(690b2391c32f7744eb70ac3f0795c1eb) Importer(815301076,1909f56bfc062723c751e8b465ee728b)
Start importing Assets/Arboles/Tree_Packs/URP_Tree_Pack/Models/URP_Tree_1/URP_Tree_1_LOD_3.fbx using Guid(690b2391c32f7744eb70ac3f0795c1eb) Importer(815301076,1909f56bfc062723c751e8b465ee728b) (PreviewImporter) -> (artifact id: '5dda933c58d1afd546dbf395700830bf') in 0.0574802 seconds
Number of updated asset objects reloaded before import = 0Number of asset objects unloaded after import = 11

========================================================================
Received Import Request.
  Time since last request: 0.192978 seconds.
  path: Assets/Arboles/Tree_Packs/URP_Tree_Pack/Models/URP_Tree_1/URP_Tree_1_LOD_1.fbx
  artifactKey: Guid(fc8ec91f9ed53ab4b8302d063cc89ae6) Importer(815301076,1909f56bfc062723c751e8b465ee728b)
Start importing Assets/Arboles/Tree_Packs/URP_Tree_Pack/Models/URP_Tree_1/URP_Tree_1_LOD_1.fbx using Guid(fc8ec91f9ed53ab4b8302d063cc89ae6) Importer(815301076,1909f56bfc062723c751e8b465ee728b) (PreviewImporter) -> (artifact id: 'ebf14ef6a4db489fa18959f33eaa8b44') in 0.050159 seconds
Number of updated asset objects reloaded before import = 0Number of asset objects unloaded after import = 11

========================================================================
Received Import Request.
  Time since last request: 32.379552 seconds.
  path: Assets/ALP_Assets/Poplar Tree FREE/Models/Materials/BranchesPoplar001_ALP.mat
  artifactKey: Guid(066670baf6763f841b499709e1f5cc2f) Importer(815301076,1909f56bfc062723c751e8b465ee728b)
Start importing Assets/ALP_Assets/Poplar Tree FREE/Models/Materials/BranchesPoplar001_ALP.mat using Guid(066670baf6763f841b499709e1f5cc2f) Importer(815301076,1909f56bfc062723c751e8b465ee728b) (PreviewImporter) -> (artifact id: '151622b35cd07adf3df2ca23bd899964') in 0.2448671 seconds
Number of updated asset objects reloaded before import = 0Number of asset objects unloaded after import = 5

========================================================================
Received Import Request.
  Time since last request: 0.000056 seconds.
  path: Assets/ALP_Assets/Poplar Tree FREE/Models/Materials/SkyPoplar.mat
  artifactKey: Guid(f68a06ef137de7e49a955911066a6829) Importer(815301076,1909f56bfc062723c751e8b465ee728b)
Start importing Assets/ALP_Assets/Poplar Tree FREE/Models/Materials/SkyPoplar.mat using Guid(f68a06ef137de7e49a955911066a6829) Importer(815301076,1909f56bfc062723c751e8b465ee728b) (PreviewImporter) -> (artifact id: 'dad09f7da5a742e4db82c4d575de26a5') in 0.1328985 seconds
Number of updated asset objects reloaded before import = 0Number of asset objects unloaded after import = 1

========================================================================
Received Import Request.
  Time since last request: 5.490901 seconds.
  path: Assets/ALP_Assets/Poplar Tree FREE/TerrainLayers/Brown.terrainlayer
  artifactKey: Guid(f2b04dadcab983d44a793ad1e365a236) Importer(2089858483,b0f066a214c2f5e87bad3c948f4d605d)
Start importing Assets/ALP_Assets/Poplar Tree FREE/TerrainLayers/Brown.terrainlayer using Guid(f2b04dadcab983d44a793ad1e365a236) Importer(2089858483,b0f066a214c2f5e87bad3c948f4d605d) (ScriptedImporter) -> (artifact id: '3dd05d4e525a7b5c45720404b90fdc26') in 0.0936213 seconds
Number of updated asset objects reloaded before import = 0Number of asset objects unloaded after import = 2

========================================================================
Received Import Request.
  Time since last request: 0.000044 seconds.
  path: Assets/ALP_Assets/Poplar Tree FREE/Models/Textures/BranchesPoplar001_N.tga
  artifactKey: Guid(f0ee2b666bf7b4943a6415517ca86f94) Importer(2089858483,b0f066a214c2f5e87bad3c948f4d605d)
Start importing Assets/ALP_Assets/Poplar Tree FREE/Models/Textures/BranchesPoplar001_N.tga using Guid(f0ee2b666bf7b4943a6415517ca86f94) Importer(2089858483,b0f066a214c2f5e87bad3c948f4d605d) (ScriptedImporter) -> (artifact id: '6ba760eecd6ac35231c0f94851cb85cb') in 0.1268706 seconds
Number of updated asset objects reloaded before import = 0Number of asset objects unloaded after import = 1

========================================================================
Received Import Request.
  Time since last request: 0.000061 seconds.
  path: Assets/ALP_Assets/Poplar Tree FREE/Models/Materials/BarkPoplar001_ALP.mat
  artifactKey: Guid(c7d50899474f4334a8a8f85fbf655c57) Importer(2089858483,b0f066a214c2f5e87bad3c948f4d605d)
Start importing Assets/ALP_Assets/Poplar Tree FREE/Models/Materials/BarkPoplar001_ALP.mat using Guid(c7d50899474f4334a8a8f85fbf655c57) Importer(2089858483,b0f066a214c2f5e87bad3c948f4d605d) (ScriptedImporter) -> (artifact id: 'fe51f95730cee7d1dff2fd007aa1022d') in 0.2995108 seconds
Number of updated asset objects reloaded before import = 0Number of asset objects unloaded after import = 6

========================================================================
Received Import Request.
  Time since last request: 0.000051 seconds.
  path: Assets/ALP_Assets/Poplar Tree FREE/Models/Textures/PoplarTree001_Billboard.tga
  artifactKey: Guid(30703dd7617354e4494e425b32656f5d) Importer(2089858483,b0f066a214c2f5e87bad3c948f4d605d)
Start importing Assets/ALP_Assets/Poplar Tree FREE/Models/Textures/PoplarTree001_Billboard.tga using Guid(30703dd7617354e4494e425b32656f5d) Importer(2089858483,b0f066a214c2f5e87bad3c948f4d605d) (ScriptedImporter) -> (artifact id: '6f5baac10101a5f4d1cc79abbe87a0fc') in 0.0144085 seconds
Number of updated asset objects reloaded before import = 0Number of asset objects unloaded after import = 1

========================================================================
Received Import Request.
  Time since last request: 0.000029 seconds.
  path: Assets/ALP_Assets/Poplar Tree FREE/Settings
  artifactKey: Guid(3fb0640d938a1534697e301eebc92d9c) Importer(2089858483,b0f066a214c2f5e87bad3c948f4d605d)
Start importing Assets/ALP_Assets/Poplar Tree FREE/Settings using Guid(3fb0640d938a1534697e301eebc92d9c) Importer(2089858483,b0f066a214c2f5e87bad3c948f4d605d) (ScriptedImporter) -> (artifact id: 'e9325fad83ee57af8aa0822b7911e06d') in 0.0039988 seconds
Number of updated asset objects reloaded before import = 0Number of asset objects unloaded after import = 1

========================================================================
Received Import Request.
  Time since last request: 0.000025 seconds.
  path: Assets/ALP_Assets/Poplar Tree FREE/Shaders/Billboard_Instanced.shader
  artifactKey: Guid(11ef9840a53f60346b0e43653d8e1bf8) Importer(2089858483,b0f066a214c2f5e87bad3c948f4d605d)
Start importing Assets/ALP_Assets/Poplar Tree FREE/Shaders/Billboard_Instanced.shader using Guid(11ef9840a53f60346b0e43653d8e1bf8) Importer(2089858483,b0f066a214c2f5e87bad3c948f4d605d) (ScriptedImporter) -> (artifact id: 'be7d9ea2348ab18a5db965fe5308810d') in 0.0108871 seconds
Number of updated asset objects reloaded before import = 0Number of asset objects unloaded after import = 1

========================================================================
Received Import Request.
  Time since last request: 0.000023 seconds.
  path: Assets/ALP_Assets/Poplar Tree FREE/Models/Textures/Poplar_Bark001_N.png
  artifactKey: Guid(8815b262b15479d4d85d57c0552dda18) Importer(2089858483,b0f066a214c2f5e87bad3c948f4d605d)
Start importing Assets/ALP_Assets/Poplar Tree FREE/Models/Textures/Poplar_Bark001_N.png using Guid(8815b262b15479d4d85d57c0552dda18) Importer(2089858483,b0f066a214c2f5e87bad3c948f4d605d) (ScriptedImporter) -> (artifact id: 'e77f8a17ed61af5d773e8c9d6b4d6709') in 0.0255437 seconds
Number of updated asset objects reloaded before import = 0Number of asset objects unloaded after import = 1

========================================================================
Received Import Request.
  Time since last request: 0.000052 seconds.
  path: Assets/ALP_Assets/Poplar Tree FREE/Models/Textures/Poplar_Bark001_AO.png
  artifactKey: Guid(9328d136140fa3d49ab8cb0a448c62d0) Importer(2089858483,b0f066a214c2f5e87bad3c948f4d605d)
Start importing Assets/ALP_Assets/Poplar Tree FREE/Models/Textures/Poplar_Bark001_AO.png using Guid(9328d136140fa3d49ab8cb0a448c62d0) Importer(2089858483,b0f066a214c2f5e87bad3c948f4d605d) (ScriptedImporter) -> (artifact id: '0a31978ccde7fa8ca87a61c642369804') in 0.0323683 seconds
Number of updated asset objects reloaded before import = 0Number of asset objects unloaded after import = 1

========================================================================
Received Import Request.
  Time since last request: 0.000037 seconds.
  path: Assets/ALP_Assets/Poplar Tree FREE/Models/Textures/BranchesPoplar001_AO.png
  artifactKey: Guid(cde5cb8940f6c8049b7d9963c5c420d3) Importer(2089858483,b0f066a214c2f5e87bad3c948f4d605d)
Start importing Assets/ALP_Assets/Poplar Tree FREE/Models/Textures/BranchesPoplar001_AO.png using Guid(cde5cb8940f6c8049b7d9963c5c420d3) Importer(2089858483,b0f066a214c2f5e87bad3c948f4d605d) (ScriptedImporter) -> (artifact id: '175af340660e95e7358cfcc0720f76e7') in 0.0178187 seconds
Number of updated asset objects reloaded before import = 0Number of asset objects unloaded after import = 1

========================================================================
Received Import Request.
  Time since last request: 0.000038 seconds.
  path: Assets/ALP_Assets/Poplar Tree FREE/TerrainLayers/Green.terrainlayer
  artifactKey: Guid(63f7d2a8f9a56924bb366f5c7cf2fae9) Importer(2089858483,b0f066a214c2f5e87bad3c948f4d605d)
Start importing Assets/ALP_Assets/Poplar Tree FREE/TerrainLayers/Green.terrainlayer using Guid(63f7d2a8f9a56924bb366f5c7cf2fae9) Importer(2089858483,b0f066a214c2f5e87bad3c948f4d605d) (ScriptedImporter) -> (artifact id: '1b9e360e9412926fc3f63b96670f7c73') in 0.0071662 seconds
Number of updated asset objects reloaded before import = 0Number of asset objects unloaded after import = 2

========================================================================
Received Import Request.
  Time since last request: 0.000030 seconds.
  path: Assets/ALP_Assets/Poplar Tree FREE/Models/Materials/SkyPoplar.mat
  artifactKey: Guid(f68a06ef137de7e49a955911066a6829) Importer(2089858483,b0f066a214c2f5e87bad3c948f4d605d)
Start importing Assets/ALP_Assets/Poplar Tree FREE/Models/Materials/SkyPoplar.mat using Guid(f68a06ef137de7e49a955911066a6829) Importer(2089858483,b0f066a214c2f5e87bad3c948f4d605d) (ScriptedImporter) -> (artifact id: 'c563e0126e65242d15fa01534bc8214e') in 0.005706 seconds
Number of updated asset objects reloaded before import = 0Number of asset objects unloaded after import = 1

========================================================================
Received Import Request.
  Time since last request: 0.000062 seconds.
  path: Assets/ALP_Assets/Poplar Tree FREE/Prefabs/PoplarTree001_pr.prefab
  artifactKey: Guid(6770e849cebefb44eaa52103c9cf174f) Importer(2089858483,b0f066a214c2f5e87bad3c948f4d605d)
Start importing Assets/ALP_Assets/Poplar Tree FREE/Prefabs/PoplarTree001_pr.prefab using Guid(6770e849cebefb44eaa52103c9cf174f) Importer(2089858483,b0f066a214c2f5e87bad3c948f4d605d) (ScriptedImporter) -> (artifact id: '16ec0cbaae63a99e86423a8ce43c2afa') in 0.026675 seconds
Number of updated asset objects reloaded before import = 0Number of asset objects unloaded after import = 32

========================================================================
Received Import Request.
  Time since last request: 0.000031 seconds.
  path: Assets/ALP_Assets/Poplar Tree FREE/Models/Textures/DarkBrownGround.png
  artifactKey: Guid(7f84e3a6983e7584c8dfca7f6f488397) Importer(2089858483,b0f066a214c2f5e87bad3c948f4d605d)
Start importing Assets/ALP_Assets/Poplar Tree FREE/Models/Textures/DarkBrownGround.png using Guid(7f84e3a6983e7584c8dfca7f6f488397) Importer(2089858483,b0f066a214c2f5e87bad3c948f4d605d) (ScriptedImporter) -> (artifact id: '907733aece0405fa56e3f5a520482d0b') in 0.0085962 seconds
Number of updated asset objects reloaded before import = 0Number of asset objects unloaded after import = 1

========================================================================
Received Import Request.
  Time since last request: 0.000031 seconds.
  path: Assets/ALP_Assets/Poplar Tree FREE/Models/Materials/Poplar001_Billboard_ALP.mat
  artifactKey: Guid(25e92fb83579e7b49badbd1b44ce69a3) Importer(2089858483,b0f066a214c2f5e87bad3c948f4d605d)
Start importing Assets/ALP_Assets/Poplar Tree FREE/Models/Materials/Poplar001_Billboard_ALP.mat using Guid(25e92fb83579e7b49badbd1b44ce69a3) Importer(2089858483,b0f066a214c2f5e87bad3c948f4d605d) (ScriptedImporter) -> (artifact id: '82978d8e8c54313cebf10d1ccc71f86c') in 0.0393315 seconds
Number of updated asset objects reloaded before import = 0Number of asset objects unloaded after import = 3

========================================================================
Received Import Request.
  Time since last request: 0.000041 seconds.
  path: Assets/ALP_Assets/Poplar Tree FREE/Scenes/TerrainDATA
  artifactKey: Guid(39ebc8a176ab8b946a50c8c4ef77666f) Importer(2089858483,b0f066a214c2f5e87bad3c948f4d605d)
Start importing Assets/ALP_Assets/Poplar Tree FREE/Scenes/TerrainDATA using Guid(39ebc8a176ab8b946a50c8c4ef77666f) Importer(2089858483,b0f066a214c2f5e87bad3c948f4d605d) (ScriptedImporter) -> (artifact id: '941c868fea639e58f8d6467e56460837') in 0.0050044 seconds
Number of updated asset objects reloaded before import = 0Number of asset objects unloaded after import = 1

========================================================================
Received Import Request.
  Time since last request: 116.293668 seconds.
  path: Assets/ALP_Assets/Poplar Tree FREE/Models/Textures/BranchesPoplar001_AO.png
  artifactKey: Guid(cde5cb8940f6c8049b7d9963c5c420d3) Importer(815301076,1909f56bfc062723c751e8b465ee728b)
Start importing Assets/ALP_Assets/Poplar Tree FREE/Models/Textures/BranchesPoplar001_AO.png using Guid(cde5cb8940f6c8049b7d9963c5c420d3) Importer(815301076,1909f56bfc062723c751e8b465ee728b) (PreviewImporter) -> (artifact id: '393726f37752a47a858963d75dbc1332') in 0.0913046 seconds
Number of updated asset objects reloaded before import = 0Number of asset objects unloaded after import = 2

========================================================================
Received Import Request.
  Time since last request: 0.000302 seconds.
  path: Assets/ALP_Assets/Poplar Tree FREE/Models/Textures/BranchesPoplar001_S.png
  artifactKey: Guid(4c2edc86d0c3e21418e208758a0f3f88) Importer(815301076,1909f56bfc062723c751e8b465ee728b)
Start importing Assets/ALP_Assets/Poplar Tree FREE/Models/Textures/BranchesPoplar001_S.png using Guid(4c2edc86d0c3e21418e208758a0f3f88) Importer(815301076,1909f56bfc062723c751e8b465ee728b) (PreviewImporter) -> (artifact id: 'eff37c7cef52e8e3ffd5f524c77d887d') in 0.0858526 seconds
Number of updated asset objects reloaded before import = 0Number of asset objects unloaded after import = 2

========================================================================
Received Import Request.
  Time since last request: 0.000068 seconds.
  path: Assets/ALP_Assets/Poplar Tree FREE/Models/Textures/BrownGround.png
  artifactKey: Guid(17a7fd0b308109b4ba8a22f7cbe1b68f) Importer(815301076,1909f56bfc062723c751e8b465ee728b)
Start importing Assets/ALP_Assets/Poplar Tree FREE/Models/Textures/BrownGround.png using Guid(17a7fd0b308109b4ba8a22f7cbe1b68f) Importer(815301076,1909f56bfc062723c751e8b465ee728b) (PreviewImporter) -> (artifact id: '760799299125f773609644193f8edf51') in 0.0106056 seconds
Number of updated asset objects reloaded before import = 0Number of asset objects unloaded after import = 2

========================================================================
Received Import Request.
  Time since last request: 0.000087 seconds.
  path: Assets/ALP_Assets/Poplar Tree FREE/Models/Textures/Poplar_Bark001.png
  artifactKey: Guid(e42d5f50ff117174f8da43a7785a4531) Importer(815301076,1909f56bfc062723c751e8b465ee728b)
Start importing Assets/ALP_Assets/Poplar Tree FREE/Models/Textures/Poplar_Bark001.png using Guid(e42d5f50ff117174f8da43a7785a4531) Importer(815301076,1909f56bfc062723c751e8b465ee728b) (PreviewImporter) -> (artifact id: 'ba24ef868068d50f2afce8662e4175be') in 0.1356491 seconds
Number of updated asset objects reloaded before import = 0Number of asset objects unloaded after import = 2

========================================================================
Received Import Request.
  Time since last request: 0.000094 seconds.
  path: Assets/ALP_Assets/Poplar Tree FREE/Models/Textures/Poplar_Bark001_S.png
  artifactKey: Guid(f2aeab5bcdc6d1e4393e00823f1dffd0) Importer(815301076,1909f56bfc062723c751e8b465ee728b)
Start importing Assets/ALP_Assets/Poplar Tree FREE/Models/Textures/Poplar_Bark001_S.png using Guid(f2aeab5bcdc6d1e4393e00823f1dffd0) Importer(815301076,1909f56bfc062723c751e8b465ee728b) (PreviewImporter) -> (artifact id: 'aeccb90bd2f8cfb06694fc27e6361087') in 0.0793659 seconds
Number of updated asset objects reloaded before import = 0Number of asset objects unloaded after import = 2

========================================================================
Received Import Request.
  Time since last request: 8.173470 seconds.
  path: Assets/ALP_Assets/Poplar Tree FREE/Models/Materials/Poplar001_Billboard_ALP.mat
  artifactKey: Guid(25e92fb83579e7b49badbd1b44ce69a3) Importer(2089858483,b0f066a214c2f5e87bad3c948f4d605d)
Start importing Assets/ALP_Assets/Poplar Tree FREE/Models/Materials/Poplar001_Billboard_ALP.mat using Guid(25e92fb83579e7b49badbd1b44ce69a3) Importer(2089858483,b0f066a214c2f5e87bad3c948f4d605d) (ScriptedImporter) -> (artifact id: '578dbc011c6a7a8ca0b7a53a10003741') in 0.1465027 seconds
Number of updated asset objects reloaded before import = 0Number of asset objects unloaded after import = 1

========================================================================
Received Import Request.
  Time since last request: 0.000085 seconds.
  path: Assets/ALP_Assets/Poplar Tree FREE/Models/Materials/BranchesPoplar001_ALP.mat
  artifactKey: Guid(066670baf6763f841b499709e1f5cc2f) Importer(2089858483,b0f066a214c2f5e87bad3c948f4d605d)
Start importing Assets/ALP_Assets/Poplar Tree FREE/Models/Materials/BranchesPoplar001_ALP.mat using Guid(066670baf6763f841b499709e1f5cc2f) Importer(2089858483,b0f066a214c2f5e87bad3c948f4d605d) (ScriptedImporter) -> (artifact id: '2040abc4b0598be4d9fafcee098e54fe') in 0.1202053 seconds
Number of updated asset objects reloaded before import = 0Number of asset objects unloaded after import = 3

========================================================================
Received Import Request.
  Time since last request: 14.112089 seconds.
  path: Assets/ALP_Assets/Poplar Tree FREE/Models/Materials/BarkPoplar001_ALP.mat
  artifactKey: Guid(c7d50899474f4334a8a8f85fbf655c57) Importer(815301076,1909f56bfc062723c751e8b465ee728b)
Start importing Assets/ALP_Assets/Poplar Tree FREE/Models/Materials/BarkPoplar001_ALP.mat using Guid(c7d50899474f4334a8a8f85fbf655c57) Importer(815301076,1909f56bfc062723c751e8b465ee728b) (PreviewImporter) -> (artifact id: '29359db1737923a408b84acce175416d') in 5.8273476 seconds
Number of updated asset objects reloaded before import = 0Number of asset objects unloaded after import = 4

========================================================================
Received Import Request.
  Time since last request: 237.058065 seconds.
  path: Assets/ALP_Assets/Poplar Tree FREE/TerrainLayers/DarkBrown.terrainlayer
  artifactKey: Guid(972363d45fc35ca45bed6922c777f81d) Importer(815301076,1909f56bfc062723c751e8b465ee728b)
Start importing Assets/ALP_Assets/Poplar Tree FREE/TerrainLayers/DarkBrown.terrainlayer using Guid(972363d45fc35ca45bed6922c777f81d) Importer(815301076,1909f56bfc062723c751e8b465ee728b) (PreviewImporter) -> (artifact id: 'f2d8c3d698bbd3ae52a84f53227ed91e') in 0.0376325 seconds
Number of updated asset objects reloaded before import = 0Number of asset objects unloaded after import = 2

========================================================================
Received Import Request.
  Time since last request: 0.000050 seconds.
  path: Assets/ALP_Assets/Poplar Tree FREE/TerrainLayers/Green.terrainlayer
  artifactKey: Guid(63f7d2a8f9a56924bb366f5c7cf2fae9) Importer(815301076,1909f56bfc062723c751e8b465ee728b)
Start importing Assets/ALP_Assets/Poplar Tree FREE/TerrainLayers/Green.terrainlayer using Guid(63f7d2a8f9a56924bb366f5c7cf2fae9) Importer(815301076,1909f56bfc062723c751e8b465ee728b) (PreviewImporter) -> (artifact id: '6d452196817ae72f728a154cd80a37d0') in 0.0239781 seconds
Number of updated asset objects reloaded before import = 0Number of asset objects unloaded after import = 2

